family,layer,pair_index,target_problem_id,source_problem_id,target_progress,source_progress,desired_progress_shift,desired_stage_shift,control,inferred_progress_before,inferred_progress_after,observed_progress_shift,causal_abstraction_direction_accuracy,fixed_length_eos_disabled,eos_overlap,eos_logit_change_proxy,valid_next_state_probability_proxy,downstream_kl,intervention_norm,activation_norm_before,activation_norm_after,relative_norm_change
iterative_state_machine,0,0,iterative-00000,iterative-00001,0.0,0.4,0.4,0.3289778562332537,candidate_transplant,0.032319771614320016,0.24192021619326756,0.20960044457894755,1.0,True,0.09570660809677942,-0.20977623050936212,0.7554304350097922,0.015211613635152096,0.9866829646090653,1.8975733218487518,1.6203861023346187,-0.14607457657766684
iterative_state_machine,0,0,iterative-00000,iterative-00001,0.0,0.4,0.4,0.3289778562332537,eos_orthogonal_transplant,0.032319771614320016,0.26312026066376987,0.23080048904944983,1.0,True,0.09570660809677942,4.163336342344337e-17,0.8399409824296868,0.016125615706752153,1.0158934024946407,1.8975733218487518,1.5825736107778654,-0.1660013383640908
iterative_state_machine,0,0,iterative-00000,iterative-00001,0.0,0.4,0.4,0.3289778562332537,norm_matched_random,0.032319771614320016,0.045346377931239065,0.013026606316919098,1.0,True,0.09570660809677942,0.06814181774891341,0.022170818641721306,0.015211613635152096,0.9866829646090655,1.8975733218487518,1.8149477597821757,-0.04354275068858809
iterative_state_machine,0,0,iterative-00000,iterative-00001,0.0,0.4,0.4,0.3289778562332537,random_plane_transplant,0.032319771614320016,0.01732334940179308,-0.01499642221252695,0.0,True,0.09570660809677942,-0.014029047386567253,0.016107633729080084,0.0005748621023888499,0.19181025664152163,1.8975733218487518,1.8787567059196457,-0.009916146961200746
iterative_state_machine,0,0,iterative-00000,iterative-00001,0.0,0.4,0.4,0.3289778562332537,candidate_orthogonal_patch,0.032319771614320016,0.164955798486976,0.13263602687265597,1.0,True,0.09570660809677942,0.23086780915132807,0.3108127141962778,0.014132150674868872,0.9510297803915541,1.8975733218487518,1.7166872927733414,-0.09532492209533083
iterative_state_machine,0,0,iterative-00000,iterative-00001,0.0,0.4,0.4,0.3289778562332537,radial_plus_20pct,0.032319771614320016,0.03732302256511222,0.005003250950792237,0.5,True,0.09570660809677942,0.0011348491278977083,0.018214731464745948,0.00021100737297907328,0.11620874266018323,1.8975733218487518,1.9483475133017119,0.02675743322713463
iterative_state_machine,0,0,iterative-00000,iterative-00001,0.0,0.4,0.4,0.3289778562332537,phase_rotation_-0.785,0.032319771614320016,0.10781564067225223,0.07549586905793215,1.0,True,0.09570660809677942,-0.1287042301228991,0.09754311098213418,0.0030901314332796126,0.4447116051216734,1.8975733218487518,1.7418398734120168,-0.08206979232033484
iterative_state_machine,0,0,iterative-00000,iterative-00001,0.0,0.4,0.4,0.3289778562332537,phase_rotation_-0.393,0.032319771614320016,0.07057209599276455,0.0382523243784445,1.0,True,0.09570660809677942,-0.06918671383162828,0.04085883867650229,0.0008030989937417685,0.22671201026737242,1.8975733218487518,1.8202458272702364,-0.040750728147451724
iterative_state_machine,0,0,iterative-00000,iterative-00001,0.0,0.4,0.4,0.3289778562332537,phase_rotation_+0.393,0.032319771614320016,0.9924634294980618,-0.039856342116258325,0.0,True,0.09570660809677942,0.06832286137017542,0.016107633729080074,0.0008030989937417687,0.22671201026737245,1.8975733218487518,1.9628314683882455,0.034390316193903134
iterative_state_machine,0,0,iterative-00000,iterative-00001,0.0,0.4,0.4,0.3289778562332537,phase_rotation_+0.785,0.032319771614320016,0.9511796294451732,-0.08114014216914667,0.0,True,0.09570660809677942,0.12538033398350265,0.016107633729080074,0.003090131433279613,0.44471160512167346,1.8975733218487518,2.007662940890776,0.0580160027412099
iterative_state_machine,0,1,iterative-00000,iterative-00001,0.0,0.4,0.4,0.39464328842703567,candidate_transplant,0.032319771614320016,0.2840690130275377,0.25174924141321764,1.0,True,0.09570660809677942,-0.16643823707026087,0.7958718065360446,0.016155714135338946,1.0168410419833045,1.8975733218487518,1.6248105950944784,-0.14374291818591148
iterative_state_machine,0,1,iterative-00000,iterative-00001,0.0,0.4,0.4,0.39464328842703567,eos_orthogonal_transplant,0.032319771614320016,0.316047498987862,0.2837277273735419,1.0,True,0.09570660809677942,2.7755575615628914e-17,0.8966136467527588,0.016893698026237775,1.0398060750347717,1.8975733218487518,1.5911445581228838,-0.16148454460106088
iterative_state_machine,0,1,iterative-00000,iterative-00001,0.0,0.4,0.4,0.39464328842703567,norm_matched_random,0.032319771614320016,0.10128742103482642,0.06896764942050637,1.0,True,0.09570660809677942,-0.12069111877384238,0.03883404140895097,0.016155714135338943,1.0168410419833045,1.8975733218487518,2.056697362903269,0.08385659685576057
iterative_state_machine,0,1,iterative-00000,iterative-00001,0.0,0.4,0.4,0.39464328842703567,random_plane_transplant,0.032319771614320016,0.0808147808576672,0.048495009243347154,1.0,True,0.09570660809677942,0.011872975606099519,0.023645200835301278,0.006287672369291656,0.6343587562528524,1.8975733218487518,1.7391292253677453,-0.08349827364069334
iterative_state_machine,0,1,iterative-00000,iterative-00001,0.0,0.4,0.4,0.39464328842703567,candidate_orthogonal_patch,0.032319771614320016,0.1895679093265092,0.15724813771218915,1.0,True,0.09570660809677942,0.21095710168371745,0.2685802684366422,0.01681709280652574,1.037445873102615,1.8975733218487518,1.7508924542150188,-0.07729918309076247
iterative_state_machine,0,1,iterative-00000,iterative-00001,0.0,0.4,0.4,0.39464328842703567,radial_plus_20pct,0.032319771614320016,0.03732302256511222,0.005003250950792237,0.5,True,0.09570660809677942,0.0011348491278977083,0.008098380447715166,0.00021100737297907328,0.11620874266018323,1.8975733218487518,1.9483475133017119,0.02675743322713463
iterative_state_machine,0,1,iterative-00000,iterative-00001,0.0,0.4,0.4,0.39464328842703567,phase_rotation_-0.785,0.032319771614320016,0.10781564067225223,0.07549586905793215,1.0,True,0.09570660809677942,-0.1287042301228991,0.045405891006639956,0.0030901314332796126,0.4447116051216734,1.8975733218487518,1.7418398734120168,-0.08206979232033484
iterative_state_machine,0,1,iterative-00000,iterative-00001,0.0,0.4,0.4,0.39464328842703567,phase_rotation_-0.393,0.032319771614320016,0.07057209599276455,0.0382523243784445,1.0,True,0.09570660809677942,-0.06918671383162828,0.018401810437990624,0.0008030989937417685,0.22671201026737242,1.8975733218487518,1.8202458272702364,-0.040750728147451724
iterative_state_machine,0,1,iterative-00000,iterative-00001,0.0,0.4,0.4,0.39464328842703567,phase_rotation_+0.393,0.032319771614320016,0.9924634294980618,-0.039856342116258325,0.0,True,0.09570660809677942,0.06832286137017542,0.007153025702720191,0.0008030989937417687,0.22671201026737245,1.8975733218487518,1.9628314683882455,0.034390316193903134
iterative_state_machine,0,1,iterative-00000,iterative-00001,0.0,0.4,0.4,0.39464328842703567,phase_rotation_+0.785,0.032319771614320016,0.9511796294451732,-0.08114014216914667,0.0,True,0.09570660809677942,0.12538033398350265,0.007153025702720167,0.003090131433279613,0.44471160512167346,1.8975733218487518,2.007662940890776,0.0580160027412099
iterative_state_machine,0,2,iterative-00000,iterative-00001,0.0,0.4,0.4,0.3739250168710273,candidate_transplant,0.032319771614320016,0.2885703205906771,0.25625054897635713,1.0,True,0.09570660809677942,-0.19809747945194883,0.8496937375440151,0.01787651040553203,1.0696245443865104,1.8975733218487518,1.621817943827856,-0.1453200120626882
iterative_state_machine,0,2,iterative-00000,iterative-00001,0.0,0.4,0.4,0.3739250168710273,eos_orthogonal_transplant,0.032319771614320016,0.3158836117803701,0.2835638401660501,1.0,True,0.09570660809677942,8.326672684688674e-17,0.9179665072370745,0.018998980909801233,1.102694326741223,1.8975733218487518,1.5849083743778634,-0.16477094395818545
iterative_state_machine,0,2,iterative-00000,iterative-00001,0.0,0.4,0.4,0.3739250168710273,norm_matched_random,0.032319771614320016,0.03759609985335387,0.005276328239033901,0.5,True,0.09570660809677942,0.08741466837470352,0.010538198993663631,0.017876510405532037,1.0696245443865104,1.8975733218487518,1.8759596651224963,-0.011390156299835575
iterative_state_machine,0,2,iterative-00000,iterative-00001,0.0,0.4,0.4,0.3739250168710273,random_plane_transplant,0.032319771614320016,0.03503195890061849,0.0027121872862985175,0.5,True,0.09570660809677942,-0.002484003592902616,0.009890331703165268,0.001137148106252021,0.2697730134763841,1.8975733218487518,1.8892789719400558,-0.004371029995623617
iterative_state_machine,0,2,iterative-00000,iterative-00001,0.0,0.4,0.4,0.3739250168710273,candidate_orthogonal_patch,0.032319771614320016,0.2249670275991105,0.1926472559847905,1.0,True,0.09570660809677942,0.2620280130119836,0.5354699911862334,0.020856437937412493,1.1553406545233313,1.8975733218487518,1.7642912728178983,-0.07023815496151715
iterative_state_machine,0,2,iterative-00000,iterative-00001,0.0,0.4,0.4,0.3739250168710273,radial_plus_20pct,0.032319771614320016,0.03732302256511222,0.005003250950792237,0.5,True,0.09570660809677942,0.0011348491278977083,0.010467250929329987,0.00021100737297907328,0.11620874266018323,1.8975733218487518,1.9483475133017119,0.02675743322713463
iterative_state_machine,0,2,iterative-00000,iterative-00001,0.0,0.4,0.4,0.3739250168710273,phase_rotation_-0.785,0.032319771614320016,0.10781564067225223,0.07549586905793215,1.0,True,0.09570660809677942,-0.1287042301228991,0.058048988535503644,0.0030901314332796126,0.4447116051216734,1.8975733218487518,1.7418398734120168,-0.08206979232033484
iterative_state_machine,0,2,iterative-00000,iterative-00001,0.0,0.4,0.4,0.3739250168710273,phase_rotation_-0.393,0.032319771614320016,0.07057209599276455,0.0382523243784445,1.0,True,0.09570660809677942,-0.06918671383162828,0.023712504074907007,0.0008030989937417685,0.22671201026737242,1.8975733218487518,1.8202458272702364,-0.040750728147451724
iterative_state_machine,0,2,iterative-00000,iterative-00001,0.0,0.4,0.4,0.3739250168710273,phase_rotation_+0.393,0.032319771614320016,0.9924634294980618,-0.039856342116258325,0.0,True,0.09570660809677942,0.06832286137017542,0.009247947113644864,0.0008030989937417687,0.22671201026737245,1.8975733218487518,1.9628314683882455,0.034390316193903134
iterative_state_machine,0,2,iterative-00000,iterative-00001,0.0,0.4,0.4,0.3739250168710273,phase_rotation_+0.785,0.032319771614320016,0.9511796294451732,-0.08114014216914667,0.0,True,0.09570660809677942,0.12538033398350265,0.00924794711364484,0.003090131433279613,0.44471160512167346,1.8975733218487518,2.007662940890776,0.0580160027412099
iterative_state_machine,0,3,iterative-00000,iterative-00001,0.0,0.4,0.4,0.3533768610702146,candidate_transplant,0.032319771614320016,0.2497191247663736,0.2173993531520536,1.0,True,0.09570660809677942,-0.21461937851282264,0.7345385926842994,0.015975790784398442,1.0111629988293185,1.8975733218487518,1.620494375449321,-0.1460175178524752
iterative_state_machine,0,3,iterative-00000,iterative-00001,0.0,0.4,0.4,0.3533768610702146,eos_orthogonal_transplant,0.032319771614320016,0.26840516994381514,0.23608539832949516,1.0,True,0.09570660809677942,0.0,0.8153151994164716,0.01632134516445394,1.0220401609159262,1.8975733218487518,1.582167607988259,-0.16621529731098983
iterative_state_machine,0,3,iterative-00000,iterative-00001,0.0,0.4,0.4,0.3533768610702146,norm_matched_random,0.032319771614320016,0.06460295715924876,0.032283185544928705,1.0,True,0.09570660809677942,0.10378756455177877,0.026335957066391476,0.015975790784398446,1.0111629988293185,1.8975733218487518,2.0357936987425034,0.07284059872800454
iterative_state_machine,0,3,iterative-00000,iterative-00001,0.0,0.4,0.4,0.3533768610702146,random_plane_transplant,0.032319771614320016,0.04911722320699571,0.01679745159267565,1.0,True,0.09570660809677942,-0.07467407256248115,0.018034413431914417,0.0017187129726273054,0.3316589064809621,1.8975733218487518,1.8364427597373294,-0.032215125185183706
iterative_state_machine,0,3,iterative-00000,iterative-00001,0.0,0.4,0.4,0.3533768610702146,candidate_orthogonal_patch,0.032319771614320016,0.20587335696813763,0.1735535853538176,1.0,True,0.09570660809677942,0.15305614460017947,0.48041723975589057,0.01743130601176831,1.0562213710928083,1.8975733218487518,1.6452235786495917,-0.1329855032707263
iterative_state_machine,0,3,iterative-00000,iterative-00001,0.0,0.4,0.4,0.3533768610702146,radial_plus_20pct,0.032319771614320016,0.03732302256511222,0.005003250950792237,0.5,True,0.09570660809677942,0.0011348491278977083,0.013491268345457417,0.00021100737297907328,0.11620874266018323,1.8975733218487518,1.9483475133017119,0.02675743322713463
iterative_state_machine,0,3,iterative-00000,iterative-00001,0.0,0.4,0.4,0.3533768610702146,phase_rotation_-0.785,0.032319771614320016,0.10781564067225223,0.07549586905793215,1.0,True,0.09570660809677942,-0.1287042301228991,0.0737943559383372,0.0030901314332796126,0.4447116051216734,1.8975733218487518,1.7418398734120168,-0.08206979232033484
iterative_state_machine,0,3,iterative-00000,iterative-00001,0.0,0.4,0.4,0.3533768610702146,phase_rotation_-0.393,0.032319771614320016,0.07057209599276455,0.0382523243784445,1.0,True,0.09570660809677942,-0.06918671383162828,0.030445377018376334,0.0008030989937417685,0.22671201026737242,1.8975733218487518,1.8202458272702364,-0.040750728147451724
iterative_state_machine,0,3,iterative-00000,iterative-00001,0.0,0.4,0.4,0.3533768610702146,phase_rotation_+0.393,0.032319771614320016,0.9924634294980618,-0.039856342116258325,0.0,True,0.09570660809677942,0.06832286137017542,0.011923949087016479,0.0008030989937417687,0.22671201026737245,1.8975733218487518,1.9628314683882455,0.034390316193903134
iterative_state_machine,0,3,iterative-00000,iterative-00001,0.0,0.4,0.4,0.3533768610702146,phase_rotation_+0.785,0.032319771614320016,0.9511796294451732,-0.08114014216914667,0.0,True,0.09570660809677942,0.12538033398350265,0.011923949087016451,0.003090131433279613,0.44471160512167346,1.8975733218487518,2.007662940890776,0.0580160027412099
iterative_state_machine,0,4,iterative-00000,iterative-00001,0.0,0.4,0.4,0.361511989207436,candidate_transplant,0.032319771614320016,0.24659923585580207,0.21427946424148203,1.0,True,0.09570660809677942,-0.18351108592271764,0.6980621085887324,0.01474641861184783,0.9714786622248897,1.8975733218487518,1.6195029371182137,-0.146539994807485
iterative_state_machine,0,4,iterative-00000,iterative-00001,0.0,0.4,0.4,0.361511989207436,eos_orthogonal_transplant,0.032319771614320016,0.27129919690094706,0.23897942528662708,1.0,True,0.09570660809677942,4.163336342344337e-17,0.8108566007456821,0.015465061524667454,0.9948688042042112,1.8975733218487518,1.5843806292413354,-0.16504905976559667
iterative_state_machine,0,4,iterative-00000,iterative-00001,0.0,0.4,0.4,0.361511989207436,norm_matched_random,0.032319771614320016,0.05635878072763299,0.024039009113313026,1.0,True,0.09570660809677942,-0.01555797319548774,0.019494714909668812,0.014746418611847832,0.9714786622248897,1.8975733218487518,1.9435998248433903,0.024255454302970592
iterative_state_machine,0,4,iterative-00000,iterative-00001,0.0,0.4,0.4,0.361511989207436,random_plane_transplant,0.032319771614320016,0.09199303299906271,0.059673261384742715,1.0,True,0.09570660809677942,-0.008938752117855574,0.04621788850519271,0.005135851429584219,0.5733188392974627,1.8975733218487518,1.764678759315659,-0.07003395389413329
iterative_state_machine,0,4,iterative-00000,iterative-00001,0.0,0.4,0.4,0.361511989207436,candidate_orthogonal_patch,0.032319771614320016,0.18854685991106945,0.15622708829674947,1.0,True,0.09570660809677942,0.2049565572602473,0.35132441708840983,0.017003647130984765,1.0431842677029908,1.8975733218487518,1.6217530620968843,-0.14535420401207141
iterative_state_machine,0,4,iterative-00000,iterative-00001,0.0,0.4,0.4,0.361511989207436,radial_plus_20pct,0.032319771614320016,0.03732302256511222,0.005003250950792237,0.5,True,0.09570660809677942,0.0011348491278977083,0.012202720307091419,0.00021100737297907328,0.11620874266018323,1.8975733218487518,1.9483475133017119,0.02675743322713463
iterative_state_machine,0,4,iterative-00000,iterative-00001,0.0,0.4,0.4,0.361511989207436,phase_rotation_-0.785,0.032319771614320016,0.10781564067225223,0.07549586905793215,1.0,True,0.09570660809677942,-0.1287042301228991,0.06713824668240909,0.0030901314332796126,0.4447116051216734,1.8975733218487518,1.7418398734120168,-0.08206979232033484
iterative_state_machine,0,4,iterative-00000,iterative-00001,0.0,0.4,0.4,0.361511989207436,phase_rotation_-0.393,0.032319771614320016,0.07057209599276455,0.0382523243784445,1.0,True,0.09570660809677942,-0.06918671383162828,0.027582821049721297,0.0008030989937417685,0.22671201026737242,1.8975733218487518,1.8202458272702364,-0.040750728147451724
iterative_state_machine,0,4,iterative-00000,iterative-00001,0.0,0.4,0.4,0.361511989207436,phase_rotation_+0.393,0.032319771614320016,0.9924634294980618,-0.039856342116258325,0.0,True,0.09570660809677942,0.06832286137017542,0.010783459064110929,0.0008030989937417687,0.22671201026737245,1.8975733218487518,1.9628314683882455,0.034390316193903134
iterative_state_machine,0,4,iterative-00000,iterative-00001,0.0,0.4,0.4,0.361511989207436,phase_rotation_+0.785,0.032319771614320016,0.9511796294451732,-0.08114014216914667,0.0,True,0.09570660809677942,0.12538033398350265,0.01078345906411089,0.003090131433279613,0.44471160512167346,1.8975733218487518,2.007662940890776,0.0580160027412099
iterative_state_machine,0,5,iterative-00000,iterative-00001,0.0,0.4,0.4,0.38187157606441724,candidate_transplant,0.032319771614320016,0.2708165548075085,0.23849678319318846,1.0,True,0.09570660809677942,-0.1875050994723988,0.7665666192574795,0.016314452954735586,1.021824343565506,1.8975733218487518,1.6203552827356227,-0.14609081816298064
iterative_state_machine,0,5,iterative-00000,iterative-00001,0.0,0.4,0.4,0.38187157606441724,eos_orthogonal_transplant,0.032319771614320016,0.29833849511882293,0.26601872350450284,1.0,True,0.09570660809677942,2.7755575615628914e-17,0.8672746078334241,0.01719111153622271,1.0489190332519729,1.8975733218487518,1.584520850361011,-0.1649751647977126
iterative_state_machine,0,5,iterative-00000,iterative-00001,0.0,0.4,0.4,0.38187157606441724,norm_matched_random,0.032319771614320016,0.02347076175645329,-0.008849009857866741,0.5,True,0.09570660809677942,-0.21598622806204804,0.008380809029292184,0.016314452954735582,1.021824343565506,1.8975733218487518,2.067170341192334,0.08937573973602692
iterative_state_machine,0,5,iterative-00000,iterative-00001,0.0,0.4,0.4,0.38187157606441724,random_plane_transplant,0.032319771614320016,0.030170495312602432,-0.002149276301717573,0.5,True,0.09570660809677942,0.024576587353267017,0.008380809029292174,0.0008112142751199002,0.22785458873517034,1.8975733218487518,1.9001247617671955,0.00134458041176393
iterative_state_machine,0,5,iterative-00000,iterative-00001,0.0,0.4,0.4,0.38187157606441724,candidate_orthogonal_patch,0.032319771614320016,0.16724787607222566,0.1349281044579056,1.0,True,0.09570660809677942,0.2286146845471717,0.19778563153074144,0.015796753446243636,1.0054810891108756,1.8975733218487518,1.6322218785165168,-0.1398372543906291
iterative_state_machine,0,5,iterative-00000,iterative-00001,0.0,0.4,0.4,0.38187157606441724,radial_plus_20pct,0.032319771614320016,0.03732302256511222,0.005003250950792237,0.5,True,0.09570660809677942,0.0011348491278977083,0.009486878998369015,0.00021100737297907328,0.11620874266018323,1.8975733218487518,1.9483475133017119,0.02675743322713463
iterative_state_machine,0,5,iterative-00000,iterative-00001,0.0,0.4,0.4,0.38187157606441724,phase_rotation_-0.785,0.032319771614320016,0.10781564067225223,0.07549586905793215,1.0,True,0.09570660809677942,-0.1287042301228991,0.05285008954687636,0.0030901314332796126,0.4447116051216734,1.8975733218487518,1.7418398734120168,-0.08206979232033484
iterative_state_machine,0,5,iterative-00000,iterative-00001,0.0,0.4,0.4,0.38187157606441724,phase_rotation_-0.393,0.032319771614320016,0.07057209599276455,0.0382523243784445,1.0,True,0.09570660809677942,-0.06918671383162828,0.021518547555094976,0.0008030989937417685,0.22671201026737242,1.8975733218487518,1.8202458272702364,-0.040750728147451724
iterative_state_machine,0,5,iterative-00000,iterative-00001,0.0,0.4,0.4,0.38187157606441724,phase_rotation_+0.393,0.032319771614320016,0.9924634294980618,-0.039856342116258325,0.0,True,0.09570660809677942,0.06832286137017542,0.008380809029292195,0.0008030989937417687,0.22671201026737245,1.8975733218487518,1.9628314683882455,0.034390316193903134
iterative_state_machine,0,5,iterative-00000,iterative-00001,0.0,0.4,0.4,0.38187157606441724,phase_rotation_+0.785,0.032319771614320016,0.9511796294451732,-0.08114014216914667,0.0,True,0.09570660809677942,0.12538033398350265,0.008380809029292172,0.003090131433279613,0.44471160512167346,1.8975733218487518,2.007662940890776,0.0580160027412099
iterative_state_machine,1,0,iterative-00000,iterative-00001,0.0,0.4,0.4,0.3288792508613796,candidate_transplant,0.04391184071371667,0.1571725426089497,0.11326070189523296,1.0,True,0.3035447544016167,-0.7089161648151465,0.21763992893922615,0.02589569811282988,1.2873712282092964,2.285141784015966,2.1533558898491054,-0.05767077346739357
iterative_state_machine,1,0,iterative-00000,iterative-00001,0.0,0.4,0.4,0.3288792508613796,eos_orthogonal_transplant,0.04391184071371667,0.1627309093455201,0.11881906863180336,1.0,True,0.3035447544016167,5.551115123125783e-17,0.24222601716655023,0.027512713490805578,1.3269565416439066,2.285141784015966,2.1327979287231025,-0.06666713477407532
iterative_state_machine,1,0,iterative-00000,iterative-00001,0.0,0.4,0.4,0.3288792508613796,norm_matched_random,0.04391184071371667,0.922866848908568,-0.1210449918051486,0.0,True,0.3035447544016167,-0.13232238665147317,0.016127179327582123,0.02589569811282988,1.2873712282092964,2.285141784015966,2.163119500517724,-0.053398123631434626
iterative_state_machine,1,0,iterative-00000,iterative-00001,0.0,0.4,0.4,0.3288792508613796,random_plane_transplant,0.04391184071371667,0.07539066987585549,0.031478829162138844,1.0,True,0.3035447544016167,-0.09142280637022646,0.03475629500331196,0.005911323473215898,0.6150810534277719,2.285141784015966,2.3286998223990913,0.019061416095843102
iterative_state_machine,1,0,iterative-00000,iterative-00001,0.0,0.4,0.4,0.3288792508613796,candidate_orthogonal_patch,0.04391184071371667,0.27696255602399555,0.23305071531027888,1.0,True,0.3035447544016167,0.38247931393947227,0.8475195152710482,0.041759848260208954,1.6348181209704562,2.285141784015966,2.117265673974443,-0.07346419868376525
iterative_state_machine,1,0,iterative-00000,iterative-00001,0.0,0.4,0.4,0.3288792508613796,radial_plus_20pct,0.04391184071371667,0.04703052104312036,0.003118680329403656,0.5,True,0.3035447544016167,0.06210354514822059,0.017412113875665592,0.00036970080142420737,0.15382084153699482,2.285141784015966,2.361624293188792,0.033469480847010624
iterative_state_machine,1,0,iterative-00000,iterative-00001,0.0,0.4,0.4,0.3288792508613796,phase_rotation_-0.785,0.04391184071371667,0.09807066866274114,0.05415882794902449,1.0,True,0.3035447544016167,-0.29482585758064855,0.05969141267357218,0.005414142886385807,0.5886468760884506,2.285141784015966,2.218351869097406,-0.02922790847628795
iterative_state_machine,1,0,iterative-00000,iterative-00001,0.0,0.4,0.4,0.3288792508613796,phase_rotation_-0.393,0.04391184071371667,0.07247594580550379,0.028564105091787084,1.0,True,0.3035447544016167,-0.1339743656912122,0.03239286379807367,0.0014070898917771558,0.300089575083404,2.285141784015966,2.2579362929430475,-0.011905384279966487
iterative_state_machine,1,0,iterative-00000,iterative-00001,0.0,0.4,0.4,0.3288792508613796,phase_rotation_+0.393,0.04391184071371667,0.013848440104507828,-0.030063400609208868,0.0,True,0.3035447544016167,0.08670085679701935,0.016127179327582137,0.0014070898917771554,0.300089575083404,2.285141784015966,2.2963141232670408,0.004889122998504023
iterative_state_machine,1,0,iterative-00000,iterative-00001,0.0,0.4,0.4,0.3288792508613796,phase_rotation_+0.785,0.04391184071371667,0.9839114209217202,-0.06000041979199633,0.0,True,0.3035447544016167,0.11292878519763916,0.016127179327582127,0.0054141428863858105,0.5886468760884508,2.285141784015966,2.289987009016551,0.0021203170124832003
iterative_state_machine,1,1,iterative-00000,iterative-00001,0.0,0.4,0.4,0.3570984179208073,candidate_transplant,0.04391184071371667,0.1552948981335693,0.11138305741985266,1.0,True,0.3035447544016167,-0.7352586957388743,0.15720755375089385,0.027971629345487976,1.33797768221717,2.285141784015966,2.124474694053042,-0.07030946223413914
iterative_state_machine,1,1,iterative-00000,iterative-00001,0.0,0.4,0.4,0.3570984179208073,eos_orthogonal_transplant,0.04391184071371667,0.17745385269640418,0.13354201198268756,1.0,True,0.3035447544016167,1.3877787807814457e-16,0.24505172533576558,0.03343133578364449,1.4627390369280664,2.285141784015966,2.122908506129578,-0.07099484111715593
iterative_state_machine,1,1,iterative-00000,iterative-00001,0.0,0.4,0.4,0.3570984179208073,norm_matched_random,0.04391184071371667,0.10591536659482882,0.06200352588111213,1.0,True,0.3035447544016167,-0.3539473474831737,0.051483291979107434,0.02797162934548797,1.3379776822171698,2.285141784015966,2.4613071749683586,0.07709166765258448
iterative_state_machine,1,1,iterative-00000,iterative-00001,0.0,0.4,0.4,0.3570984179208073,random_plane_transplant,0.04391184071371667,0.0466666558557566,0.0027548151420399014,0.5,True,0.3035447544016167,-0.17522407126343664,0.012190175596343516,0.004468404505042996,0.5347690046391542,2.285141784015966,2.1828205378237837,-0.0447767604215613
iterative_state_machine,1,1,iterative-00000,iterative-00001,0.0,0.4,0.4,0.3570984179208073,candidate_orthogonal_patch,0.04391184071371667,0.31107658074756855,0.26716474003385193,1.0,True,0.3035447544016167,0.5238980791285455,0.9016228972095,0.04599743051250324,1.7157609253040493,2.285141784015966,2.0661188837330107,-0.09584652550444321
iterative_state_machine,1,1,iterative-00000,iterative-00001,0.0,0.4,0.4,0.3570984179208073,radial_plus_20pct,0.04391184071371667,0.04703052104312036,0.003118680329403656,0.5,True,0.3035447544016167,0.06210354514822059,0.012300200816888129,0.00036970080142420737,0.15382084153699482,2.285141784015966,2.361624293188792,0.033469480847010624
iterative_state_machine,1,1,iterative-00000,iterative-00001,0.0,0.4,0.4,0.3570984179208073,phase_rotation_-0.785,0.04391184071371667,0.09807066866274114,0.05415882794902449,1.0,True,0.3035447544016167,-0.29482585758064855,0.04270647437642946,0.005414142886385807,0.5886468760884506,2.285141784015966,2.218351869097406,-0.02922790847628795
iterative_state_machine,1,1,iterative-00000,iterative-00001,0.0,0.4,0.4,0.3570984179208073,phase_rotation_-0.393,0.04391184071371667,0.07247594580550379,0.028564105091787084,1.0,True,0.3035447544016167,-0.1339743656912122,0.0229857316295082,0.0014070898917771558,0.300089575083404,2.285141784015966,2.2579362929430475,-0.011905384279966487
iterative_state_machine,1,1,iterative-00000,iterative-00001,0.0,0.4,0.4,0.3570984179208073,phase_rotation_+0.393,0.04391184071371667,0.013848440104507828,-0.030063400609208868,0.0,True,0.3035447544016167,0.08670085679701935,0.011388129986415016,0.0014070898917771554,0.300089575083404,2.285141784015966,2.2963141232670408,0.004889122998504023
iterative_state_machine,1,1,iterative-00000,iterative-00001,0.0,0.4,0.4,0.3570984179208073,phase_rotation_+0.785,0.04391184071371667,0.9839114209217202,-0.06000041979199633,0.0,True,0.3035447544016167,0.11292878519763916,0.011388129986414999,0.0054141428863858105,0.5886468760884508,2.285141784015966,2.289987009016551,0.0021203170124832003
iterative_state_machine,1,2,iterative-00000,iterative-00001,0.0,0.4,0.4,0.3545401969661395,candidate_transplant,0.04391184071371667,0.15367272233534013,0.10976088162162345,1.0,True,0.3035447544016167,-0.6911789786632969,0.1560745450027497,0.02462611281184549,1.2554167515044998,2.285141784015966,2.1496471767861007,-0.059293741936547774
iterative_state_machine,1,2,iterative-00000,iterative-00001,0.0,0.4,0.4,0.3545401969661395,eos_orthogonal_transplant,0.04391184071371667,0.17851012343337927,0.13459828271966257,1.0,True,0.3035447544016167,9.71445146547012e-17,0.256012989150188,0.031756548748708376,1.4256293767727068,2.285141784015966,2.1549358681654542,-0.056979359775954204
iterative_state_machine,1,2,iterative-00000,iterative-00001,0.0,0.4,0.4,0.3545401969661395,norm_matched_random,0.04391184071371667,0.041385033804872066,-0.0025268069088446032,0.5,True,0.3035447544016167,-0.059660529239105684,0.011753832551158323,0.024626112811845482,1.2554167515044998,2.285141784015966,2.5896570843672126,0.1332588211730495
iterative_state_machine,1,2,iterative-00000,iterative-00001,0.0,0.4,0.4,0.3545401969661395,random_plane_transplant,0.04391184071371667,0.04145840147446926,-0.0024534392392474014,0.5,True,0.3035447544016167,0.03170546678858224,0.01175383255115833,0.001853749592552421,0.34444153919548515,2.285141784015966,2.3200201605334843,0.01526311267050674
iterative_state_machine,1,2,iterative-00000,iterative-00001,0.0,0.4,0.4,0.3545401969661395,candidate_orthogonal_patch,0.04391184071371667,0.3433956687741632,0.2994838280604466,1.0,True,0.3035447544016167,0.5724076548777488,0.9550126496609405,0.05162307325217765,1.8176569225624977,2.285141784015966,2.1491037676865004,-0.05953154297952961
iterative_state_machine,1,2,iterative-00000,iterative-00001,0.0,0.4,0.4,0.3545401969661395,radial_plus_20pct,0.04391184071371667,0.04703052104312036,0.003118680329403656,0.5,True,0.3035447544016167,0.06210354514822059,0.012694816254298896,0.00036970080142420737,0.15382084153699482,2.285141784015966,2.361624293188792,0.033469480847010624
iterative_state_machine,1,2,iterative-00000,iterative-00001,0.0,0.4,0.4,0.3545401969661395,phase_rotation_-0.785,0.04391184071371667,0.09807066866274114,0.05415882794902449,1.0,True,0.3035447544016167,-0.29482585758064855,0.04403309586802099,0.005414142886385807,0.5886468760884506,2.285141784015966,2.218351869097406,-0.02922790847628795
iterative_state_machine,1,2,iterative-00000,iterative-00001,0.0,0.4,0.4,0.3545401969661395,phase_rotation_-0.393,0.04391184071371667,0.07247594580550379,0.028564105091787084,1.0,True,0.3035447544016167,-0.1339743656912122,0.023714929566935522,0.0014070898917771558,0.300089575083404,2.285141784015966,2.2579362929430475,-0.011905384279966487
iterative_state_machine,1,2,iterative-00000,iterative-00001,0.0,0.4,0.4,0.3545401969661395,phase_rotation_+0.393,0.04391184071371667,0.013848440104507828,-0.030063400609208868,0.0,True,0.3035447544016167,0.08670085679701935,0.011753832551158328,0.0014070898917771554,0.300089575083404,2.285141784015966,2.2963141232670408,0.004889122998504023
iterative_state_machine,1,2,iterative-00000,iterative-00001,0.0,0.4,0.4,0.3545401969661395,phase_rotation_+0.785,0.04391184071371667,0.9839114209217202,-0.06000041979199633,0.0,True,0.3035447544016167,0.11292878519763916,0.011753832551158328,0.0054141428863858105,0.5886468760884508,2.285141784015966,2.289987009016551,0.0021203170124832003
iterative_state_machine,1,3,iterative-00000,iterative-00001,0.0,0.4,0.4,0.347829951799724,candidate_transplant,0.04391184071371667,0.15402294439642297,0.11011110368270627,1.0,True,0.3035447544016167,-0.6946894767807145,0.16866801999047862,0.02486666186104037,1.2615333365022834,2.285141784015966,2.148482651621788,-0.059803349337041796
iterative_state_machine,1,3,iterative-00000,iterative-00001,0.0,0.4,0.4,0.347829951799724,eos_orthogonal_transplant,0.04391184071371667,0.1695472188016328,0.12563537808791614,1.0,True,0.3035447544016167,4.163336342344337e-17,0.2302340787281234,0.029380725622375314,1.3712645404268353,2.285141784015966,2.141060644692329,-0.06305129087895156
iterative_state_machine,1,3,iterative-00000,iterative-00001,0.0,0.4,0.4,0.347829951799724,norm_matched_random,0.04391184071371667,0.9934147029858018,-0.050497137727914865,0.0,True,0.3035447544016167,-0.26994567468250885,0.012769117219047737,0.024866661861040373,1.2615333365022834,2.285141784015966,2.4560358886076226,0.07478490209536284
iterative_state_machine,1,3,iterative-00000,iterative-00001,0.0,0.4,0.4,0.347829951799724,random_plane_transplant,0.04391184071371667,0.03799129496839424,-0.005920545745322414,0.5,True,0.3035447544016167,-0.13198726398098823,0.012769117219047723,0.006689228016155743,0.6543016070849647,2.285141784015966,2.262428756673537,-0.009939438988556894
iterative_state_machine,1,3,iterative-00000,iterative-00001,0.0,0.4,0.4,0.347829951799724,candidate_orthogonal_patch,0.04391184071371667,0.3229520084522677,0.279040167738551,1.0,True,0.3035447544016167,0.4823073690150221,0.9326501697440875,0.049939974045159694,1.7877802826103157,2.285141784015966,2.0942235843222172,-0.08354763850067286
iterative_state_machine,1,3,iterative-00000,iterative-00001,0.0,0.4,0.4,0.347829951799724,radial_plus_20pct,0.04391184071371667,0.04703052104312036,0.003118680329403656,0.5,True,0.3035447544016167,0.06210354514822059,0.01379024796260694,0.00036970080142420737,0.15382084153699482,2.285141784015966,2.361624293188792,0.033469480847010624
iterative_state_machine,1,3,iterative-00000,iterative-00001,0.0,0.4,0.4,0.347829951799724,phase_rotation_-0.785,0.04391184071371667,0.09807066866274114,0.05415882794902449,1.0,True,0.3035447544016167,-0.29482585758064855,0.04770204481381981,0.005414142886385807,0.5886468760884506,2.285141784015966,2.218351869097406,-0.02922790847628795
iterative_state_machine,1,3,iterative-00000,iterative-00001,0.0,0.4,0.4,0.347829951799724,phase_rotation_-0.393,0.04391184071371667,0.07247594580550379,0.028564105091787084,1.0,True,0.3035447544016167,-0.1339743656912122,0.02573649530981687,0.0014070898917771558,0.300089575083404,2.285141784015966,2.2579362929430475,-0.011905384279966487
iterative_state_machine,1,3,iterative-00000,iterative-00001,0.0,0.4,0.4,0.347829951799724,phase_rotation_+0.393,0.04391184071371667,0.013848440104507828,-0.030063400609208868,0.0,True,0.3035447544016167,0.08670085679701935,0.012769117219047712,0.0014070898917771554,0.300089575083404,2.285141784015966,2.2963141232670408,0.004889122998504023
iterative_state_machine,1,3,iterative-00000,iterative-00001,0.0,0.4,0.4,0.347829951799724,phase_rotation_+0.785,0.04391184071371667,0.9839114209217202,-0.06000041979199633,0.0,True,0.3035447544016167,0.11292878519763916,0.012769117219047705,0.0054141428863858105,0.5886468760884508,2.285141784015966,2.289987009016551,0.0021203170124832003
iterative_state_machine,1,4,iterative-00000,iterative-00001,0.0,0.4,0.4,0.3622155858706906,candidate_transplant,0.04391184071371667,0.1614200916360153,0.11750825092229866,1.0,True,0.3035447544016167,-0.7401776483810968,0.16938550782899015,0.028203203962628903,1.3435047650113674,2.285141784015966,2.149063731920093,-0.05954906301556741
iterative_state_machine,1,4,iterative-00000,iterative-00001,0.0,0.4,0.4,0.3622155858706906,eos_orthogonal_transplant,0.04391184071371667,0.18100783707467935,0.1370959963609627,1.0,True,0.3035447544016167,6.938893903907228e-17,0.24968464041529137,0.033108314932266625,1.4556552324177123,2.285141784015966,2.144688363083367,-0.06146376645643517
iterative_state_machine,1,4,iterative-00000,iterative-00001,0.0,0.4,0.4,0.3622155858706906,norm_matched_random,0.04391184071371667,0.0031635348250245014,-0.04074830588869216,0.0,True,0.3035447544016167,-0.30359865983176565,0.010690044227924224,0.0282032039626289,1.3435047650113674,2.285141784015966,2.583344413606126,0.13049633579676245
iterative_state_machine,1,4,iterative-00000,iterative-00001,0.0,0.4,0.4,0.3622155858706906,random_plane_transplant,0.04391184071371667,0.04833064366899391,0.00441880295527719,0.5,True,0.3035447544016167,0.027793004269611763,0.01192378430686555,0.004404627591944248,0.5309389474171506,2.285141784015966,2.2581511531683884,-0.011811359381011074
iterative_state_machine,1,4,iterative-00000,iterative-00001,0.0,0.4,0.4,0.3622155858706906,candidate_orthogonal_patch,0.04391184071371667,0.33792605860726116,0.29401421789354454,1.0,True,0.3035447544016167,0.5065926658674913,0.9438881484200072,0.048626326167174785,1.7641102218113205,2.285141784015966,2.0784762416991454,-0.09043882693073915
iterative_state_machine,1,4,iterative-00000,iterative-00001,0.0,0.4,0.4,0.3622155858706906,radial_plus_20pct,0.04391184071371667,0.04703052104312036,0.003118680329403656,0.5,True,0.3035447544016167,0.06210354514822059,0.011546858660556426,0.00036970080142420737,0.15382084153699482,2.285141784015966,2.361624293188792,0.033469480847010624
iterative_state_machine,1,4,iterative-00000,iterative-00001,0.0,0.4,0.4,0.3622155858706906,phase_rotation_-0.785,0.04391184071371667,0.09807066866274114,0.05415882794902449,1.0,True,0.3035447544016167,-0.29482585758064855,0.040166592234101635,0.005414142886385807,0.5886468760884506,2.285141784015966,2.218351869097406,-0.02922790847628795
iterative_state_machine,1,4,iterative-00000,iterative-00001,0.0,0.4,0.4,0.3622155858706906,phase_rotation_-0.393,0.04391184071371667,0.07247594580550379,0.028564105091787084,1.0,True,0.3035447544016167,-0.1339743656912122,0.021592246943851826,0.0014070898917771558,0.300089575083404,2.285141784015966,2.2579362929430475,-0.011905384279966487
iterative_state_machine,1,4,iterative-00000,iterative-00001,0.0,0.4,0.4,0.3622155858706906,phase_rotation_+0.393,0.04391184071371667,0.013848440104507828,-0.030063400609208868,0.0,True,0.3035447544016167,0.08670085679701935,0.010690044227924222,0.0014070898917771554,0.300089575083404,2.285141784015966,2.2963141232670408,0.004889122998504023
iterative_state_machine,1,4,iterative-00000,iterative-00001,0.0,0.4,0.4,0.3622155858706906,phase_rotation_+0.785,0.04391184071371667,0.9839114209217202,-0.06000041979199633,0.0,True,0.3035447544016167,0.11292878519763916,0.010690044227924203,0.0054141428863858105,0.5886468760884508,2.285141784015966,2.289987009016551,0.0021203170124832003
iterative_state_machine,1,5,iterative-00000,iterative-00001,0.0,0.4,0.4,0.36202927529743834,candidate_transplant,0.04391184071371667,0.15807402752909339,0.11416218681537671,1.0,True,0.3035447544016167,-0.7495972953918544,0.1582494306988024,0.02911013509039239,1.3649353998578515,2.285141784015966,2.1268000120634083,-0.06929188073148078
iterative_state_machine,1,5,iterative-00000,iterative-00001,0.0,0.4,0.4,0.36202927529743834,eos_orthogonal_transplant,0.04391184071371667,0.19068135096941877,0.14676951025570206,1.0,True,0.3035447544016167,8.326672684688674e-17,0.2981489130358005,0.036721093104155764,1.533019882019137,2.285141784015966,2.1378513459532056,-0.06445571084167402
iterative_state_machine,1,5,iterative-00000,iterative-00001,0.0,0.4,0.4,0.36202927529743834,norm_matched_random,0.04391184071371667,0.06144609813399408,0.017534257420277366,1.0,True,0.3035447544016167,-0.28460679160065877,0.016512138707758004,0.029110135090392387,1.3649353998578515,2.285141784015966,2.961169040004543,0.29583602239354706
iterative_state_machine,1,5,iterative-00000,iterative-00001,0.0,0.4,0.4,0.36202927529743834,random_plane_transplant,0.04391184071371667,0.03344861199723427,-0.01046322871648242,0.0,True,0.3035447544016167,0.0253030431722956,0.010714702031040475,0.0014793567304318233,0.3076992537326613,2.285141784015966,2.241846215101135,-0.018946556934748338
iterative_state_machine,1,5,iterative-00000,iterative-00001,0.0,0.4,0.4,0.36202927529743834,candidate_orthogonal_patch,0.04391184071371667,0.3264014843078209,0.2824896435941042,1.0,True,0.3035447544016167,0.5963265373001413,0.9266868121453812,0.049319142337047844,1.7766330824261554,2.285141784015966,2.145034181719521,-0.0613124328986782
iterative_state_machine,1,5,iterative-00000,iterative-00001,0.0,0.4,0.4,0.36202927529743834,radial_plus_20pct,0.04391184071371667,0.04703052104312036,0.003118680329403656,0.5,True,0.3035447544016167,0.06210354514822059,0.011573469683365865,0.00036970080142420737,0.15382084153699482,2.285141784015966,2.361624293188792,0.033469480847010624
iterative_state_machine,1,5,iterative-00000,iterative-00001,0.0,0.4,0.4,0.36202927529743834,phase_rotation_-0.785,0.04391184071371667,0.09807066866274114,0.05415882794902449,1.0,True,0.3035447544016167,-0.29482585758064855,0.040256474394403004,0.005414142886385807,0.5886468760884506,2.285141784015966,2.218351869097406,-0.02922790847628795
iterative_state_machine,1,5,iterative-00000,iterative-00001,0.0,0.4,0.4,0.36202927529743834,phase_rotation_-0.393,0.04391184071371667,0.07247594580550379,0.028564105091787084,1.0,True,0.3035447544016167,-0.1339743656912122,0.021641501814602334,0.0014070898917771558,0.300089575083404,2.285141784015966,2.2579362929430475,-0.011905384279966487
iterative_state_machine,1,5,iterative-00000,iterative-00001,0.0,0.4,0.4,0.36202927529743834,phase_rotation_+0.393,0.04391184071371667,0.013848440104507828,-0.030063400609208868,0.0,True,0.3035447544016167,0.08670085679701935,0.010714702031040472,0.0014070898917771554,0.300089575083404,2.285141784015966,2.2963141232670408,0.004889122998504023
iterative_state_machine,1,5,iterative-00000,iterative-00001,0.0,0.4,0.4,0.36202927529743834,phase_rotation_+0.785,0.04391184071371667,0.9839114209217202,-0.06000041979199633,0.0,True,0.3035447544016167,0.11292878519763916,0.010714702031040472,0.0054141428863858105,0.5886468760884508,2.285141784015966,2.289987009016551,0.0021203170124832003
iterative_state_machine,2,0,iterative-00000,iterative-00001,0.0,0.4,0.4,0.3227171556968539,candidate_transplant,0.033714286586527004,0.10671769307573166,0.07300340648920467,1.0,True,0.5949836590548723,-1.1284500397292923,0.09895595543314774,0.03355564155973073,1.4654559221698777,2.135614630462747,2.2111797892630154,0.03538333073879302
iterative_state_machine,2,0,iterative-00000,iterative-00001,0.0,0.4,0.4,0.3227171556968539,eos_orthogonal_transplant,0.033714286586527004,0.05456703545619442,0.02085274886966737,1.0,True,0.5949836590548723,6.938893903907228e-17,0.02895455536856744,0.019726438954374485,1.1236067341734683,2.135614630462747,2.1159885004616563,-0.00918992112206961
iterative_state_machine,2,0,iterative-00000,iterative-00001,0.0,0.4,0.4,0.3227171556968539,norm_matched_random,0.033714286586527004,0.061790829760637475,0.028076543174110458,1.0,True,0.5949836590548723,-0.36281394469823364,0.03448787434077674,0.03355564155973073,1.4654559221698777,2.135614630462747,2.394793700782386,0.12136041148185986
iterative_state_machine,2,0,iterative-00000,iterative-00001,0.0,0.4,0.4,0.3227171556968539,random_plane_transplant,0.033714286586527004,0.03453648271812802,0.0008221961316010606,0.5,True,0.5949836590548723,0.0631597707328304,0.017750885709487966,0.0018762241253779323,0.3465232229219099,2.135614630462747,2.103908848647152,-0.014846209312924843
iterative_state_machine,2,0,iterative-00000,iterative-00001,0.0,0.4,0.4,0.3227171556968539,candidate_orthogonal_patch,0.033714286586527004,0.2940268529501886,0.2603125663636616,1.0,True,0.5949836590548723,0.1561854709308829,0.9222881332596472,0.0921394517662466,2.428358481163723,2.135614630462747,1.772488091784913,-0.17003373806216676
iterative_state_machine,2,0,iterative-00000,iterative-00001,0.0,0.4,0.4,0.3227171556968539,radial_plus_20pct,0.033714286586527004,0.03710757254278566,0.0033932859562586515,0.5,True,0.5949836590548723,0.09388087513637294,0.018907050735342,0.00057152089010359,0.191252024738641,2.135614630462747,2.2292183413974924,0.04382986967759417
iterative_state_machine,2,0,iterative-00000,iterative-00001,0.0,0.4,0.4,0.3227171556968539,phase_rotation_-0.785,0.033714286586527004,0.07451952235576517,0.04080523576923811,1.0,True,0.5949836590548723,-0.5398113934491726,0.046804817658091365,0.008369729656130063,0.7318898127398168,2.135614630462747,2.151145780011331,0.00727244949863406
iterative_state_machine,2,0,iterative-00000,iterative-00001,0.0,0.4,0.4,0.3227171556968539,phase_rotation_-0.393,0.033714286586527004,0.055724176660623875,0.022009890074096816,1.0,True,0.5949836590548723,-0.25346856160975606,0.029779093585822952,0.002175221866726492,0.37311419092617676,2.135614630462747,2.1446308871646527,0.004221855653775989
iterative_state_machine,2,0,iterative-00000,iterative-00001,0.0,0.4,0.4,0.3227171556968539,phase_rotation_+0.393,0.033714286586527004,0.009468211950397985,-0.024246074636129045,0.0,True,0.5949836590548723,0.18200600057299543,0.017396024778796593,0.0021752218667264915,0.37311419092617676,2.135614630462747,2.1254477270461534,-0.00476064514241994
iterative_state_machine,2,0,iterative-00000,iterative-00001,0.0,0.4,0.4,0.3227171556968539,phase_rotation_+0.785,0.033714286586527004,0.9840550148478057,-0.04965927173872142,0.0,True,0.5949836590548723,0.2648406764103177,0.01739602477879659,0.00836972965613006,0.7318898127398166,2.135614630462747,2.115672840169826,-0.009337728824511584
iterative_state_machine,2,1,iterative-00000,iterative-00001,0.0,0.4,0.4,0.37344672797439715,candidate_transplant,0.033714286586527004,0.09558868028621326,0.06187439369968628,1.0,True,0.5949836590548723,-1.1818698765667102,0.04224021555211097,0.03919376029609081,1.5837931237853673,2.135614630462747,2.162157318324014,0.01242859431784087
iterative_state_machine,2,1,iterative-00000,iterative-00001,0.0,0.4,0.4,0.37344672797439715,eos_orthogonal_transplant,0.033714286586527004,0.0365719894693216,0.0028577028827946327,0.5,True,0.5949836590548723,6.938893903907228e-17,0.009984946620027873,0.029765201774440576,1.3802075617689524,2.135614630462747,2.099469304912652,-0.01692502244295955
iterative_state_machine,2,1,iterative-00000,iterative-00001,0.0,0.4,0.4,0.37344672797439715,norm_matched_random,0.033714286586527004,0.058827175487803,0.025112888901275943,1.0,True,0.5949836590548723,0.0012306098721679426,0.01728870676512257,0.039193760296090806,1.583793123785367,2.135614630462747,2.895788535413559,0.35595087901514183
iterative_state_machine,2,1,iterative-00000,iterative-00001,0.0,0.4,0.4,0.37344672797439715,random_plane_transplant,0.033714286586527004,0.03291049672316218,-0.0008037898633648233,0.5,True,0.5949836590548723,0.0015623501640715663,0.009302886706001906,4.374860329944118e-05,0.052914181569445405,2.135614630462747,2.1338625433964924,-0.0008204134965467812
iterative_state_machine,2,1,iterative-00000,iterative-00001,0.0,0.4,0.4,0.37344672797439715,candidate_orthogonal_patch,0.033714286586527004,0.3399098495132854,0.3061955629267584,1.0,True,0.5949836590548723,0.2851250646556851,0.9519744471768767,0.10403196108814759,2.580318877511352,2.135614630462747,1.838630725636948,-0.13906249778849286
iterative_state_machine,2,1,iterative-00000,iterative-00001,0.0,0.4,0.4,0.37344672797439715,radial_plus_20pct,0.033714286586527004,0.03710757254278566,0.0033932859562586515,0.5,True,0.5949836590548723,0.09388087513637294,0.01011817805396543,0.00057152089010359,0.191252024738641,2.135614630462747,2.2292183413974924,0.04382986967759417
iterative_state_machine,2,1,iterative-00000,iterative-00001,0.0,0.4,0.4,0.37344672797439715,phase_rotation_-0.785,0.033714286586527004,0.07451952235576517,0.04080523576923811,1.0,True,0.5949836590548723,-0.5398113934491726,0.025383289673305078,0.008369729656130063,0.7318898127398168,2.135614630462747,2.151145780011331,0.00727244949863406
iterative_state_machine,2,1,iterative-00000,iterative-00001,0.0,0.4,0.4,0.37344672797439715,phase_rotation_-0.393,0.033714286586527004,0.055724176660623875,0.022009890074096816,1.0,True,0.5949836590548723,-0.25346856160975606,0.01601890893108013,0.002175221866726492,0.37311419092617676,2.135614630462747,2.1446308871646527,0.004221855653775989
iterative_state_machine,2,1,iterative-00000,iterative-00001,0.0,0.4,0.4,0.37344672797439715,phase_rotation_+0.393,0.033714286586527004,0.009468211950397985,-0.024246074636129045,0.0,True,0.5949836590548723,0.18200600057299543,0.009302886706001911,0.0021752218667264915,0.37311419092617676,2.135614630462747,2.1254477270461534,-0.00476064514241994
iterative_state_machine,2,1,iterative-00000,iterative-00001,0.0,0.4,0.4,0.37344672797439715,phase_rotation_+0.785,0.033714286586527004,0.9840550148478057,-0.04965927173872142,0.0,True,0.5949836590548723,0.2648406764103177,0.009302886706001903,0.00836972965613006,0.7318898127398166,2.135614630462747,2.115672840169826,-0.009337728824511584
iterative_state_machine,2,2,iterative-00000,iterative-00001,0.0,0.4,0.4,0.36039254250073505,candidate_transplant,0.033714286586527004,0.0995338900688302,0.0658196034823032,1.0,True,0.5949836590548723,-1.219912542599593,0.05419659256695736,0.04168898501198339,1.6334304517692013,2.135614630462747,2.183102101997561,0.022235974064536406
iterative_state_machine,2,2,iterative-00000,iterative-00001,0.0,0.4,0.4,0.36039254250073505,eos_orthogonal_transplant,0.033714286586527004,0.03407782282552731,0.0003635362390003172,0.5,True,0.5949836590548723,1.249000902703301e-16,0.01103247416504775,0.02740140735706724,1.3242696367629605,2.135614630462747,2.0761865283356356,-0.02782716566903942
iterative_state_machine,2,2,iterative-00000,iterative-00001,0.0,0.4,0.4,0.36039254250073505,norm_matched_random,0.033714286586527004,0.028237904005799085,-0.005476382580727912,0.5,True,0.5949836590548723,0.4432372206816966,0.010933752154443465,0.0416889850119834,1.6334304517692013,2.135614630462747,2.651629936592259,0.24162379240570273
iterative_state_machine,2,2,iterative-00000,iterative-00001,0.0,0.4,0.4,0.36039254250073505,random_plane_transplant,0.033714286586527004,0.033601671891935865,-0.00011261469459111773,0.5,True,0.5949836590548723,0.03450891982431464,0.010933752154443456,0.0017649016807116176,0.3360858633824748,2.135614630462747,2.0872607292484893,-0.022641679132803173
iterative_state_machine,2,2,iterative-00000,iterative-00001,0.0,0.4,0.4,0.36039254250073505,candidate_orthogonal_patch,0.033714286586527004,0.31708481032503416,0.28337052373850713,1.0,True,0.5949836590548723,0.20889823255183598,0.9295211117373731,0.09750895415186399,2.4981139016704774,2.135614630462747,1.7467689767803287,-0.1820766949878793
iterative_state_machine,2,2,iterative-00000,iterative-00001,0.0,0.4,0.4,0.36039254250073505,radial_plus_20pct,0.033714286586527004,0.03710757254278566,0.0033932859562586515,0.5,True,0.5949836590548723,0.09388087513637294,0.011890254766140732,0.00057152089010359,0.191252024738641,2.135614630462747,2.2292183413974924,0.04382986967759417
iterative_state_machine,2,2,iterative-00000,iterative-00001,0.0,0.4,0.4,0.36039254250073505,phase_rotation_-0.785,0.033714286586527004,0.07451952235576517,0.04080523576923811,1.0,True,0.5949836590548723,-0.5398113934491726,0.02974852074308229,0.008369729656130063,0.7318898127398168,2.135614630462747,2.151145780011331,0.00727244949863406
iterative_state_machine,2,2,iterative-00000,iterative-00001,0.0,0.4,0.4,0.36039254250073505,phase_rotation_-0.393,0.033714286586527004,0.055724176660623875,0.022009890074096816,1.0,True,0.5949836590548723,-0.25346856160975606,0.018804795103060032,0.002175221866726492,0.37311419092617676,2.135614630462747,2.1446308871646527,0.004221855653775989
iterative_state_machine,2,2,iterative-00000,iterative-00001,0.0,0.4,0.4,0.36039254250073505,phase_rotation_+0.393,0.033714286586527004,0.009468211950397985,-0.024246074636129045,0.0,True,0.5949836590548723,0.18200600057299543,0.010933752154443465,0.0021752218667264915,0.37311419092617676,2.135614630462747,2.1254477270461534,-0.00476064514241994
iterative_state_machine,2,2,iterative-00000,iterative-00001,0.0,0.4,0.4,0.36039254250073505,phase_rotation_+0.785,0.033714286586527004,0.9840550148478057,-0.04965927173872142,0.0,True,0.5949836590548723,0.2648406764103177,0.010933752154443465,0.00836972965613006,0.7318898127398166,2.135614630462747,2.115672840169826,-0.009337728824511584
iterative_state_machine,2,3,iterative-00000,iterative-00001,0.0,0.4,0.4,0.3598182528734011,candidate_transplant,0.033714286586527004,0.08746644710715815,0.05375216052063114,1.0,True,0.5949836590548723,-1.135920536536886,0.040936933989246964,0.036979158503310676,1.5383972647570208,2.135614630462747,2.128979065214466,-0.0031070986092856063
iterative_state_machine,2,3,iterative-00000,iterative-00001,0.0,0.4,0.4,0.3598182528734011,eos_orthogonal_transplant,0.033714286586527004,0.029271966186163328,-0.004442320400363686,0.5,True,0.5949836590548723,6.938893903907228e-17,0.011011656401311305,0.02576545209447499,1.2841296406696636,2.135614630462747,2.0513694548391013,-0.0394477423135986
iterative_state_machine,2,3,iterative-00000,iterative-00001,0.0,0.4,0.4,0.3598182528734011,norm_matched_random,0.033714286586527004,0.11143563450770141,0.07772134792117447,1.0,True,0.5949836590548723,-0.4617182121069101,0.0721117395133011,0.036979158503310676,1.5383972647570208,2.135614630462747,2.53735861697996,0.18811632997202438
iterative_state_machine,2,3,iterative-00000,iterative-00001,0.0,0.4,0.4,0.3598182528734011,random_plane_transplant,0.033714286586527004,0.0302690791717284,-0.00344520741479859,0.5,True,0.5949836590548723,0.05630030813251406,0.011011656401311304,0.0016538048768742872,0.3253359988073167,2.135614630462747,2.0800492093262215,-0.026018468099970514
iterative_state_machine,2,3,iterative-00000,iterative-00001,0.0,0.4,0.4,0.3598182528734011,candidate_orthogonal_patch,0.033714286586527004,0.3193256162803163,0.28561132969378933,1.0,True,0.5949836590548723,0.22059329062903701,0.93355064162976,0.10137908353741645,2.5472065770947308,2.135614630462747,1.8212632618803497,-0.14719480008164357
iterative_state_machine,2,3,iterative-00000,iterative-00001,0.0,0.4,0.4,0.3598182528734011,radial_plus_20pct,0.033714286586527004,0.03710757254278566,0.0033932859562586515,0.5,True,0.5949836590548723,0.09388087513637294,0.011974891691224244,0.00057152089010359,0.191252024738641,2.135614630462747,2.2292183413974924,0.04382986967759417
iterative_state_machine,2,3,iterative-00000,iterative-00001,0.0,0.4,0.4,0.3598182528734011,phase_rotation_-0.785,0.033714286586527004,0.07451952235576517,0.04080523576923811,1.0,True,0.5949836590548723,-0.5398113934491726,0.029956422115043416,0.008369729656130063,0.7318898127398168,2.135614630462747,2.151145780011331,0.00727244949863406
iterative_state_machine,2,3,iterative-00000,iterative-00001,0.0,0.4,0.4,0.3598182528734011,phase_rotation_-0.393,0.033714286586527004,0.055724176660623875,0.022009890074096816,1.0,True,0.5949836590548723,-0.25346856160975606,0.018937707633019798,0.002175221866726492,0.37311419092617676,2.135614630462747,2.1446308871646527,0.004221855653775989
iterative_state_machine,2,3,iterative-00000,iterative-00001,0.0,0.4,0.4,0.3598182528734011,phase_rotation_+0.393,0.033714286586527004,0.009468211950397985,-0.024246074636129045,0.0,True,0.5949836590548723,0.18200600057299543,0.011011656401311312,0.0021752218667264915,0.37311419092617676,2.135614630462747,2.1254477270461534,-0.00476064514241994
iterative_state_machine,2,3,iterative-00000,iterative-00001,0.0,0.4,0.4,0.3598182528734011,phase_rotation_+0.785,0.033714286586527004,0.9840550148478057,-0.04965927173872142,0.0,True,0.5949836590548723,0.2648406764103177,0.011011656401311314,0.00836972965613006,0.7318898127398166,2.135614630462747,2.115672840169826,-0.009337728824511584
iterative_state_machine,2,4,iterative-00000,iterative-00001,0.0,0.4,0.4,0.35885757979369515,candidate_transplant,0.033714286586527004,0.10408788284348004,0.07037359625695305,1.0,True,0.5949836590548723,-1.2175426715958437,0.06143457139572912,0.040583472669347406,1.6116272059127799,2.135614630462747,2.1976017823669425,0.029025438868979958
iterative_state_machine,2,4,iterative-00000,iterative-00001,0.0,0.4,0.4,0.35885757979369515,eos_orthogonal_transplant,0.033714286586527004,0.04132020707662033,0.007605920490093343,0.5,True,0.5949836590548723,8.326672684688674e-17,0.013445531265124554,0.026633451113543462,1.3055806644044563,2.135614630462747,2.0945261729905926,-0.019239640376153017
iterative_state_machine,2,4,iterative-00000,iterative-00001,0.0,0.4,0.4,0.35885757979369515,norm_matched_random,0.033714286586527004,0.029758366129146254,-0.003955920457380746,0.5,True,0.5949836590548723,0.21333888381227656,0.01114320368703871,0.04058347266934739,1.6116272059127796,2.135614630462747,2.388975507391736,0.11863604665139926
iterative_state_machine,2,4,iterative-00000,iterative-00001,0.0,0.4,0.4,0.35885757979369515,random_plane_transplant,0.033714286586527004,0.02726047991944677,-0.006453806667080231,0.5,True,0.5949836590548723,-0.12592386358130034,0.011143203687038705,0.002012869638792438,0.35892012604856255,2.135614630462747,2.1476151582093883,0.005619238403532207
iterative_state_machine,2,4,iterative-00000,iterative-00001,0.0,0.4,0.4,0.35885757979369515,candidate_orthogonal_patch,0.033714286586527004,0.3194653985078608,0.28575111192133384,1.0,True,0.5949836590548723,0.21439959705962125,0.9345059105546158,0.09617489839100117,2.4809662426208208,2.135614630462747,1.7609147889857684,-0.1754529286942505
iterative_state_machine,2,4,iterative-00000,iterative-00001,0.0,0.4,0.4,0.35885757979369515,radial_plus_20pct,0.033714286586527004,0.03710757254278566,0.0033932859562586515,0.5,True,0.5949836590548723,0.09388087513637294,0.01211780497204807,0.00057152089010359,0.191252024738641,2.135614630462747,2.2292183413974924,0.04382986967759417
iterative_state_machine,2,4,iterative-00000,iterative-00001,0.0,0.4,0.4,0.35885757979369515,phase_rotation_-0.785,0.033714286586527004,0.07451952235576517,0.04080523576923811,1.0,True,0.5949836590548723,-0.5398113934491726,0.030307351618481845,0.008369729656130063,0.7318898127398168,2.135614630462747,2.151145780011331,0.00727244949863406
iterative_state_machine,2,4,iterative-00000,iterative-00001,0.0,0.4,0.4,0.35885757979369515,phase_rotation_-0.393,0.033714286586527004,0.055724176660623875,0.022009890074096816,1.0,True,0.5949836590548723,-0.25346856160975606,0.01916210640746082,0.002175221866726492,0.37311419092617676,2.135614630462747,2.1446308871646527,0.004221855653775989
iterative_state_machine,2,4,iterative-00000,iterative-00001,0.0,0.4,0.4,0.35885757979369515,phase_rotation_+0.393,0.033714286586527004,0.009468211950397985,-0.024246074636129045,0.0,True,0.5949836590548723,0.18200600057299543,0.011143203687038718,0.0021752218667264915,0.37311419092617676,2.135614630462747,2.1254477270461534,-0.00476064514241994
iterative_state_machine,2,4,iterative-00000,iterative-00001,0.0,0.4,0.4,0.35885757979369515,phase_rotation_+0.785,0.033714286586527004,0.9840550148478057,-0.04965927173872142,0.0,True,0.5949836590548723,0.2648406764103177,0.011143203687038727,0.00836972965613006,0.7318898127398166,2.135614630462747,2.115672840169826,-0.009337728824511584
iterative_state_machine,2,5,iterative-00000,iterative-00001,0.0,0.4,0.4,0.3623937649081935,candidate_transplant,0.033714286586527004,0.10303719161146054,0.06932290502493355,1.0,True,0.5949836590548723,-1.2288078549275199,0.05749466408769964,0.041757867709429894,1.6347793531249142,2.135614630462747,2.1959787136099957,0.028265438102083616
iterative_state_machine,2,5,iterative-00000,iterative-00001,0.0,0.4,0.4,0.3623937649081935,eos_orthogonal_transplant,0.033714286586527004,0.043171740672606054,0.009457454086079009,0.5,True,0.5949836590548723,6.938893903907228e-17,0.013473229979095414,0.03413959524099226,1.47815225718581,2.135614630462747,2.1496236853146358,0.0065597297621310426
iterative_state_machine,2,5,iterative-00000,iterative-00001,0.0,0.4,0.4,0.3623937649081935,norm_matched_random,0.033714286586527004,0.0588713099125837,0.025157023326056738,1.0,True,0.5949836590548723,-0.337816695721715,0.019820936822351098,0.041757867709429894,1.6347793531249142,2.135614630462747,2.8676940200817738,0.3427956426110451
iterative_state_machine,2,5,iterative-00000,iterative-00001,0.0,0.4,0.4,0.3623937649081935,random_plane_transplant,0.033714286586527004,0.041603048775401476,0.007888762188874465,0.5,True,0.5949836590548723,-0.06954294737676468,0.012961789317520362,0.000605236826479315,0.19681249171400722,2.135614630462747,2.1651532284778527,0.013831427071983251
iterative_state_machine,2,5,iterative-00000,iterative-00001,0.0,0.4,0.4,0.3623937649081935,candidate_orthogonal_patch,0.033714286586527004,0.3237763865367244,0.2900620999501974,1.0,True,0.5949836590548723,0.3449048877757895,0.9382910051728829,0.0977825445302544,2.501616047665245,2.135614630462747,1.8208110692885868,-0.14740653893439007
iterative_state_machine,2,5,iterative-00000,iterative-00001,0.0,0.4,0.4,0.3623937649081935,radial_plus_20pct,0.033714286586527004,0.03710757254278566,0.0033932859562586515,0.5,True,0.5949836590548723,0.09388087513637294,0.011599913591673668,0.00057152089010359,0.191252024738641,2.135614630462747,2.2292183413974924,0.04382986967759417
iterative_state_machine,2,5,iterative-00000,iterative-00001,0.0,0.4,0.4,0.3623937649081935,phase_rotation_-0.785,0.033714286586527004,0.07451952235576517,0.04080523576923811,1.0,True,0.5949836590548723,-0.5398113934491726,0.02903492265210949,0.008369729656130063,0.7318898127398168,2.135614630462747,2.151145780011331,0.00727244949863406
iterative_state_machine,2,5,iterative-00000,iterative-00001,0.0,0.4,0.4,0.3623937649081935,phase_rotation_-0.393,0.033714286586527004,0.055724176660623875,0.022009890074096816,1.0,True,0.5949836590548723,-0.25346856160975606,0.018348747134656077,0.002175221866726492,0.37311419092617676,2.135614630462747,2.1446308871646527,0.004221855653775989
iterative_state_machine,2,5,iterative-00000,iterative-00001,0.0,0.4,0.4,0.3623937649081935,phase_rotation_+0.393,0.033714286586527004,0.009468211950397985,-0.024246074636129045,0.0,True,0.5949836590548723,0.18200600057299543,0.010666515129673005,0.0021752218667264915,0.37311419092617676,2.135614630462747,2.1254477270461534,-0.00476064514241994
iterative_state_machine,2,5,iterative-00000,iterative-00001,0.0,0.4,0.4,0.3623937649081935,phase_rotation_+0.785,0.033714286586527004,0.9840550148478057,-0.04965927173872142,0.0,True,0.5949836590548723,0.2648406764103177,0.010666515129673017,0.00836972965613006,0.7318898127398166,2.135614630462747,2.115672840169826,-0.009337728824511584
iterative_state_machine,3,0,iterative-00000,iterative-00001,0.0,0.4,0.4,0.3460698803309764,candidate_transplant,0.024166300018024237,0.3703032473599597,0.34613694734193545,1.0,True,0.09269717797025716,-1.0639487972308581,0.9869505442631389,0.2017759020033863,3.5935578092214855,2.5218172397315053,2.8048438353432137,0.11223120817503884
iterative_state_machine,3,0,iterative-00000,iterative-00001,0.0,0.4,0.4,0.3460698803309764,eos_orthogonal_transplant,0.024166300018024237,0.34706565253822763,0.3228993525202034,1.0,True,0.09269717797025716,-5.551115123125783e-17,0.9769464103514404,0.1792504986397797,3.387038811845223,2.5218172397315053,2.925623854777182,0.16012524963492963
iterative_state_machine,3,0,iterative-00000,iterative-00001,0.0,0.4,0.4,0.3460698803309764,norm_matched_random,0.024166300018024237,0.9837644330293167,-0.040401866988707624,0.0,True,0.09269717797025716,-0.4188238135917263,0.013049455736861103,0.20177590200338624,3.593557809221485,2.5218172397315053,4.2381469242810885,0.6805924146716987
iterative_state_machine,3,0,iterative-00000,iterative-00001,0.0,0.4,0.4,0.3460698803309764,random_plane_transplant,0.024166300018024237,0.03643869054226375,0.012272390524239563,1.0,True,0.09269717797025716,0.14045589311116485,0.01765256863487737,0.013425912989580003,0.9269619362914101,2.5218172397315053,2.601531282349966,0.03160976194569432
iterative_state_machine,3,0,iterative-00000,iterative-00001,0.0,0.4,0.4,0.3460698803309764,candidate_orthogonal_patch,0.024166300018024237,0.024179714600724822,1.3414582700543853e-05,0.5,True,0.09269717797025716,-0.14654505642383828,0.01305377565870865,0.004703749195673897,0.5486710749831172,2.5218172397315053,2.5453613644018405,0.009336174049171735
iterative_state_machine,3,0,iterative-00000,iterative-00001,0.0,0.4,0.4,0.3460698803309764,radial_plus_20pct,0.024166300018024237,0.027254785743652577,0.003088485725628365,0.5,True,0.09269717797025716,0.11781784305326834,0.014082200478533466,0.0026808445898289252,0.4142149849402496,2.5218172397315053,2.8689348947395508,0.13764584107808012
iterative_state_machine,3,0,iterative-00000,iterative-00001,0.0,0.4,0.4,0.3460698803309764,phase_rotation_-0.785,0.024166300018024237,0.9024369494766543,-0.12172935054136991,0.0,True,0.09269717797025716,-0.013504609376941035,0.013049455736861065,0.03926006005292304,1.5851321217447694,2.5218172397315053,2.414955400138516,-0.04237493419799393
iterative_state_machine,3,0,iterative-00000,iterative-00001,0.0,0.4,0.4,0.3460698803309764,phase_rotation_-0.393,0.024166300018024237,0.9620375827638734,-0.0621287172541507,0.0,True,0.09269717797025716,0.04122771468584849,0.01304945573686107,0.010203357172183722,0.8080933479615819,2.5218172397315053,2.463214280620038,-0.02323838468076559
iterative_state_machine,3,0,iterative-00000,iterative-00001,0.0,0.4,0.4,0.3460698803309764,phase_rotation_+0.393,0.024166300018024237,0.08925017649766584,0.06508387647964164,1.0,True,0.09269717797025716,-0.13091120760369007,0.06304558516502425,0.010203357172183725,0.808093347961582,2.5218172397315053,2.5814621977886194,0.023651578360795265
iterative_state_machine,3,0,iterative-00000,iterative-00001,0.0,0.4,0.4,0.3460698803309764,phase_rotation_+0.785,0.024166300018024237,0.15722053370715702,0.13305423368913272,1.0,True,0.09269717797025716,-0.3315758634804841,0.2690362653629332,0.03926006005292307,1.5851321217447698,2.5218172397315053,2.633294403655093,0.044205092330741894
iterative_state_machine,3,1,iterative-00000,iterative-00001,0.0,0.4,0.4,0.37419642044475276,candidate_transplant,0.024166300018024237,0.39869291949344665,0.37452661947542243,1.0,True,0.09269717797025716,-1.1325645813534637,0.9907830851190104,0.22095927597728343,3.7605044425643404,2.5218172397315053,2.7822515743793694,0.10327248562849553
iterative_state_machine,3,1,iterative-00000,iterative-00001,0.0,0.4,0.4,0.37419642044475276,eos_orthogonal_transplant,0.024166300018024237,0.3804443661257282,0.35627806610770396,1.0,True,0.09269717797025716,-2.7755575615628914e-17,0.9856492223000434,0.20012640057446446,3.5788391465342118,2.5218172397315053,2.922071371369624,0.1587165498482884
iterative_state_machine,3,1,iterative-00000,iterative-00001,0.0,0.4,0.4,0.37419642044475276,norm_matched_random,0.024166300018024237,0.07529338186077394,0.05112708184274972,1.0,True,0.09269717797025716,0.6253472679825218,0.03231803004973712,0.2209592759772834,3.76050444256434,2.5218172397315053,5.0209308939383375,0.9909971328742719
iterative_state_machine,3,1,iterative-00000,iterative-00001,0.0,0.4,0.4,0.37419642044475276,random_plane_transplant,0.024166300018024237,0.020402359854516067,-0.0037639401635081726,0.5,True,0.09269717797025716,-0.16587779856273419,0.009216914880989515,0.03233465295918354,1.4385471105903158,2.5218172397315053,2.6048642260943273,0.032931405596887724
iterative_state_machine,3,1,iterative-00000,iterative-00001,0.0,0.4,0.4,0.37419642044475276,candidate_orthogonal_patch,0.024166300018024237,0.024499968209437534,0.0003336681914133388,0.5,True,0.09269717797025716,-0.022361896691362026,0.009293403722765714,0.0042830378382917745,0.523559377387774,2.5218172397315053,2.5839972957312027,0.024656844683287864
iterative_state_machine,3,1,iterative-00000,iterative-00001,0.0,0.4,0.4,0.37419642044475276,radial_plus_20pct,0.024166300018024237,0.027254785743652577,0.003088485725628365,0.5,True,0.09269717797025716,0.11781784305326834,0.009949406823087033,0.0026808445898289252,0.4142149849402496,2.5218172397315053,2.8689348947395508,0.13764584107808012
iterative_state_machine,3,1,iterative-00000,iterative-00001,0.0,0.4,0.4,0.37419642044475276,phase_rotation_-0.785,0.024166300018024237,0.9024369494766543,-0.12172935054136991,0.0,True,0.09269717797025716,-0.013504609376941035,0.00921691488098951,0.03926006005292304,1.5851321217447694,2.5218172397315053,2.414955400138516,-0.04237493419799393
iterative_state_machine,3,1,iterative-00000,iterative-00001,0.0,0.4,0.4,0.37419642044475276,phase_rotation_-0.393,0.024166300018024237,0.9620375827638734,-0.0621287172541507,0.0,True,0.09269717797025716,0.04122771468584849,0.009216914880989512,0.010203357172183722,0.8080933479615819,2.5218172397315053,2.463214280620038,-0.02323838468076559
iterative_state_machine,3,1,iterative-00000,iterative-00001,0.0,0.4,0.4,0.37419642044475276,phase_rotation_+0.393,0.024166300018024237,0.08925017649766584,0.06508387647964164,1.0,True,0.09269717797025716,-0.13091120760369007,0.0452020052898729,0.010203357172183725,0.808093347961582,2.5218172397315053,2.5814621977886194,0.023651578360795265
iterative_state_machine,3,1,iterative-00000,iterative-00001,0.0,0.4,0.4,0.37419642044475276,phase_rotation_+0.785,0.024166300018024237,0.15722053370715702,0.13305423368913272,1.0,True,0.09269717797025716,-0.3315758634804841,0.20569068929817302,0.03926006005292307,1.5851321217447698,2.5218172397315053,2.633294403655093,0.044205092330741894
iterative_state_machine,3,2,iterative-00000,iterative-00001,0.0,0.4,0.4,0.367107094052175,candidate_transplant,0.024166300018024237,0.39105462554407294,0.36688832552604866,1.0,True,0.09269717797025716,-1.1106338745038218,0.9898829988522848,0.21395633675281786,3.7004331573723017,2.5218172397315053,2.772527016659832,0.09941631494081601
iterative_state_machine,3,2,iterative-00000,iterative-00001,0.0,0.4,0.4,0.367107094052175,eos_orthogonal_transplant,0.024166300018024237,0.36976775330478456,0.3456014532867604,1.0,True,0.09269717797025716,0.0,0.9828961125493765,0.18987863803515936,3.486005283164413,2.5218172397315053,2.8911845909535523,0.14646872319001716
iterative_state_machine,3,2,iterative-00000,iterative-00001,0.0,0.4,0.4,0.367107094052175,norm_matched_random,0.024166300018024237,0.9787241689699651,-0.04544213104805905,0.0,True,0.09269717797025716,-0.3197824443981445,0.010062375399777388,0.21395633675281783,3.7004331573723017,2.5218172397315053,3.644787944374149,0.4453021761252632
iterative_state_machine,3,2,iterative-00000,iterative-00001,0.0,0.4,0.4,0.367107094052175,random_plane_transplant,0.024166300018024237,0.038897996221601075,0.014731696203576838,1.0,True,0.09269717797025716,-0.10365645940808754,0.014477927568185289,0.027110060861045282,1.3172106494812807,2.5218172397315053,2.5378575045121594,0.006360597638852651
iterative_state_machine,3,2,iterative-00000,iterative-00001,0.0,0.4,0.4,0.367107094052175,candidate_orthogonal_patch,0.024166300018024237,0.02403282973849347,-0.0001334702795307563,0.5,True,0.09269717797025716,-0.1393114156684248,0.010062375399777416,0.003489092021754878,0.47254829318527036,2.5218172397315053,2.5868021994723196,0.025769099646464934
iterative_state_machine,3,2,iterative-00000,iterative-00001,0.0,0.4,0.4,0.367107094052175,radial_plus_20pct,0.024166300018024237,0.027254785743652577,0.003088485725628365,0.5,True,0.09269717797025716,0.11781784305326834,0.01086132169365751,0.0026808445898289252,0.4142149849402496,2.5218172397315053,2.8689348947395508,0.13764584107808012
iterative_state_machine,3,2,iterative-00000,iterative-00001,0.0,0.4,0.4,0.367107094052175,phase_rotation_-0.785,0.024166300018024237,0.9024369494766543,-0.12172935054136991,0.0,True,0.09269717797025716,-0.013504609376941035,0.010062375399777413,0.03926006005292304,1.5851321217447694,2.5218172397315053,2.414955400138516,-0.04237493419799393
iterative_state_machine,3,2,iterative-00000,iterative-00001,0.0,0.4,0.4,0.367107094052175,phase_rotation_-0.393,0.024166300018024237,0.9620375827638734,-0.0621287172541507,0.0,True,0.09269717797025716,0.04122771468584849,0.010062375399777388,0.010203357172183722,0.8080933479615819,2.5218172397315053,2.463214280620038,-0.02323838468076559
iterative_state_machine,3,2,iterative-00000,iterative-00001,0.0,0.4,0.4,0.367107094052175,phase_rotation_+0.393,0.024166300018024237,0.08925017649766584,0.06508387647964164,1.0,True,0.09269717797025716,-0.13091120760369007,0.04918448786631599,0.010203357172183725,0.808093347961582,2.5218172397315053,2.5814621977886194,0.023651578360795265
iterative_state_machine,3,2,iterative-00000,iterative-00001,0.0,0.4,0.4,0.367107094052175,phase_rotation_+0.785,0.024166300018024237,0.15722053370715702,0.13305423368913272,1.0,True,0.09269717797025716,-0.3315758634804841,0.22054678238330186,0.03926006005292307,1.5851321217447698,2.5218172397315053,2.633294403655093,0.044205092330741894
iterative_state_machine,3,3,iterative-00000,iterative-00001,0.0,0.4,0.4,0.3731236865822559,candidate_transplant,0.024166300018024237,0.39758492962820463,0.37341862961018046,1.0,True,0.09269717797025716,-1.107831485721253,0.9906598237040175,0.2110742561246723,3.675425470878035,2.5218172397315053,2.711019945089932,0.0750263351275094
iterative_state_machine,3,3,iterative-00000,iterative-00001,0.0,0.4,0.4,0.3731236865822559,eos_orthogonal_transplant,0.024166300018024237,0.3802039468834357,0.3560376468654114,1.0,True,0.09269717797025716,0.0,0.985753500400538,0.19412882881733998,3.5248042561693773,2.5218172397315053,2.873835569094791,0.1395891517502532
iterative_state_machine,3,3,iterative-00000,iterative-00001,0.0,0.4,0.4,0.3731236865822559,norm_matched_random,0.024166300018024237,0.0057610048841192345,-0.018405295133904986,0.0,True,0.09269717797025716,-0.45476510553666993,0.009340176295982484,0.21107425612467223,3.6754254708780345,2.5218172397315053,4.612572876429799,0.8290670726483311
iterative_state_machine,3,3,iterative-00000,iterative-00001,0.0,0.4,0.4,0.3731236865822559,random_plane_transplant,0.024166300018024237,0.027649381497029443,0.0034830814790052234,0.5,True,0.09269717797025716,0.03938720157176301,0.010181300457498248,0.01910616475273471,1.1058004088329059,2.5218172397315053,2.373939095567955,-0.05863951670791765
iterative_state_machine,3,3,iterative-00000,iterative-00001,0.0,0.4,0.4,0.3731236865822559,candidate_orthogonal_patch,0.024166300018024237,0.02449816908752433,0.0003318690695001125,0.5,True,0.09269717797025716,0.06425231152307251,0.009417258739608416,0.004607111189588934,0.5430056317697743,2.5218172397315053,2.5765856928911726,0.021717851831918798
iterative_state_machine,3,3,iterative-00000,iterative-00001,0.0,0.4,0.4,0.3731236865822559,radial_plus_20pct,0.024166300018024237,0.027254785743652577,0.003088485725628365,0.5,True,0.09269717797025716,0.11781784305326834,0.010082364455262479,0.0026808445898289252,0.4142149849402496,2.5218172397315053,2.8689348947395508,0.13764584107808012
iterative_state_machine,3,3,iterative-00000,iterative-00001,0.0,0.4,0.4,0.3731236865822559,phase_rotation_-0.785,0.024166300018024237,0.9024369494766543,-0.12172935054136991,0.0,True,0.09269717797025716,-0.013504609376941035,0.009340176295982465,0.03926006005292304,1.5851321217447694,2.5218172397315053,2.414955400138516,-0.04237493419799393
iterative_state_machine,3,3,iterative-00000,iterative-00001,0.0,0.4,0.4,0.3731236865822559,phase_rotation_-0.393,0.024166300018024237,0.9620375827638734,-0.0621287172541507,0.0,True,0.09269717797025716,0.04122771468584849,0.009340176295982466,0.010203357172183722,0.8080933479615819,2.5218172397315053,2.463214280620038,-0.02323838468076559
iterative_state_machine,3,3,iterative-00000,iterative-00001,0.0,0.4,0.4,0.3731236865822559,phase_rotation_+0.393,0.024166300018024237,0.08925017649766584,0.06508387647964164,1.0,True,0.09269717797025716,-0.13091120760369007,0.04578427110646595,0.010203357172183725,0.808093347961582,2.5218172397315053,2.5814621977886194,0.023651578360795265
iterative_state_machine,3,3,iterative-00000,iterative-00001,0.0,0.4,0.4,0.3731236865822559,phase_rotation_+0.785,0.024166300018024237,0.15722053370715702,0.13305423368913272,1.0,True,0.09269717797025716,-0.3315758634804841,0.2078901543551452,0.03926006005292307,1.5851321217447698,2.5218172397315053,2.633294403655093,0.044205092330741894
iterative_state_machine,3,4,iterative-00000,iterative-00001,0.0,0.4,0.4,0.36765509018578824,candidate_transplant,0.024166300018024237,0.39174122380942417,0.3675749237913999,1.0,True,0.09269717797025716,-1.0906642111207465,0.9899857797123275,0.20554919040728556,3.6270026448937527,2.5218172397315053,2.7007532751977377,0.07095519558161299
iterative_state_machine,3,4,iterative-00000,iterative-00001,0.0,0.4,0.4,0.36765509018578824,eos_orthogonal_transplant,0.024166300018024237,0.3736948780918335,0.3495285780738093,1.0,True,0.09269717797025716,2.7755575615628914e-17,0.9843656318032482,0.18918669990667203,3.4796477974109696,2.5218172397315053,2.864940816251206,0.13606203142470097
iterative_state_machine,3,4,iterative-00000,iterative-00001,0.0,0.4,0.4,0.36765509018578824,norm_matched_random,0.024166300018024237,0.907882092983133,-0.11628420703489128,0.0,True,0.09269717797025716,-0.8829180839148221,0.009994370674890469,0.20554919040728556,3.6270026448937522,2.5218172397315053,3.8787343951293685,0.538071171066438
iterative_state_machine,3,4,iterative-00000,iterative-00001,0.0,0.4,0.4,0.36765509018578824,random_plane_transplant,0.024166300018024237,0.026404388906640538,0.0022380888886163186,0.5,True,0.09269717797025716,-0.049068919547790565,0.010563442737188925,0.015413088700075782,0.9931956890788693,2.5218172397315053,2.4681132038595632,-0.02129576839504034
iterative_state_machine,3,4,iterative-00000,iterative-00001,0.0,0.4,0.4,0.36765509018578824,candidate_orthogonal_patch,0.024166300018024237,0.02413718722033333,-2.911279769091113e-05,0.5,True,0.09269717797025716,0.06505970190277047,0.009994370674890453,0.003422009551661209,0.4679835587991499,2.5218172397315053,2.619467833830923,0.038722312053753205
iterative_state_machine,3,4,iterative-00000,iterative-00001,0.0,0.4,0.4,0.36765509018578824,radial_plus_20pct,0.024166300018024237,0.027254785743652577,0.003088485725628365,0.5,True,0.09269717797025716,0.11781784305326834,0.01078797627839878,0.0026808445898289252,0.4142149849402496,2.5218172397315053,2.8689348947395508,0.13764584107808012
iterative_state_machine,3,4,iterative-00000,iterative-00001,0.0,0.4,0.4,0.36765509018578824,phase_rotation_-0.785,0.024166300018024237,0.9024369494766543,-0.12172935054136991,0.0,True,0.09269717797025716,-0.013504609376941035,0.009994370674890446,0.03926006005292304,1.5851321217447694,2.5218172397315053,2.414955400138516,-0.04237493419799393
iterative_state_machine,3,4,iterative-00000,iterative-00001,0.0,0.4,0.4,0.36765509018578824,phase_rotation_-0.393,0.024166300018024237,0.9620375827638734,-0.0621287172541507,0.0,True,0.09269717797025716,0.04122771468584849,0.00999437067489044,0.010203357172183722,0.8080933479615819,2.5218172397315053,2.463214280620038,-0.02323838468076559
iterative_state_machine,3,4,iterative-00000,iterative-00001,0.0,0.4,0.4,0.36765509018578824,phase_rotation_+0.393,0.024166300018024237,0.08925017649766584,0.06508387647964164,1.0,True,0.09269717797025716,-0.13091120760369007,0.0488651347461866,0.010203357172183725,0.808093347961582,2.5218172397315053,2.5814621977886194,0.023651578360795265
iterative_state_machine,3,4,iterative-00000,iterative-00001,0.0,0.4,0.4,0.36765509018578824,phase_rotation_+0.785,0.024166300018024237,0.15722053370715702,0.13305423368913272,1.0,True,0.09269717797025716,-0.3315758634804841,0.21937148967132242,0.03926006005292307,1.5851321217447698,2.5218172397315053,2.633294403655093,0.044205092330741894
iterative_state_machine,3,5,iterative-00000,iterative-00001,0.0,0.4,0.4,0.38057688498335895,candidate_transplant,0.024166300018024237,0.404612925644368,0.3804466256263438,1.0,True,0.09269717797025716,-1.1248889172991063,0.9914560787021397,0.21646013549779936,3.722022121355428,2.5218172397315053,2.7135141127429927,0.07601537097585118
iterative_state_machine,3,5,iterative-00000,iterative-00001,0.0,0.4,0.4,0.38057688498335895,eos_orthogonal_transplant,0.024166300018024237,0.3852807254537351,0.3611144254357108,1.0,True,0.09269717797025716,-5.551115123125783e-17,0.9862198421600165,0.1929518283777124,3.51410259044519,2.5218172397315053,2.8397202990372956,0.12606110161243764
iterative_state_machine,3,5,iterative-00000,iterative-00001,0.0,0.4,0.4,0.38057688498335895,norm_matched_random,0.024166300018024237,0.986519897039485,-0.03764640297853927,0.0,True,0.09269717797025716,0.8338326734950463,0.00851637997622114,0.21646013549779933,3.7220221213554274,2.5218172397315053,4.758921033512507,0.8870998891335931
iterative_state_machine,3,5,iterative-00000,iterative-00001,0.0,0.4,0.4,0.38057688498335895,random_plane_transplant,0.024166300018024237,0.040079978066508815,0.015913678048484536,1.0,True,0.09269717797025716,-0.08184604091722296,0.012625022690461916,0.011521413233852492,0.8587027698607705,2.5218172397315053,2.5869227946545803,0.025816920392695356
iterative_state_machine,3,5,iterative-00000,iterative-00001,0.0,0.4,0.4,0.38057688498335895,candidate_orthogonal_patch,0.024166300018024237,0.023942440425687706,-0.0002238595923365061,0.5,True,0.09269717797025716,-0.10682049311796317,0.008516379976221128,0.0031378747560031907,0.4481338911354554,2.5218172397315053,2.552129553890275,0.012020028129396433
iterative_state_machine,3,5,iterative-00000,iterative-00001,0.0,0.4,0.4,0.38057688498335895,radial_plus_20pct,0.024166300018024237,0.027254785743652577,0.003088485725628365,0.5,True,0.09269717797025716,0.11781784305326834,0.009193715212940125,0.0026808445898289252,0.4142149849402496,2.5218172397315053,2.8689348947395508,0.13764584107808012
iterative_state_machine,3,5,iterative-00000,iterative-00001,0.0,0.4,0.4,0.38057688498335895,phase_rotation_-0.785,0.024166300018024237,0.9024369494766543,-0.12172935054136991,0.0,True,0.09269717797025716,-0.013504609376941035,0.009017272731304437,0.03926006005292304,1.5851321217447694,2.5218172397315053,2.414955400138516,-0.04237493419799393
iterative_state_machine,3,5,iterative-00000,iterative-00001,0.0,0.4,0.4,0.38057688498335895,phase_rotation_-0.393,0.024166300018024237,0.9620375827638734,-0.0621287172541507,0.0,True,0.09269717797025716,0.04122771468584849,0.008516379976221114,0.010203357172183722,0.8080933479615819,2.5218172397315053,2.463214280620038,-0.02323838468076559
iterative_state_machine,3,5,iterative-00000,iterative-00001,0.0,0.4,0.4,0.38057688498335895,phase_rotation_+0.393,0.024166300018024237,0.08925017649766584,0.06508387647964164,1.0,True,0.09269717797025716,-0.13091120760369007,0.04188202620386279,0.010203357172183725,0.808093347961582,2.5218172397315053,2.5814621977886194,0.023651578360795265
iterative_state_machine,3,5,iterative-00000,iterative-00001,0.0,0.4,0.4,0.38057688498335895,phase_rotation_+0.785,0.024166300018024237,0.15722053370715702,0.13305423368913272,1.0,True,0.09269717797025716,-0.3315758634804841,0.1929654660154733,0.03926006005292307,1.5851321217447698,2.5218172397315053,2.633294403655093,0.044205092330741894
fictional_ontology,0,0,ontology-00000,ontology-00001,0.0,0.25,0.25,0.22941433641372,candidate_transplant,0.07722775016679428,0.22233771328675514,0.14510996311996083,1.0,True,0.09570660809677942,-0.20517811832092656,0.6813689037438959,0.012395145996335767,0.8906679200271497,1.9489053154771954,1.6950526197530356,-0.13025399115503114
fictional_ontology,0,0,ontology-00000,ontology-00001,0.0,0.25,0.25,0.22941433641372,eos_orthogonal_transplant,0.07722775016679428,0.2292764761245655,0.1520487259577712,1.0,True,0.09570660809677942,4.163336342344337e-17,0.7177927085761526,0.012529813579108085,0.8954931987809385,1.9489053154771954,1.644055901364655,-0.15642084389199643
fictional_ontology,0,0,ontology-00000,ontology-00001,0.0,0.25,0.25,0.22941433641372,norm_matched_random,0.07722775016679428,0.0804104082902711,0.0031826581234768447,0.5,True,0.09570660809677942,0.0918252117697437,0.057969930851702774,0.012395145996335767,0.8906679200271497,1.9489053154771954,2.287614743481394,0.17379470686151033
fictional_ontology,0,0,ontology-00000,ontology-00001,0.0,0.25,0.25,0.22941433641372,random_plane_transplant,0.07722775016679428,0.07629949904036103,-0.0009282511264332438,0.5,True,0.09570660809677942,0.0008135944975759075,0.05377461858034125,6.240385136720646e-05,0.06319688669152314,1.9489053154771954,1.9522264940675291,0.001704125163987539
fictional_ontology,0,0,ontology-00000,ontology-00001,0.0,0.25,0.25,0.22941433641372,candidate_orthogonal_patch,0.07722775016679428,0.16550450895383204,0.08827675878703778,1.0,True,0.09570660809677942,0.11988525785674714,0.34056885587255126,0.009232213059527957,0.7686752472987466,1.9489053154771954,1.7584031077676363,-0.09774831347458972
fictional_ontology,0,0,ontology-00000,ontology-00001,0.0,0.25,0.25,0.22941433641372,radial_plus_20pct,0.07722775016679428,0.08116200065052388,0.00393425048372964,0.5,True,0.09570660809677942,-0.007732380682304113,0.05900459450934613,0.0003333018933234909,0.14605246034457417,1.9489053154771954,2.0135978522332563,0.03319429437762129
fictional_ontology,0,0,ontology-00000,ontology-00001,0.0,0.25,0.25,0.22941433641372,phase_rotation_-0.785,0.07722775016679428,0.16238477514059102,0.08515702497379674,1.0,True,0.09570660809677942,-0.14606737071641884,0.32327676142405704,0.004881093218636833,0.5589185683019999,1.9489053154771954,1.7638252115380475,-0.09496618561678583
fictional_ontology,0,0,ontology-00000,ontology-00001,0.0,0.25,0.25,0.22941433641372,phase_rotation_-0.393,0.07722775016679428,0.11975467230825908,0.04252692214146481,1.0,True,0.09570660809677942,-0.08223653067996571,0.1413034187929121,0.001268554796741005,0.2849342151996217,1.9489053154771954,1.8534527614506209,-0.04897752254485623
fictional_ontology,0,0,ontology-00000,ontology-00001,0.0,0.25,0.25,0.22941433641372,phase_rotation_+0.393,0.07722775016679428,0.032859475375519615,-0.0443682747912747,0.0,True,0.09570660809677942,0.08812245500338037,0.053774618580341285,0.0012685547967410057,0.2849342151996218,1.9489053154771954,2.0358434841648987,0.04460871854434665
fictional_ontology,0,0,ontology-00000,ontology-00001,0.0,0.25,0.25,0.22941433641372,phase_rotation_+0.785,0.07722775016679428,0.9857953741660604,-0.09143237600073384,0.0,True,0.09570660809677942,0.16871498938786844,0.05377461858034121,0.004881093218636835,0.558918568302,1.9489053154771954,2.1028140893915377,0.07897190935448667
fictional_ontology,0,1,ontology-00000,ontology-00001,0.0,0.25,0.25,0.24627764475244263,candidate_transplant,0.07722775016679428,0.22182332781353561,0.14459557764674136,1.0,True,0.09570660809677942,-0.18237525258218054,0.6309789658354276,0.011834290526725796,0.8702842028386192,1.9489053154771954,1.6813029026825632,-0.13730908868146263
fictional_ontology,0,1,ontology-00000,ontology-00001,0.0,0.25,0.25,0.24627764475244263,eos_orthogonal_transplant,0.07722775016679428,0.2305192350436679,0.1532914848768736,1.0,True,0.09570660809677942,1.3877787807814457e-17,0.6800097397279751,0.012206227359418228,0.8838543720561475,1.9489053154771954,1.6352894565304796,-0.16091898177717573
fictional_ontology,0,1,ontology-00000,ontology-00001,0.0,0.25,0.25,0.24627764475244263,norm_matched_random,0.07722775016679428,0.07901066380107495,0.001782913634280625,0.5,True,0.09570660809677942,-0.1257600689101718,0.04591776807411637,0.011834290526725796,0.8702842028386192,1.9489053154771954,2.334973218940739,0.19809474600822966
fictional_ontology,0,1,ontology-00000,ontology-00001,0.0,0.25,0.25,0.24627764475244263,random_plane_transplant,0.07722775016679428,0.08394655782255665,0.006718807655762382,0.5,True,0.09570660809677942,-0.0013085175062057686,0.05163692666916982,0.00011650981774257644,0.08635177088818094,1.9489053154771954,1.9625591713126227,0.007005910306157764
fictional_ontology,0,1,ontology-00000,ontology-00001,0.0,0.25,0.25,0.24627764475244263,candidate_orthogonal_patch,0.07722775016679428,0.18574007283983496,0.10851232267304067,1.0,True,0.09570660809677942,0.14992637692535843,0.4095895305838122,0.013008711340494297,0.9124459029398043,1.9489053154771954,1.7026648416491386,-0.1263480949395246
fictional_ontology,0,1,ontology-00000,ontology-00001,0.0,0.25,0.25,0.24627764475244263,radial_plus_20pct,0.07722775016679428,0.08116200065052388,0.00393425048372964,0.5,True,0.09570660809677942,-0.007732380682304113,0.04833237118896126,0.0003333018933234909,0.14605246034457417,1.9489053154771954,2.0135978522332563,0.03319429437762129
fictional_ontology,0,1,ontology-00000,ontology-00001,0.0,0.25,0.25,0.24627764475244263,phase_rotation_-0.785,0.07722775016679428,0.16238477514059102,0.08515702497379674,1.0,True,0.09570660809677942,-0.14606737071641884,0.2789763484204563,0.004881093218636833,0.5589185683019999,1.9489053154771954,1.7638252115380475,-0.09496618561678583
fictional_ontology,0,1,ontology-00000,ontology-00001,0.0,0.25,0.25,0.24627764475244263,phase_rotation_-0.393,0.07722775016679428,0.11975467230825908,0.04252692214146481,1.0,True,0.09570660809677942,-0.08223653067996571,0.11760611496582174,0.001268554796741005,0.2849342151996217,1.9489053154771954,1.8534527614506209,-0.04897752254485623
fictional_ontology,0,1,ontology-00000,ontology-00001,0.0,0.25,0.25,0.24627764475244263,phase_rotation_+0.393,0.07722775016679428,0.032859475375519615,-0.0443682747912747,0.0,True,0.09570660809677942,0.08812245500338037,0.04400411066579087,0.0012685547967410057,0.2849342151996218,1.9489053154771954,2.0358434841648987,0.04460871854434665
fictional_ontology,0,1,ontology-00000,ontology-00001,0.0,0.25,0.25,0.24627764475244263,phase_rotation_+0.785,0.07722775016679428,0.9857953741660604,-0.09143237600073384,0.0,True,0.09570660809677942,0.16871498938786844,0.04400411066579087,0.004881093218636835,0.558918568302,1.9489053154771954,2.1028140893915377,0.07897190935448667
fictional_ontology,0,2,ontology-00000,ontology-00001,0.0,0.25,0.25,0.2379979369484111,candidate_transplant,0.07722775016679428,0.22772112734636665,0.15049337717957234,1.0,True,0.09570660809677942,-0.22068421749152642,0.6872642372654725,0.013538409672958336,0.930837375200058,1.9489053154771954,1.7003505550190956,-0.12753557521969217
fictional_ontology,0,2,ontology-00000,ontology-00001,0.0,0.25,0.25,0.2379979369484111,eos_orthogonal_transplant,0.07722775016679428,0.23750143469834045,0.16027368453154622,1.0,True,0.09570660809677942,3.469446951953614e-17,0.7372778671971202,0.014206796524731894,0.9535381364071608,1.9489053154771954,1.6473924922880634,-0.1547088105279787
fictional_ontology,0,2,ontology-00000,ontology-00001,0.0,0.25,0.25,0.2379979369484111,norm_matched_random,0.07722775016679428,0.06087261226495407,-0.016355137901840233,0.0,True,0.09570660809677942,0.11888749659293688,0.04856934601596069,0.013538409672958341,0.930837375200058,1.9489053154771954,2.1488133693868945,0.10257453367392096
fictional_ontology,0,2,ontology-00000,ontology-00001,0.0,0.25,0.25,0.2379979369484111,random_plane_transplant,0.07722775016679428,0.0750537940047732,-0.0021739561620210957,0.5,True,0.09570660809677942,0.046277947976420805,0.04856934601596069,0.0005571942867670246,0.18883970544641712,1.9489053154771954,1.9212612905471342,-0.014184385824455718
fictional_ontology,0,2,ontology-00000,ontology-00001,0.0,0.25,0.25,0.2379979369484111,candidate_orthogonal_patch,0.07722775016679428,0.175395465891557,0.09816771572476268,1.0,True,0.09570660809677942,0.19787200795513532,0.37266955339198765,0.009745720185846898,0.7897633138442184,1.9489053154771954,1.7817874573532255,-0.08574960353220162
fictional_ontology,0,2,ontology-00000,ontology-00001,0.0,0.25,0.25,0.2379979369484111,radial_plus_20pct,0.07722775016679428,0.08116200065052388,0.00393425048372964,0.5,True,0.09570660809677942,-0.007732380682304113,0.053321599225280805,0.0003333018933234909,0.14605246034457417,1.9489053154771954,2.0135978522332563,0.03319429437762129
fictional_ontology,0,2,ontology-00000,ontology-00001,0.0,0.25,0.25,0.2379979369484111,phase_rotation_-0.785,0.07722775016679428,0.16238477514059102,0.08515702497379674,1.0,True,0.09570660809677942,-0.14606737071641884,0.3002624128350852,0.004881093218636833,0.5589185683019999,1.9489053154771954,1.7638252115380475,-0.09496618561678583
fictional_ontology,0,2,ontology-00000,ontology-00001,0.0,0.25,0.25,0.2379979369484111,phase_rotation_-0.393,0.07722775016679428,0.11975467230825908,0.04252692214146481,1.0,True,0.09570660809677942,-0.08223653067996571,0.12877863657781463,0.001268554796741005,0.2849342151996217,1.9489053154771954,1.8534527614506209,-0.04897752254485623
fictional_ontology,0,2,ontology-00000,ontology-00001,0.0,0.25,0.25,0.2379979369484111,phase_rotation_+0.393,0.07722775016679428,0.032859475375519615,-0.0443682747912747,0.0,True,0.09570660809677942,0.08812245500338037,0.048569346015960725,0.0012685547967410057,0.2849342151996218,1.9489053154771954,2.0358434841648987,0.04460871854434665
fictional_ontology,0,2,ontology-00000,ontology-00001,0.0,0.25,0.25,0.2379979369484111,phase_rotation_+0.785,0.07722775016679428,0.9857953741660604,-0.09143237600073384,0.0,True,0.09570660809677942,0.16871498938786844,0.04856934601596074,0.004881093218636835,0.558918568302,1.9489053154771954,2.1028140893915377,0.07897190935448667
fictional_ontology,0,3,ontology-00000,ontology-00001,0.0,0.25,0.25,0.24318983479824985,candidate_transplant,0.07722775016679428,0.22413183817977453,0.14690408801298027,1.0,True,0.09570660809677942,-0.17162244353586564,0.6531080569903985,0.0119412312579555,0.8742075271405252,1.9489053154771954,1.674412175708967,-0.1408447796762348
fictional_ontology,0,3,ontology-00000,ontology-00001,0.0,0.25,0.25,0.24318983479824985,eos_orthogonal_transplant,0.07722775016679428,0.23420738115582462,0.15697963098903034,1.0,True,0.09570660809677942,4.163336342344337e-17,0.7077782361823495,0.012423265217975918,0.8916776177242864,1.9489053154771954,1.6303588762294077,-0.16344890473542098
fictional_ontology,0,3,ontology-00000,ontology-00001,0.0,0.25,0.25,0.24318983479824985,norm_matched_random,0.07722775016679428,0.0950367796804355,0.017809029513641272,1.0,True,0.09570660809677942,-0.1827599203612178,0.06948371316169916,0.0119412312579555,0.8742075271405252,1.9489053154771954,2.2144362755047777,0.13624620853505462
fictional_ontology,0,3,ontology-00000,ontology-00001,0.0,0.25,0.25,0.24318983479824985,random_plane_transplant,0.07722775016679428,0.07694353786450353,-0.0002842123022907539,0.5,True,0.09570660809677942,-0.001395922304777772,0.04565670696382401,2.4177409922002398e-05,0.03933642376993813,1.9489053154771954,1.9485577539711587,-0.00017833678387374697
fictional_ontology,0,3,ontology-00000,ontology-00001,0.0,0.25,0.25,0.24318983479824985,candidate_orthogonal_patch,0.07722775016679428,0.16617257339357214,0.08894482322677788,1.0,True,0.09570660809677942,0.16708157892391626,0.3065597596255752,0.01000321956384709,0.8001287721899605,1.9489053154771954,1.711832172450882,-0.12164425903280235
fictional_ontology,0,3,ontology-00000,ontology-00001,0.0,0.25,0.25,0.24318983479824985,radial_plus_20pct,0.07722775016679428,0.08116200065052388,0.00393425048372964,0.5,True,0.09570660809677942,-0.007732380682304113,0.05013899222949874,0.0003333018933234909,0.14605246034457417,1.9489053154771954,2.0135978522332563,0.03319429437762129
fictional_ontology,0,3,ontology-00000,ontology-00001,0.0,0.25,0.25,0.24318983479824985,phase_rotation_-0.785,0.07722775016679428,0.16238477514059102,0.08515702497379674,1.0,True,0.09570660809677942,-0.14606737071641884,0.2868060273121573,0.004881093218636833,0.5589185683019999,1.9489053154771954,1.7638252115380475,-0.09496618561678583
fictional_ontology,0,3,ontology-00000,ontology-00001,0.0,0.25,0.25,0.24318983479824985,phase_rotation_-0.393,0.07722775016679428,0.11975467230825908,0.04252692214146481,1.0,True,0.09570660809677942,-0.08223653067996571,0.12167107230087842,0.001268554796741005,0.2849342151996217,1.9489053154771954,1.8534527614506209,-0.04897752254485623
fictional_ontology,0,3,ontology-00000,ontology-00001,0.0,0.25,0.25,0.24318983479824985,phase_rotation_+0.393,0.07722775016679428,0.032859475375519615,-0.0443682747912747,0.0,True,0.09570660809677942,0.08812245500338037,0.04565670696382401,0.0012685547967410057,0.2849342151996218,1.9489053154771954,2.0358434841648987,0.04460871854434665
fictional_ontology,0,3,ontology-00000,ontology-00001,0.0,0.25,0.25,0.24318983479824985,phase_rotation_+0.785,0.07722775016679428,0.9857953741660604,-0.09143237600073384,0.0,True,0.09570660809677942,0.16871498938786844,0.04565670696382409,0.004881093218636835,0.558918568302,1.9489053154771954,2.1028140893915377,0.07897190935448667
fictional_ontology,0,4,ontology-00000,ontology-00001,0.0,0.25,0.25,0.23794244919994556,candidate_transplant,0.07722775016679428,0.19891751252446652,0.12168976235767226,1.0,True,0.09570660809677942,-0.16946286486641726,0.5169843238974607,0.009054083204503793,0.7612235710277518,1.9489053154771954,1.7002214373478213,-0.12760182660207026
fictional_ontology,0,4,ontology-00000,ontology-00001,0.0,0.25,0.25,0.23794244919994556,eos_orthogonal_transplant,0.07722775016679428,0.21488119629453997,0.13765344612774566,1.0,True,0.09570660809677942,-6.938893903907228e-18,0.614686605422136,0.01076312718323871,0.8299639388113663,1.9489053154771954,1.6569296884570934,-0.14981519353525433
fictional_ontology,0,4,ontology-00000,ontology-00001,0.0,0.25,0.25,0.23794244919994556,norm_matched_random,0.07722775016679428,0.07489623703308983,-0.0023315131337044437,0.5,True,0.09570660809677942,-0.013107112984592426,0.048601407417071966,0.009054083204503793,0.7612235710277518,1.9489053154771954,2.051701162546497,0.052745429063664855
fictional_ontology,0,4,ontology-00000,ontology-00001,0.0,0.25,0.25,0.23794244919994556,random_plane_transplant,0.07722775016679428,0.08083549491578396,0.0036077447489897274,0.5,True,0.09570660809677942,0.02545102496661504,0.05294582907536984,0.00037400447560687506,0.15471356255622842,1.9489053154771954,1.9362505883399197,-0.0064932488185949246
fictional_ontology,0,4,ontology-00000,ontology-00001,0.0,0.25,0.25,0.23794244919994556,candidate_orthogonal_patch,0.07722775016679428,0.1914045290568966,0.11417677889010225,1.0,True,0.09570660809677942,0.3656933476211137,0.4700705380203935,0.014163348825333462,0.9520789488384571,1.9489053154771954,1.7056239287414694,-0.12482976202266542
fictional_ontology,0,4,ontology-00000,ontology-00001,0.0,0.25,0.25,0.23794244919994556,radial_plus_20pct,0.07722775016679428,0.08116200065052388,0.00393425048372964,0.5,True,0.09570660809677942,-0.007732380682304113,0.0533566217382508,0.0003333018933234909,0.14605246034457417,1.9489053154771954,2.0135978522332563,0.03319429437762129
fictional_ontology,0,4,ontology-00000,ontology-00001,0.0,0.25,0.25,0.23794244919994556,phase_rotation_-0.785,0.07722775016679428,0.16238477514059102,0.08515702497379674,1.0,True,0.09570660809677942,-0.14606737071641884,0.3004081611162722,0.004881093218636833,0.5589185683019999,1.9489053154771954,1.7638252115380475,-0.09496618561678583
fictional_ontology,0,4,ontology-00000,ontology-00001,0.0,0.25,0.25,0.23794244919994556,phase_rotation_-0.393,0.07722775016679428,0.11975467230825908,0.04252692214146481,1.0,True,0.09570660809677942,-0.08223653067996571,0.12885647450694723,0.001268554796741005,0.2849342151996217,1.9489053154771954,1.8534527614506209,-0.04897752254485623
fictional_ontology,0,4,ontology-00000,ontology-00001,0.0,0.25,0.25,0.23794244919994556,phase_rotation_+0.393,0.07722775016679428,0.032859475375519615,-0.0443682747912747,0.0,True,0.09570660809677942,0.08812245500338037,0.04860140741707201,0.0012685547967410057,0.2849342151996218,1.9489053154771954,2.0358434841648987,0.04460871854434665
fictional_ontology,0,4,ontology-00000,ontology-00001,0.0,0.25,0.25,0.23794244919994556,phase_rotation_+0.785,0.07722775016679428,0.9857953741660604,-0.09143237600073384,0.0,True,0.09570660809677942,0.16871498938786844,0.04860140741707201,0.004881093218636835,0.558918568302,1.9489053154771954,2.1028140893915377,0.07897190935448667
fictional_ontology,0,5,ontology-00000,ontology-00001,0.0,0.25,0.25,0.2530749538888658,candidate_transplant,0.07722775016679428,0.21846562258610486,0.14123787241931063,1.0,True,0.09570660809677942,-0.17766428112108712,0.5908571425583977,0.011379060942333792,0.8533814506475769,1.9489053154771954,1.6818659739317599,-0.1370201720036102
fictional_ontology,0,5,ontology-00000,ontology-00001,0.0,0.25,0.25,0.2530749538888658,eos_orthogonal_transplant,0.07722775016679428,0.22857281969073287,0.15134506952393856,1.0,True,0.09570660809677942,2.7755575615628914e-17,0.6502617176845548,0.011993767764555442,0.8761284933909799,1.9489053154771954,1.6367551615943765,-0.16016691596245555
fictional_ontology,0,5,ontology-00000,ontology-00001,0.0,0.25,0.25,0.2530749538888658,norm_matched_random,0.07722775016679428,0.024930085426200777,-0.0522976647405935,0.0,True,0.09570660809677942,-0.012822948533796182,0.04056507862048844,0.01137906094233379,0.853381450647577,1.9489053154771954,2.2042309387270507,0.1310097628767245
fictional_ontology,0,5,ontology-00000,ontology-00001,0.0,0.25,0.25,0.2530749538888658,random_plane_transplant,0.07722775016679428,0.07532916030805305,-0.0018985898587412509,0.5,True,0.09570660809677942,-0.07985124522106055,0.04056507862048845,0.0014329174815539735,0.30283117213961697,1.9489053154771954,1.9402886427604158,-0.004421288529694299
fictional_ontology,0,5,ontology-00000,ontology-00001,0.0,0.25,0.25,0.2530749538888658,candidate_orthogonal_patch,0.07722775016679428,0.1871809375633856,0.10995318739659132,1.0,True,0.09570660809677942,0.1889194962794989,0.3978079079657089,0.012714216363618618,0.9020586717456861,1.9489053154771954,1.7626094857178785,-0.09558998494172705
fictional_ontology,0,5,ontology-00000,ontology-00001,0.0,0.25,0.25,0.2530749538888658,radial_plus_20pct,0.07722775016679428,0.08116200065052388,0.00393425048372964,0.5,True,0.09570660809677942,-0.007732380682304113,0.04457084539463591,0.0003333018933234909,0.14605246034457417,1.9489053154771954,2.0135978522332563,0.03319429437762129
fictional_ontology,0,5,ontology-00000,ontology-00001,0.0,0.25,0.25,0.2530749538888658,phase_rotation_-0.785,0.07722775016679428,0.16238477514059102,0.08515702497379674,1.0,True,0.09570660809677942,-0.14606737071641884,0.26221042996925975,0.004881093218636833,0.5589185683019999,1.9489053154771954,1.7638252115380475,-0.09496618561678583
fictional_ontology,0,5,ontology-00000,ontology-00001,0.0,0.25,0.25,0.2530749538888658,phase_rotation_-0.393,0.07722775016679428,0.11975467230825908,0.04252692214146481,1.0,True,0.09570660809677942,-0.08223653067996571,0.10907117706692553,0.001268554796741005,0.2849342151996217,1.9489053154771954,1.8534527614506209,-0.04897752254485623
fictional_ontology,0,5,ontology-00000,ontology-00001,0.0,0.25,0.25,0.2530749538888658,phase_rotation_+0.393,0.07722775016679428,0.032859475375519615,-0.0443682747912747,0.0,True,0.09570660809677942,0.08812245500338037,0.04056507862048844,0.0012685547967410057,0.2849342151996218,1.9489053154771954,2.0358434841648987,0.04460871854434665
fictional_ontology,0,5,ontology-00000,ontology-00001,0.0,0.25,0.25,0.2530749538888658,phase_rotation_+0.785,0.07722775016679428,0.9857953741660604,-0.09143237600073384,0.0,True,0.09570660809677942,0.16871498938786844,0.04056507862048837,0.004881093218636835,0.558918568302,1.9489053154771954,2.1028140893915377,0.07897190935448667
fictional_ontology,1,0,ontology-00000,ontology-00001,0.0,0.25,0.25,0.21384838342511825,candidate_transplant,0.0649505410841867,0.13442850593240815,0.06947796484822144,1.0,True,0.3035447544016167,-0.44739955551249655,0.281677532667676,0.010918427318383295,0.8359302293711663,2.2904703944399643,2.2550845649732723,-0.015449153829968658
fictional_ontology,1,0,ontology-00000,ontology-00001,0.0,0.25,0.25,0.21384838342511825,eos_orthogonal_transplant,0.0649505410841867,0.13830973926962148,0.07335919818543479,1.0,True,0.3035447544016167,1.3877787807814457e-17,0.3017191352003474,0.012779758116343232,0.9043807380998153,2.2904703944399643,2.215191366024076,-0.03286618704988529
fictional_ontology,1,0,ontology-00000,ontology-00001,0.0,0.25,0.25,0.21384838342511825,norm_matched_random,0.0649505410841867,0.09241899400702512,0.027468452922838393,1.0,True,0.3035447544016167,-0.25801101338371046,0.12063893873582106,0.010918427318383297,0.8359302293711665,2.2904703944399643,2.611167093597129,0.14001346620137278
fictional_ontology,1,0,ontology-00000,ontology-00001,0.0,0.25,0.25,0.21384838342511825,random_plane_transplant,0.0649505410841867,0.0698021851288524,0.004851644044665759,0.5,True,0.3035447544016167,0.10107958261180813,0.07230473438948148,0.001765561632778198,0.33614869402959857,2.2904703944399643,2.2526553079419918,-0.01650974690167019
fictional_ontology,1,0,ontology-00000,ontology-00001,0.0,0.25,0.25,0.21384838342511825,candidate_orthogonal_patch,0.0649505410841867,0.21012170687587023,0.14517116579168354,1.0,True,0.3035447544016167,0.3100166093156441,0.7223551932209981,0.03095575680544933,1.4075398522062377,2.2904703944399643,2.191386097616153,-0.04325936587712938
fictional_ontology,1,0,ontology-00000,ontology-00001,0.0,0.25,0.25,0.21384838342511825,radial_plus_20pct,0.0649505410841867,0.07054426692556223,0.005593725841375519,0.5,True,0.3035447544016167,0.04357719636908035,0.0735590620898083,0.00039679605160301547,0.15935792199508936,2.2904703944399643,2.3676015646006507,0.033674816469105945
fictional_ontology,1,0,ontology-00000,ontology-00001,0.0,0.25,0.25,0.21384838342511825,phase_rotation_-0.785,0.0649505410841867,0.11071600877630572,0.04576546769211898,1.0,True,0.3035447544016167,-0.333296708854284,0.1781447151661307,0.0058109436383596,0.6098363656383688,2.2904703944399643,2.205795228630027,-0.03696846115779673
fictional_ontology,1,0,ontology-00000,ontology-00001,0.0,0.25,0.25,0.21384838342511825,phase_rotation_-0.393,0.0649505410841867,0.08988413295666564,0.0249335918724789,1.0,True,0.3035447544016167,-0.16242677356636037,0.11407612927994909,0.0015102150472945434,0.31089188317942745,2.2904703944399643,2.2523633663907034,-0.01663720611354081
fictional_ontology,1,0,ontology-00000,ontology-00001,0.0,0.25,0.25,0.21384838342511825,phase_rotation_+0.393,0.0649505410841867,0.03739148714057895,-0.027559053943607748,0.0,True,0.3035447544016167,0.129255607971529,0.06457915838985888,0.001510215047294543,0.3108918831794274,2.2904703944399643,2.3148475652355462,0.010642866572192643
fictional_ontology,1,0,ontology-00000,ontology-00001,0.0,0.25,0.25,0.21384838342511825,phase_rotation_+0.785,0.0649505410841867,0.008709855930526011,-0.05624068515366071,0.0,True,0.3035447544016167,0.2056620557394393,0.06457915838985893,0.005810943638359599,0.6098363656383688,2.2904703944399643,2.3222496271033837,0.013874544172481943
fictional_ontology,1,1,ontology-00000,ontology-00001,0.0,0.25,0.25,0.2560865609292079,candidate_transplant,0.0649505410841867,0.14706723153235893,0.08211669044817227,1.0,True,0.3035447544016167,-0.5321938348970501,0.24082445851772485,0.015164904564627508,0.9851669361768901,2.2904703944399643,2.264294472345076,-0.011428186174520922
fictional_ontology,1,1,ontology-00000,ontology-00001,0.0,0.25,0.25,0.2560865609292079,eos_orthogonal_transplant,0.0649505410841867,0.15862569856241523,0.09367515747822852,1.0,True,0.3035447544016167,8.326672684688674e-17,0.29750587308441767,0.01945947626975364,1.1159778139659557,2.2904703944399643,2.2283464227406293,-0.02712280056102828
fictional_ontology,1,1,ontology-00000,ontology-00001,0.0,0.25,0.25,0.2560865609292079,norm_matched_random,0.0649505410841867,0.07930891256501563,0.014358371480828969,1.0,True,0.3035447544016167,-0.08337726716734195,0.055089934867876014,0.015164904564627511,0.9851669361768902,2.2904703944399643,2.278898086514844,-0.0050523717543835426
fictional_ontology,1,1,ontology-00000,ontology-00001,0.0,0.25,0.25,0.2560865609292079,random_plane_transplant,0.0649505410841867,0.0764187417220977,0.011468200637910986,1.0,True,0.3035447544016167,0.11842670743721867,0.051447415696685296,0.005128682609290573,0.5729185692527312,2.2904703944399643,2.2117668467486054,-0.034361303198857746
fictional_ontology,1,1,ontology-00000,ontology-00001,0.0,0.25,0.25,0.2560865609292079,candidate_orthogonal_patch,0.0649505410841867,0.2586781627228072,0.19372762163862056,1.0,True,0.3035447544016167,0.44370681639612436,0.837821641204105,0.04389523415488009,1.6760951601601641,2.2904703944399643,2.201506957783582,-0.03884068393651273
fictional_ontology,1,1,ontology-00000,ontology-00001,0.0,0.25,0.25,0.2560865609292079,radial_plus_20pct,0.0649505410841867,0.07054426692556223,0.005593725841375519,0.5,True,0.3035447544016167,0.04357719636908035,0.04473473207360119,0.00039679605160301547,0.15935792199508936,2.2904703944399643,2.3676015646006507,0.033674816469105945
fictional_ontology,1,1,ontology-00000,ontology-00001,0.0,0.25,0.25,0.2560865609292079,phase_rotation_-0.785,0.0649505410841867,0.11071600877630572,0.04576546769211898,1.0,True,0.3035447544016167,-0.333296708854284,0.11335247434443416,0.0058109436383596,0.6098363656383688,2.2904703944399643,2.205795228630027,-0.03696846115779673
fictional_ontology,1,1,ontology-00000,ontology-00001,0.0,0.25,0.25,0.2560865609292079,phase_rotation_-0.393,0.0649505410841867,0.08988413295666564,0.0249335918724789,1.0,True,0.3035447544016167,-0.16242677356636037,0.07058470372711564,0.0015102150472945434,0.31089188317942745,2.2904703944399643,2.2523633663907034,-0.01663720611354081
fictional_ontology,1,1,ontology-00000,ontology-00001,0.0,0.25,0.25,0.2560865609292079,phase_rotation_+0.393,0.0649505410841867,0.03739148714057895,-0.027559053943607748,0.0,True,0.3035447544016167,0.129255607971529,0.03912502508265082,0.001510215047294543,0.3108918831794274,2.2904703944399643,2.3148475652355462,0.010642866572192643
fictional_ontology,1,1,ontology-00000,ontology-00001,0.0,0.25,0.25,0.2560865609292079,phase_rotation_+0.785,0.0649505410841867,0.008709855930526011,-0.05624068515366071,0.0,True,0.3035447544016167,0.2056620557394393,0.039125025082650845,0.005810943638359599,0.6098363656383688,2.2904703944399643,2.3222496271033837,0.013874544172481943
fictional_ontology,1,2,ontology-00000,ontology-00001,0.0,0.25,0.25,0.2421639664328169,candidate_transplant,0.0649505410841867,0.1406653935385115,0.07571485245432485,1.0,True,0.3035447544016167,-0.4891367953975878,0.24339084065316713,0.012928766774650564,0.9096378804654279,2.2904703944399643,2.2592181748580082,-0.013644454718916982
fictional_ontology,1,2,ontology-00000,ontology-00001,0.0,0.25,0.25,0.2421639664328169,eos_orthogonal_transplant,0.0649505410841867,0.1490681732957788,0.08411763221159207,1.0,True,0.3035447544016167,8.326672684688674e-17,0.2841214432784848,0.016212939056096335,1.0186403190479776,2.2904703944399643,2.220688750808961,-0.030466075353078347
fictional_ontology,1,2,ontology-00000,ontology-00001,0.0,0.25,0.25,0.2421639664328169,norm_matched_random,0.0649505410841867,0.05511300554319491,-0.00983753554099176,0.5,True,0.3035447544016167,0.06400457679010574,0.046218715048715726,0.012928766774650562,0.9096378804654278,2.2904703944399643,2.445652454359428,0.06775117473518212
fictional_ontology,1,2,ontology-00000,ontology-00001,0.0,0.25,0.25,0.2421639664328169,random_plane_transplant,0.0649505410841867,0.06721545737221123,0.002264916288024499,0.5,True,0.3035447544016167,-0.04175810238215494,0.04877992136188758,0.00118040542482007,0.2748562300339661,2.2904703944399643,2.283830576129571,-0.0028988885106356267
fictional_ontology,1,2,ontology-00000,ontology-00001,0.0,0.25,0.25,0.2421639664328169,candidate_orthogonal_patch,0.0649505410841867,0.23179769583842255,0.16684715475423584,1.0,True,0.3035447544016167,0.39123107008957836,0.7584369744261071,0.03488534789481021,1.4942095787632517,2.2904703944399643,2.072996055918415,-0.09494745666630769
fictional_ontology,1,2,ontology-00000,ontology-00001,0.0,0.25,0.25,0.2421639664328169,radial_plus_20pct,0.0649505410841867,0.07054426692556223,0.005593725841375519,0.5,True,0.3035447544016167,0.04357719636908035,0.05278963039220562,0.00039679605160301547,0.15935792199508936,2.2904703944399643,2.3676015646006507,0.033674816469105945
fictional_ontology,1,2,ontology-00000,ontology-00001,0.0,0.25,0.25,0.2421639664328169,phase_rotation_-0.785,0.0649505410841867,0.11071600877630572,0.04576546769211898,1.0,True,0.3035447544016167,-0.333296708854284,0.13205465133920385,0.0058109436383596,0.6098363656383688,2.2904703944399643,2.205795228630027,-0.03696846115779673
fictional_ontology,1,2,ontology-00000,ontology-00001,0.0,0.25,0.25,0.2421639664328169,phase_rotation_-0.393,0.0649505410841867,0.08988413295666564,0.0249335918724789,1.0,True,0.3035447544016167,-0.16242677356636037,0.08289024404036469,0.0015102150472945434,0.31089188317942745,2.2904703944399643,2.2523633663907034,-0.01663720611354081
fictional_ontology,1,2,ontology-00000,ontology-00001,0.0,0.25,0.25,0.2421639664328169,phase_rotation_+0.393,0.0649505410841867,0.03739148714057895,-0.027559053943607748,0.0,True,0.3035447544016167,0.129255607971529,0.04621871504871572,0.001510215047294543,0.3108918831794274,2.2904703944399643,2.3148475652355462,0.010642866572192643
fictional_ontology,1,2,ontology-00000,ontology-00001,0.0,0.25,0.25,0.2421639664328169,phase_rotation_+0.785,0.0649505410841867,0.008709855930526011,-0.05624068515366071,0.0,True,0.3035447544016167,0.2056620557394393,0.04621871504871575,0.005810943638359599,0.6098363656383688,2.2904703944399643,2.3222496271033837,0.013874544172481943
fictional_ontology,1,3,ontology-00000,ontology-00001,0.0,0.25,0.25,0.2634459626733431,candidate_transplant,0.0649505410841867,0.1414865099926248,0.07653596890843806,1.0,True,0.3035447544016167,-0.5311146008686812,0.20106115133626065,0.014625583947108745,0.9674902441962708,2.2904703944399643,2.2177606199527182,-0.031744472516975736
fictional_ontology,1,3,ontology-00000,ontology-00001,0.0,0.25,0.25,0.2634459626733431,eos_orthogonal_transplant,0.0649505410841867,0.1590558325061935,0.09410529142200685,1.0,True,0.3035447544016167,1.1102230246251565e-16,0.28081101923194457,0.020831658708192258,1.154654128873363,2.2904703944399643,2.1882874816450855,-0.04461219540009082
fictional_ontology,1,3,ontology-00000,ontology-00001,0.0,0.25,0.25,0.2634459626733431,norm_matched_random,0.0649505410841867,0.07395691311752745,0.00900637203334076,0.5,True,0.3035447544016167,0.2616746505253854,0.044450292919627904,0.014625583947108747,0.9674902441962708,2.2904703944399643,2.7894054740453478,0.21783083545481782
fictional_ontology,1,3,ontology-00000,ontology-00001,0.0,0.25,0.25,0.2634459626733431,random_plane_transplant,0.0649505410841867,0.07041077665767732,0.005460235573490624,0.5,True,0.3035447544016167,0.01787211104910015,0.040833234107701004,0.000625055524094502,0.20000888365782188,2.2904703944399643,2.3213917696257345,0.01350001085402839
fictional_ontology,1,3,ontology-00000,ontology-00001,0.0,0.25,0.25,0.2634459626733431,candidate_orthogonal_patch,0.0649505410841867,0.254161671880969,0.1892111307967823,1.0,True,0.3035447544016167,0.5259683049163058,0.8080212604927984,0.04015735728779518,1.6031440566645567,2.2904703944399643,2.180243717988353,-0.048124034573501784
fictional_ontology,1,3,ontology-00000,ontology-00001,0.0,0.25,0.25,0.2634459626733431,radial_plus_20pct,0.0649505410841867,0.07054426692556223,0.005593725841375519,0.5,True,0.3035447544016167,0.04357719636908035,0.040964141181623774,0.00039679605160301547,0.15935792199508936,2.2904703944399643,2.3676015646006507,0.033674816469105945
fictional_ontology,1,3,ontology-00000,ontology-00001,0.0,0.25,0.25,0.2634459626733431,phase_rotation_-0.785,0.0649505410841867,0.11071600877630572,0.04576546769211898,1.0,True,0.3035447544016167,-0.333296708854284,0.10443051957219485,0.0058109436383596,0.6098363656383688,2.2904703944399643,2.205795228630027,-0.03696846115779673
fictional_ontology,1,3,ontology-00000,ontology-00001,0.0,0.25,0.25,0.2634459626733431,phase_rotation_-0.393,0.0649505410841867,0.08988413295666564,0.0249335918724789,1.0,True,0.3035447544016167,-0.16242677356636037,0.06478303805158091,0.0015102150472945434,0.31089188317942745,2.2904703944399643,2.2523633663907034,-0.01663720611354081
fictional_ontology,1,3,ontology-00000,ontology-00001,0.0,0.25,0.25,0.2634459626733431,phase_rotation_+0.393,0.0649505410841867,0.03739148714057895,-0.027559053943607748,0.0,True,0.3035447544016167,0.129255607971529,0.035809539169240366,0.001510215047294543,0.3108918831794274,2.2904703944399643,2.3148475652355462,0.010642866572192643
fictional_ontology,1,3,ontology-00000,ontology-00001,0.0,0.25,0.25,0.2634459626733431,phase_rotation_+0.785,0.0649505410841867,0.008709855930526011,-0.05624068515366071,0.0,True,0.3035447544016167,0.2056620557394393,0.0358095391692404,0.005810943638359599,0.6098363656383688,2.2904703944399643,2.3222496271033837,0.013874544172481943
fictional_ontology,1,4,ontology-00000,ontology-00001,0.0,0.25,0.25,0.2636063684601996,candidate_transplant,0.0649505410841867,0.13926135984233043,0.07431081875814372,1.0,True,0.3035447544016167,-0.5300695860347379,0.19196239003808893,0.0144929965725723,0.9630948970089226,2.2904703944399643,2.202675298465333,-0.0383305962774069
fictional_ontology,1,4,ontology-00000,ontology-00001,0.0,0.25,0.25,0.2636063684601996,eos_orthogonal_transplant,0.0649505410841867,0.15605820277302782,0.0911076616888411,1.0,True,0.3035447544016167,8.326672684688674e-17,0.2655364862478853,0.020410916923073914,1.142934242673974,2.2904703944399643,2.171819751649057,-0.05180186702213115
fictional_ontology,1,4,ontology-00000,ontology-00001,0.0,0.25,0.25,0.2636063684601996,norm_matched_random,0.0649505410841867,0.09247939218916956,0.02752885110498282,1.0,True,0.3035447544016167,0.2820153773072722,0.06869833219099554,0.014492996572572301,0.9630948970089226,2.2904703944399643,2.6273950771014762,0.1470984665330688
fictional_ontology,1,4,ontology-00000,ontology-00001,0.0,0.25,0.25,0.2636063684601996,random_plane_transplant,0.0649505410841867,0.07395485372094059,0.00900431263675383,0.5,True,0.3035447544016167,0.07642766319462055,0.044363023542254236,0.006231608486895975,0.6315243013228726,2.2904703944399643,2.242272852227743,-0.021042639245291803
fictional_ontology,1,4,ontology-00000,ontology-00001,0.0,0.25,0.25,0.2636063684601996,candidate_orthogonal_patch,0.0649505410841867,0.24862666299734346,0.18367612191315674,1.0,True,0.3035447544016167,0.5137754138279176,0.7852998881448285,0.03936302898169125,1.58720945524787,2.2904703944399643,2.1884582569806126,-0.04453763633312289
fictional_ontology,1,4,ontology-00000,ontology-00001,0.0,0.25,0.25,0.2636063684601996,radial_plus_20pct,0.0649505410841867,0.07054426692556223,0.005593725841375519,0.5,True,0.3035447544016167,0.04357719636908035,0.040885442209706024,0.00039679605160301547,0.15935792199508936,2.2904703944399643,2.3676015646006507,0.033674816469105945
fictional_ontology,1,4,ontology-00000,ontology-00001,0.0,0.25,0.25,0.2636063684601996,phase_rotation_-0.785,0.0649505410841867,0.11071600877630572,0.04576546769211898,1.0,True,0.3035447544016167,-0.333296708854284,0.10424314428939785,0.0058109436383596,0.6098363656383688,2.2904703944399643,2.205795228630027,-0.03696846115779673
fictional_ontology,1,4,ontology-00000,ontology-00001,0.0,0.25,0.25,0.2636063684601996,phase_rotation_-0.393,0.0649505410841867,0.08988413295666564,0.0249335918724789,1.0,True,0.3035447544016167,-0.16242677356636037,0.06466166430242347,0.0015102150472945434,0.31089188317942745,2.2904703944399643,2.2523633663907034,-0.01663720611354081
fictional_ontology,1,4,ontology-00000,ontology-00001,0.0,0.25,0.25,0.2636063684601996,phase_rotation_+0.393,0.0649505410841867,0.03739148714057895,-0.027559053943607748,0.0,True,0.3035447544016167,0.129255607971529,0.03574037400110813,0.001510215047294543,0.3108918831794274,2.2904703944399643,2.3148475652355462,0.010642866572192643
fictional_ontology,1,4,ontology-00000,ontology-00001,0.0,0.25,0.25,0.2636063684601996,phase_rotation_+0.785,0.0649505410841867,0.008709855930526011,-0.05624068515366071,0.0,True,0.3035447544016167,0.2056620557394393,0.035740374001108154,0.005810943638359599,0.6098363656383688,2.2904703944399643,2.3222496271033837,0.013874544172481943
fictional_ontology,1,5,ontology-00000,ontology-00001,0.0,0.25,0.25,0.26430935504067943,candidate_transplant,0.0649505410841867,0.1444980597737321,0.07954751868954535,1.0,True,0.3035447544016167,-0.5552107158328184,0.21162150535348262,0.015928543376101428,1.0096666658211961,2.2904703944399643,2.2152566649385284,-0.032837678096173856
fictional_ontology,1,5,ontology-00000,ontology-00001,0.0,0.25,0.25,0.26430935504067943,eos_orthogonal_transplant,0.0649505410841867,0.15998418078340904,0.0950336396992223,1.0,True,0.3035447544016167,1.3877787807814457e-17,0.2833253789247319,0.02139481762147252,1.1701573944449701,2.2904703944399643,2.182990306922358,-0.046924897077259935
fictional_ontology,1,5,ontology-00000,ontology-00001,0.0,0.25,0.25,0.26430935504067943,norm_matched_random,0.0649505410841867,0.10065340480239644,0.03570286371820974,1.0,True,0.3035447544016167,-0.04748246187501699,0.08231541534042325,0.015928543376101424,1.0096666658211961,2.2904703944399643,2.732337990707243,0.19291565494140278
fictional_ontology,1,5,ontology-00000,ontology-00001,0.0,0.25,0.25,0.26430935504067943,random_plane_transplant,0.0649505410841867,0.08094557739356982,0.015995036309383148,1.0,True,0.3035447544016167,-0.046094939138620346,0.051956624471551666,0.0025930330050013416,0.40737465841665443,2.2904703944399643,2.3267939274813156,0.015858547278989273
fictional_ontology,1,5,ontology-00000,ontology-00001,0.0,0.25,0.25,0.26430935504067943,candidate_orthogonal_patch,0.0649505410841867,0.2486374753945165,0.18368693431032979,1.0,True,0.3035447544016167,0.4960695139044463,0.7838603952052481,0.03884612493203408,1.5767536255389367,2.2904703944399643,2.175857688866658,-0.05003893778829207
fictional_ontology,1,5,ontology-00000,ontology-00001,0.0,0.25,0.25,0.26430935504067943,radial_plus_20pct,0.0649505410841867,0.07054426692556223,0.005593725841375519,0.5,True,0.3035447544016167,0.04357719636908035,0.04054224412358067,0.00039679605160301547,0.15935792199508936,2.2904703944399643,2.3676015646006507,0.033674816469105945
fictional_ontology,1,5,ontology-00000,ontology-00001,0.0,0.25,0.25,0.26430935504067943,phase_rotation_-0.785,0.0649505410841867,0.11071600877630572,0.04576546769211898,1.0,True,0.3035447544016167,-0.333296708854284,0.10342546273033738,0.0058109436383596,0.6098363656383688,2.2904703944399643,2.205795228630027,-0.03696846115779673
fictional_ontology,1,5,ontology-00000,ontology-00001,0.0,0.25,0.25,0.26430935504067943,phase_rotation_-0.393,0.0649505410841867,0.08988413295666564,0.0249335918724789,1.0,True,0.3035447544016167,-0.16242677356636037,0.06413223049578957,0.0015102150472945434,0.31089188317942745,2.2904703944399643,2.2523633663907034,-0.01663720611354081
fictional_ontology,1,5,ontology-00000,ontology-00001,0.0,0.25,0.25,0.26430935504067943,phase_rotation_+0.393,0.0649505410841867,0.03739148714057895,-0.027559053943607748,0.0,True,0.3035447544016167,0.129255607971529,0.0354387685439558,0.001510215047294543,0.3108918831794274,2.2904703944399643,2.3148475652355462,0.010642866572192643
fictional_ontology,1,5,ontology-00000,ontology-00001,0.0,0.25,0.25,0.26430935504067943,phase_rotation_+0.785,0.0649505410841867,0.008709855930526011,-0.05624068515366071,0.0,True,0.3035447544016167,0.2056620557394393,0.03543876854395581,0.005810943638359599,0.6098363656383688,2.2904703944399643,2.3222496271033837,0.013874544172481943
fictional_ontology,2,0,ontology-00000,ontology-00001,0.0,0.25,0.25,0.21420950025313823,candidate_transplant,0.07502218075168465,0.1330464134097253,0.058024232658040686,1.0,True,0.5949836590548723,-0.7710112511637274,0.22670465923897606,0.015651543246616512,1.0008490234713008,2.043057755563644,2.082149482656834,0.019133931474396775
fictional_ontology,2,0,ontology-00000,ontology-00001,0.0,0.25,0.25,0.21420950025313823,eos_orthogonal_transplant,0.07502218075168465,0.1067915146312303,0.031769333879545614,1.0,True,0.5949836590548723,8.326672684688674e-17,0.1320005025195052,0.014185920432294646,0.9528372933858421,2.043057755563644,2.0176765331352113,-0.01242315463638503
fictional_ontology,2,0,ontology-00000,ontology-00001,0.0,0.25,0.25,0.21420950025313823,norm_matched_random,0.07502218075168465,0.08427878573804581,0.009256604986361161,0.5,True,0.5949836590548723,-0.2764393262753444,0.07971661411613416,0.015651543246616502,1.0008490234713006,2.043057755563644,2.2395269039535,0.0961642654765056
fictional_ontology,2,0,ontology-00000,ontology-00001,0.0,0.25,0.25,0.21420950025313823,random_plane_transplant,0.07502218075168465,0.08536454430540288,0.010342363553718203,1.0,True,0.5949836590548723,-0.03011750119335499,0.08173080072730077,0.002329641779506697,0.38613090252973614,2.043057755563644,2.1382093248971734,0.04657311770771675
fictional_ontology,2,0,ontology-00000,ontology-00001,0.0,0.25,0.25,0.21420950025313823,candidate_orthogonal_patch,0.07502218075168465,0.23351797075826938,0.15849579000658476,1.0,True,0.5949836590548723,0.2601846302091311,0.7832616600183578,0.044836562071398876,1.6939716563654565,2.043057755563644,1.902944414988285,-0.06858021521604235
fictional_ontology,2,0,ontology-00000,ontology-00001,0.0,0.25,0.25,0.21420950025313823,radial_plus_20pct,0.07502218075168465,0.07966665445199798,0.00464447370031329,0.5,True,0.5949836590548723,0.061840251886246415,0.0716572341100684,0.0007034037866398158,0.21217408499849413,2.043057755563644,2.164008430558207,0.059200810483790944
fictional_ontology,2,0,ontology-00000,ontology-00001,0.0,0.25,0.25,0.21420950025313823,phase_rotation_-0.785,0.07502218075168465,0.12170082712961308,0.0466786463779284,1.0,True,0.5949836590548723,-0.6262945058077307,0.18084209893532652,0.010301109959788793,0.8119550710639615,2.043057755563644,2.0559635565455916,0.006316904623377567
fictional_ontology,2,0,ontology-00000,ontology-00001,0.0,0.25,0.25,0.21420950025313823,phase_rotation_-0.393,0.07502218075168465,0.09988969730209753,0.02486751655041286,1.0,True,0.5949836590548723,-0.31347237198841726,0.11345447331951547,0.0026771712536348656,0.4139311056596634,2.043057755563644,2.0514235702194465,0.004094751914389393
fictional_ontology,2,0,ontology-00000,ontology-00001,0.0,0.25,0.25,0.21420950025313823,phase_rotation_+0.393,0.07502218075168465,0.047381254603215676,-0.02764092614846897,0.0,True,0.5949836590548723,0.26639928315610684,0.06430701131493728,0.002677171253634867,0.41393110565966346,2.043057755563644,2.032102345165739,-0.005362261721711647
fictional_ontology,2,0,ontology-00000,ontology-00001,0.0,0.25,0.25,0.21420950025313823,phase_rotation_+0.785,0.07502218075168465,0.017347909045583147,-0.05767427170610151,0.0,True,0.5949836590548723,0.44516860153464116,0.06430701131493728,0.01030110995978879,0.8119550710639614,2.043057755563644,2.0201980880072594,-0.01118894827820382
fictional_ontology,2,1,ontology-00000,ontology-00001,0.0,0.25,0.25,0.2521849969095502,candidate_transplant,0.07502218075168465,0.13966376400348587,0.06464158325180125,1.0,True,0.5949836590548723,-0.8717145610455862,0.17707774169861118,0.020373732258416613,1.1418926676963397,2.043057755563644,2.0758245700532116,0.01603812442420534
fictional_ontology,2,1,ontology-00000,ontology-00001,0.0,0.25,0.25,0.2521849969095502,eos_orthogonal_transplant,0.07502218075168465,0.10259947465073994,0.027577293899055277,1.0,True,0.5949836590548723,1.1102230246251565e-16,0.07850173890345143,0.015096435082925854,0.9829404078107963,2.043057755563644,1.969762061824299,-0.0358754878758306
fictional_ontology,2,1,ontology-00000,ontology-00001,0.0,0.25,0.25,0.2521849969095502,norm_matched_random,0.07502218075168465,0.12310006815748195,0.048077887405797326,1.0,True,0.5949836590548723,-0.5616606216398461,0.12451353399596382,0.02037373225841661,1.1418926676963397,2.043057755563644,1.943781122374829,-0.04859218145863262
fictional_ontology,2,1,ontology-00000,ontology-00001,0.0,0.25,0.25,0.2521849969095502,random_plane_transplant,0.07502218075168465,0.09235547470087489,0.017333293949190254,1.0,True,0.5949836590548723,-0.03197003537787774,0.06186262964173579,0.0033969083505663088,0.46626401795146466,2.043057755563644,2.0816610405963485,0.018894857439825188
fictional_ontology,2,1,ontology-00000,ontology-00001,0.0,0.25,0.25,0.2521849969095502,candidate_orthogonal_patch,0.07502218075168465,0.26452046317252675,0.1894982824208421,1.0,True,0.5949836590548723,0.20627791223206834,0.8299318851785736,0.054877953964349135,1.8740835236771984,2.043057755563644,1.8608288294520656,-0.08919421177171019
fictional_ontology,2,1,ontology-00000,ontology-00001,0.0,0.25,0.25,0.2521849969095502,radial_plus_20pct,0.07502218075168465,0.07966665445199798,0.00464447370031329,0.5,True,0.5949836590548723,0.061840251886246415,0.045816984996083915,0.0007034037866398158,0.21217408499849413,2.043057755563644,2.164008430558207,0.059200810483790944
fictional_ontology,2,1,ontology-00000,ontology-00001,0.0,0.25,0.25,0.2521849969095502,phase_rotation_-0.785,0.07502218075168465,0.12170082712961308,0.0466786463779284,1.0,True,0.5949836590548723,-0.6262945058077307,0.12075007186613639,0.010301109959788793,0.8119550710639615,2.043057755563644,2.0559635565455916,0.006316904623377567
fictional_ontology,2,1,ontology-00000,ontology-00001,0.0,0.25,0.25,0.2521849969095502,phase_rotation_-0.393,0.07502218075168465,0.09988969730209753,0.02486751655041286,1.0,True,0.5949836590548723,-0.31347237198841726,0.07373897768048548,0.0026771712536348656,0.4139311056596634,2.043057755563644,2.0514235702194465,0.004094751914389393
fictional_ontology,2,1,ontology-00000,ontology-00001,0.0,0.25,0.25,0.2521849969095502,phase_rotation_+0.393,0.07502218075168465,0.047381254603215676,-0.02764092614846897,0.0,True,0.5949836590548723,0.26639928315610684,0.04100025741478617,0.002677171253634867,0.41393110565966346,2.043057755563644,2.032102345165739,-0.005362261721711647
fictional_ontology,2,1,ontology-00000,ontology-00001,0.0,0.25,0.25,0.2521849969095502,phase_rotation_+0.785,0.07502218075168465,0.017347909045583147,-0.05767427170610151,0.0,True,0.5949836590548723,0.44516860153464116,0.041000257414786176,0.01030110995978879,0.8119550710639614,2.043057755563644,2.0201980880072594,-0.01118894827820382
fictional_ontology,2,2,ontology-00000,ontology-00001,0.0,0.25,0.25,0.24031562324174804,candidate_transplant,0.07502218075168465,0.14433788220187316,0.0693157014501885,1.0,True,0.5949836590548723,-0.911031230992702,0.21907709118154567,0.022050890383324608,1.187963376764105,2.043057755563644,2.1101939927906006,0.032860665365005634
fictional_ontology,2,2,ontology-00000,ontology-00001,0.0,0.25,0.25,0.24031562324174804,eos_orthogonal_transplant,0.07502218075168465,0.1087334051599713,0.033711224408286666,1.0,True,0.5949836590548723,6.938893903907228e-17,0.10329252521070369,0.018021395658912878,1.0739503350576431,2.043057755563644,2.0121433410334437,-0.015131444251154685
fictional_ontology,2,2,ontology-00000,ontology-00001,0.0,0.25,0.25,0.24031562324174804,norm_matched_random,0.07502218075168465,0.10159439458430918,0.026572213832624536,1.0,True,0.5949836590548723,0.04147983201492825,0.08789277532813317,0.022050890383324605,1.187963376764105,2.043057755563644,2.296334662377226,0.12396952857737832
fictional_ontology,2,2,ontology-00000,ontology-00001,0.0,0.25,0.25,0.24031562324174804,random_plane_transplant,0.07502218075168465,0.10255944683681546,0.02753726608513085,1.0,True,0.5949836590548723,-0.16217308551792947,0.08984625218812772,0.010021484572695565,0.8008589218161437,2.043057755563644,1.9387127942805709,-0.05107293760977716
fictional_ontology,2,2,ontology-00000,ontology-00001,0.0,0.25,0.25,0.24031562324174804,candidate_orthogonal_patch,0.07502218075168465,0.2543488215418342,0.17932664079014948,1.0,True,0.5949836590548723,0.2596314546302868,0.8144548476070346,0.05361092880821772,1.8523227158694389,2.043057755563644,1.8445160294801417,-0.09717871437693561
fictional_ontology,2,2,ontology-00000,ontology-00001,0.0,0.25,0.25,0.24031562324174804,radial_plus_20pct,0.07502218075168465,0.07966665445199798,0.00464447370031329,0.5,True,0.5949836590548723,0.061840251886246415,0.05275828669118397,0.0007034037866398158,0.21217408499849413,2.043057755563644,2.164008430558207,0.059200810483790944
fictional_ontology,2,2,ontology-00000,ontology-00001,0.0,0.25,0.25,0.24031562324174804,phase_rotation_-0.785,0.07502218075168465,0.12170082712961308,0.0466786463779284,1.0,True,0.5949836590548723,-0.6262945058077307,0.13740895729282412,0.010301109959788793,0.8119550710639615,2.043057755563644,2.0559635565455916,0.006316904623377567
fictional_ontology,2,2,ontology-00000,ontology-00001,0.0,0.25,0.25,0.24031562324174804,phase_rotation_-0.393,0.07502218075168465,0.09988969730209753,0.02486751655041286,1.0,True,0.5949836590548723,-0.31347237198841726,0.08453570473310368,0.0026771712536348656,0.4139311056596634,2.043057755563644,2.0514235702194465,0.004094751914389393
fictional_ontology,2,2,ontology-00000,ontology-00001,0.0,0.25,0.25,0.24031562324174804,phase_rotation_+0.393,0.07502218075168465,0.047381254603215676,-0.02764092614846897,0.0,True,0.5949836590548723,0.26639928315610684,0.04724795603842997,0.002677171253634867,0.41393110565966346,2.043057755563644,2.032102345165739,-0.005362261721711647
fictional_ontology,2,2,ontology-00000,ontology-00001,0.0,0.25,0.25,0.24031562324174804,phase_rotation_+0.785,0.07502218075168465,0.017347909045583147,-0.05767427170610151,0.0,True,0.5949836590548723,0.44516860153464116,0.04724795603842997,0.01030110995978879,0.8119550710639614,2.043057755563644,2.0201980880072594,-0.01118894827820382
fictional_ontology,2,3,ontology-00000,ontology-00001,0.0,0.25,0.25,0.24201004871211707,candidate_transplant,0.07502218075168465,0.13776076430219913,0.06273858355051454,1.0,True,0.5949836590548723,-0.8483638454088367,0.18897854477367435,0.0192449838082955,1.1098103278177367,2.043057755563644,2.071316874938835,0.013831777049980986
fictional_ontology,2,3,ontology-00000,ontology-00001,0.0,0.25,0.25,0.24201004871211707,eos_orthogonal_transplant,0.07502218075168465,0.10479484362179868,0.02977266287011404,1.0,True,0.5949836590548723,8.326672684688674e-17,0.09272486884511248,0.01602436997266206,1.0126992042311338,2.043057755563644,1.9848495242661222,-0.028490741947460718
fictional_ontology,2,3,ontology-00000,ontology-00001,0.0,0.25,0.25,0.24201004871211707,norm_matched_random,0.07502218075168465,0.09698272089441702,0.02196054014273241,1.0,True,0.5949836590548723,-0.1804589091381902,0.07754986972933417,0.019244983808295507,1.1098103278177367,2.043057755563644,2.4747989863043105,0.21132110904106888
fictional_ontology,2,3,ontology-00000,ontology-00001,0.0,0.25,0.25,0.24201004871211707,random_plane_transplant,0.07502218075168465,0.09481752942122174,0.019795348669537027,1.0,True,0.5949836590548723,-0.10202590403999168,0.07376511790050487,0.0042975850816083,0.5244477526150066,2.043057755563644,2.1786180173603373,0.06635165424351618
fictional_ontology,2,3,ontology-00000,ontology-00001,0.0,0.25,0.25,0.24201004871211707,candidate_orthogonal_patch,0.07502218075168465,0.25334407382990926,0.17832189307822466,1.0,True,0.5949836590548723,0.24901442201553245,0.8073561451205369,0.04988906280384998,1.7868687751053234,2.043057755563644,1.838188683108796,-0.1002757126649748
fictional_ontology,2,3,ontology-00000,ontology-00001,0.0,0.25,0.25,0.24201004871211707,radial_plus_20pct,0.07502218075168465,0.07966665445199798,0.00464447370031329,0.5,True,0.5949836590548723,0.061840251886246415,0.051709774917332973,0.0007034037866398158,0.21217408499849413,2.043057755563644,2.164008430558207,0.059200810483790944
fictional_ontology,2,3,ontology-00000,ontology-00001,0.0,0.25,0.25,0.24201004871211707,phase_rotation_-0.785,0.07502218075168465,0.12170082712961308,0.0466786463779284,1.0,True,0.5949836590548723,-0.6262945058077307,0.13491772737574767,0.010301109959788793,0.8119550710639615,2.043057755563644,2.0559635565455916,0.006316904623377567
fictional_ontology,2,3,ontology-00000,ontology-00001,0.0,0.25,0.25,0.24201004871211707,phase_rotation_-0.393,0.07502218075168465,0.09988969730209753,0.02486751655041286,1.0,True,0.5949836590548723,-0.31347237198841726,0.08291093040321135,0.0026771712536348656,0.4139311056596634,2.043057755563644,2.0514235702194465,0.004094751914389393
fictional_ontology,2,3,ontology-00000,ontology-00001,0.0,0.25,0.25,0.24201004871211707,phase_rotation_+0.393,0.07502218075168465,0.047381254603215676,-0.02764092614846897,0.0,True,0.5949836590548723,0.26639928315610684,0.046303602696168386,0.002677171253634867,0.41393110565966346,2.043057755563644,2.032102345165739,-0.005362261721711647
fictional_ontology,2,3,ontology-00000,ontology-00001,0.0,0.25,0.25,0.24201004871211707,phase_rotation_+0.785,0.07502218075168465,0.017347909045583147,-0.05767427170610151,0.0,True,0.5949836590548723,0.44516860153464116,0.04630360269616838,0.01030110995978879,0.8119550710639614,2.043057755563644,2.0201980880072594,-0.01118894827820382
fictional_ontology,2,4,ontology-00000,ontology-00001,0.0,0.25,0.25,0.24087045626543224,candidate_transplant,0.07502218075168465,0.14067724743294205,0.06565506668125742,1.0,True,0.5949836590548723,-0.864522612631998,0.2026999886489742,0.019759444012955374,1.1245463159999878,2.043057755563644,2.1034366858615505,0.029553217540464884
fictional_ontology,2,4,ontology-00000,ontology-00001,0.0,0.25,0.25,0.24087045626543224,eos_orthogonal_transplant,0.07502218075168465,0.10486085926470101,0.02983867851301636,1.0,True,0.5949836590548723,1.1102230246251565e-16,0.0940707766960669,0.0141561457863023,0.9518368191677328,2.043057755563644,1.997105880549179,-0.022491716100207778
fictional_ontology,2,4,ontology-00000,ontology-00001,0.0,0.25,0.25,0.24087045626543224,norm_matched_random,0.07502218075168465,0.08960782341894563,0.014585642667261034,1.0,True,0.5949836590548723,0.15984403098556155,0.0662211560556826,0.01975944401295538,1.1245463159999878,2.043057755563644,2.0957833689195566,0.02580720648367884
fictional_ontology,2,4,ontology-00000,ontology-00001,0.0,0.25,0.25,0.24087045626543224,random_plane_transplant,0.07502218075168465,0.08716037265398813,0.012138191902303475,1.0,True,0.5949836590548723,0.09683414317361672,0.06253658979774329,0.0034230991734991723,0.4680580595438423,2.043057755563644,2.0345047974208668,-0.004186351619030879
fictional_ontology,2,4,ontology-00000,ontology-00001,0.0,0.25,0.25,0.24087045626543224,candidate_orthogonal_patch,0.07502218075168465,0.2569625327015992,0.18194035194991454,1.0,True,0.5949836590548723,0.19315781913728516,0.823119655512726,0.05217096776669011,1.8272771921818998,2.043057755563644,1.855841547406696,-0.09163529892736609
fictional_ontology,2,4,ontology-00000,ontology-00001,0.0,0.25,0.25,0.24087045626543224,radial_plus_20pct,0.07502218075168465,0.07966665445199798,0.00464447370031329,0.5,True,0.5949836590548723,0.061840251886246415,0.05241276360837548,0.0007034037866398158,0.21217408499849413,2.043057755563644,2.164008430558207,0.059200810483790944
fictional_ontology,2,4,ontology-00000,ontology-00001,0.0,0.25,0.25,0.24087045626543224,phase_rotation_-0.785,0.07502218075168465,0.12170082712961308,0.0466786463779284,1.0,True,0.5949836590548723,-0.6262945058077307,0.13658898380688933,0.010301109959788793,0.8119550710639615,2.043057755563644,2.0559635565455916,0.006316904623377567
fictional_ontology,2,4,ontology-00000,ontology-00001,0.0,0.25,0.25,0.24087045626543224,phase_rotation_-0.393,0.07502218075168465,0.09988969730209753,0.02486751655041286,1.0,True,0.5949836590548723,-0.31347237198841726,0.08400052139503753,0.0026771712536348656,0.4139311056596634,2.043057755563644,2.0514235702194465,0.004094751914389393
fictional_ontology,2,4,ontology-00000,ontology-00001,0.0,0.25,0.25,0.24087045626543224,phase_rotation_+0.393,0.07502218075168465,0.047381254603215676,-0.02764092614846897,0.0,True,0.5949836590548723,0.26639928315610684,0.04693673285770555,0.002677171253634867,0.41393110565966346,2.043057755563644,2.032102345165739,-0.005362261721711647
fictional_ontology,2,4,ontology-00000,ontology-00001,0.0,0.25,0.25,0.24087045626543224,phase_rotation_+0.785,0.07502218075168465,0.017347909045583147,-0.05767427170610151,0.0,True,0.5949836590548723,0.44516860153464116,0.04693673285770554,0.01030110995978879,0.8119550710639614,2.043057755563644,2.0201980880072594,-0.01118894827820382
fictional_ontology,2,5,ontology-00000,ontology-00001,0.0,0.25,0.25,0.2515291422717927,candidate_transplant,0.07502218075168465,0.1440233591312522,0.06900117837956754,1.0,True,0.5949836590548723,-0.9191521573456372,0.194805095207008,0.022685307599346723,1.2049314031753802,2.043057755563644,2.0930062620180108,0.024447917009857913
fictional_ontology,2,5,ontology-00000,ontology-00001,0.0,0.25,0.25,0.2515291422717927,eos_orthogonal_transplant,0.07502218075168465,0.10212711245856271,0.02710493170687811,1.0,True,0.5949836590548723,6.938893903907228e-17,0.07824092849701261,0.015335051877894159,0.9906782122289892,2.043057755563644,1.9644925443926653,-0.03845471864759112
fictional_ontology,2,5,ontology-00000,ontology-00001,0.0,0.25,0.25,0.2515291422717927,norm_matched_random,0.07502218075168465,0.04775857676738847,-0.02726360398429617,0.0,True,0.5949836590548723,0.204804854702704,0.04132381944836951,0.022685307599346727,1.2049314031753802,2.043057755563644,2.614401542545989,0.2796513145193592
fictional_ontology,2,5,ontology-00000,ontology-00001,0.0,0.25,0.25,0.2515291422717927,random_plane_transplant,0.07502218075168465,0.08003806705640332,0.00501588630471872,0.5,True,0.5949836590548723,0.06897036236365747,0.04658742307279824,0.0036917560905889756,0.4860785839735119,2.043057755563644,1.9837193867052436,-0.02904390181668172
fictional_ontology,2,5,ontology-00000,ontology-00001,0.0,0.25,0.25,0.2515291422717927,candidate_orthogonal_patch,0.07502218075168465,0.2622495484102863,0.1872273676586016,1.0,True,0.5949836590548723,0.1782799736992529,0.8229655381584331,0.05468130399460798,1.8707227094507917,2.043057755563644,1.8511813404033242,-0.09391629514036165
fictional_ontology,2,5,ontology-00000,ontology-00001,0.0,0.25,0.25,0.2515291422717927,radial_plus_20pct,0.07502218075168465,0.07966665445199798,0.00464447370031329,0.5,True,0.5949836590548723,0.061840251886246415,0.046176728911238446,0.0007034037866398158,0.21217408499849413,2.043057755563644,2.164008430558207,0.059200810483790944
fictional_ontology,2,5,ontology-00000,ontology-00001,0.0,0.25,0.25,0.2515291422717927,phase_rotation_-0.785,0.07502218075168465,0.12170082712961308,0.0466786463779284,1.0,True,0.5949836590548723,-0.6262945058077307,0.12162317852611249,0.010301109959788793,0.8119550710639615,2.043057755563644,2.0559635565455916,0.006316904623377567
fictional_ontology,2,5,ontology-00000,ontology-00001,0.0,0.25,0.25,0.2515291422717927,phase_rotation_-0.393,0.07502218075168465,0.09988969730209753,0.02486751655041286,1.0,True,0.5949836590548723,-0.31347237198841726,0.07430088669052572,0.0026771712536348656,0.4139311056596634,2.043057755563644,2.0514235702194465,0.004094751914389393
fictional_ontology,2,5,ontology-00000,ontology-00001,0.0,0.25,0.25,0.2515291422717927,phase_rotation_+0.393,0.07502218075168465,0.047381254603215676,-0.02764092614846897,0.0,True,0.5949836590548723,0.26639928315610684,0.04132381944836953,0.002677171253634867,0.41393110565966346,2.043057755563644,2.032102345165739,-0.005362261721711647
fictional_ontology,2,5,ontology-00000,ontology-00001,0.0,0.25,0.25,0.2515291422717927,phase_rotation_+0.785,0.07502218075168465,0.017347909045583147,-0.05767427170610151,0.0,True,0.5949836590548723,0.44516860153464116,0.041323819448369506,0.01030110995978879,0.8119550710639614,2.043057755563644,2.0201980880072594,-0.01118894827820382
fictional_ontology,3,0,ontology-00000,ontology-00001,0.0,0.25,0.25,0.22179114102400943,candidate_transplant,0.06662132931583527,0.2884861047563044,0.22186477544046912,1.0,True,0.09269717797025716,-0.7043163000473742,0.9411654268793168,0.09584763392130535,2.476741522840755,2.541788698870977,2.7910398396198204,0.09806131440412684
fictional_ontology,3,0,ontology-00000,ontology-00001,0.0,0.25,0.25,0.22179114102400943,eos_orthogonal_transplant,0.06662132931583527,0.27299547889261955,0.20637414957678435,1.0,True,0.09269717797025716,-5.551115123125783e-17,0.9158278633151921,0.08991359274244383,2.3988476265733105,2.541788698870977,2.9016985671317777,0.14159708414026193
fictional_ontology,3,0,ontology-00000,ontology-00001,0.0,0.25,0.25,0.22179114102400943,norm_matched_random,0.06662132931583527,0.07816002593128706,0.011538696615451816,1.0,True,0.09269717797025716,0.7702248934401094,0.07699303286016508,0.09584763392130535,2.476741522840755,2.541788698870977,4.2750728996839555,0.6819151417200322
fictional_ontology,3,0,ontology-00000,ontology-00001,0.0,0.25,0.25,0.22179114102400943,random_plane_transplant,0.06662132931583527,0.08473095251561309,0.018109623199777825,1.0,True,0.09269717797025716,0.287214284857089,0.08950868646063101,0.009321665607612308,0.7723901856491884,2.541788698870977,2.6334739895438544,0.03607116937517368
fictional_ontology,3,0,ontology-00000,ontology-00001,0.0,0.25,0.25,0.22179114102400943,candidate_orthogonal_patch,0.06662132931583527,0.06685845899981893,0.0002371296839837056,0.5,True,0.09269717797025716,0.08206171291045758,0.05916369787020661,0.002689870255122188,0.4149116729230693,2.541788698870977,2.5753868784009404,0.013218321233738723
fictional_ontology,3,0,ontology-00000,ontology-00001,0.0,0.25,0.25,0.22179114102400943,radial_plus_20pct,0.06662132931583527,0.06963964520124352,0.0030183158854082404,0.5,True,0.09269717797025716,0.10002371681223354,0.06315467216577336,0.002567908368571783,0.4053962698257029,2.541788698870977,2.879703745065897,0.13294379912264803
fictional_ontology,3,0,ontology-00000,ontology-00001,0.0,0.25,0.25,0.22179114102400943,phase_rotation_-0.785,0.06662132931583527,0.9412962168396075,-0.1253251124762278,0.0,True,0.09269717797025716,0.10919616628891118,0.05883457312068325,0.03760614738468122,1.551384360053819,2.541788698870977,2.4268907023742146,-0.04520359876798507
fictional_ontology,3,0,ontology-00000,ontology-00001,0.0,0.25,0.25,0.22179114102400943,phase_rotation_-0.393,0.06662132931583527,0.0024870509555973263,-0.06413427836023794,0.0,True,0.09269717797025716,0.10030240989470779,0.05883457312068323,0.009773519274255845,0.7908888882468725,2.541788698870977,2.4822758920302017,-0.0234137506659031
fictional_ontology,3,0,ontology-00000,ontology-00001,0.0,0.25,0.25,0.22179114102400943,phase_rotation_+0.393,0.06662132931583527,0.13384372728165894,0.06722239796582363,1.0,True,0.09269717797025716,-0.17644093073225503,0.2512739632458119,0.009773519274255845,0.7908888882468725,2.541788698870977,2.5963951122832505,0.02148345904462034
fictional_ontology,3,0,ontology-00000,ontology-00001,0.0,0.25,0.25,0.22179114102400943,phase_rotation_+0.785,0.06662132931583527,0.2035885024352451,0.13696717311940976,1.0,True,0.09269717797025716,-0.40215885003891905,0.6574137363206135,0.03760614738468124,1.5513843600538195,2.541788698870977,2.638316043863082,0.03797614846386762
fictional_ontology,3,1,ontology-00000,ontology-00001,0.0,0.25,0.25,0.2513900512317595,candidate_transplant,0.06662132931583527,0.3180738828744981,0.2514525535586629,1.0,True,0.09269717797025716,-0.8078580502417054,0.9586072474331432,0.11892320070984072,2.7588194659001894,2.541788698870977,2.802927337266741,0.10273813811185716
fictional_ontology,3,1,ontology-00000,ontology-00001,0.0,0.25,0.25,0.2513900512317595,eos_orthogonal_transplant,0.06662132931583527,0.3004455060665672,0.23382417675073197,1.0,True,0.09269717797025716,-1.3877787807814457e-16,0.9372168981430229,0.11017936763597563,2.6554622062274658,2.541788698870977,2.913350694409727,0.1461813075586464
fictional_ontology,3,1,ontology-00000,ontology-00001,0.0,0.25,0.25,0.2513900512317595,norm_matched_random,0.06662132931583527,0.1053392983105294,0.03871796899469415,1.0,True,0.09269717797025716,0.12300232945646533,0.10207062747836695,0.11892320070984072,2.7588194659001894,2.541788698870977,3.330699803240678,0.31037635218069975
fictional_ontology,3,1,ontology-00000,ontology-00001,0.0,0.25,0.25,0.2513900512317595,random_plane_transplant,0.06662132931583527,0.08856362678665765,0.021942297470822325,1.0,True,0.09269717797025716,-0.1422637483741867,0.0695373314726634,0.005168096143345564,0.5751157737135334,2.541788698870977,2.6982918680030705,0.06157206112436088
fictional_ontology,3,1,ontology-00000,ontology-00001,0.0,0.25,0.25,0.2513900512317595,candidate_orthogonal_patch,0.06662132931583527,0.0668198970889022,0.00019856777306692663,0.5,True,0.09269717797025716,0.057369639408420124,0.04159017783849629,0.002160923181841383,0.3718858475901557,2.541788698870977,2.54090148569769,-0.000349050719157415
fictional_ontology,3,1,ontology-00000,ontology-00001,0.0,0.25,0.25,0.2513900512317595,radial_plus_20pct,0.06662132931583527,0.06963964520124352,0.0030183158854082404,0.5,True,0.09269717797025716,0.10002371681223354,0.0444926800017102,0.002567908368571783,0.4053962698257029,2.541788698870977,2.879703745065897,0.13294379912264803
fictional_ontology,3,1,ontology-00000,ontology-00001,0.0,0.25,0.25,0.2513900512317595,phase_rotation_-0.785,0.06662132931583527,0.9412962168396075,-0.1253251124762278,0.0,True,0.09269717797025716,0.10919616628891118,0.04139275256685681,0.03760614738468122,1.551384360053819,2.541788698870977,2.4268907023742146,-0.04520359876798507
fictional_ontology,3,1,ontology-00000,ontology-00001,0.0,0.25,0.25,0.2513900512317595,phase_rotation_-0.393,0.06662132931583527,0.0024870509555973263,-0.06413427836023794,0.0,True,0.09269717797025716,0.10030240989470779,0.04139275256685673,0.009773519274255845,0.7908888882468725,2.541788698870977,2.4822758920302017,-0.0234137506659031
fictional_ontology,3,1,ontology-00000,ontology-00001,0.0,0.25,0.25,0.2513900512317595,phase_rotation_+0.393,0.06662132931583527,0.13384372728165894,0.06722239796582363,1.0,True,0.09269717797025716,-0.17644093073225503,0.18818977704184212,0.009773519274255845,0.7908888882468725,2.541788698870977,2.5963951122832505,0.02148345904462034
fictional_ontology,3,1,ontology-00000,ontology-00001,0.0,0.25,0.25,0.2513900512317595,phase_rotation_+0.785,0.06662132931583527,0.2035885024352451,0.13696717311940976,1.0,True,0.09269717797025716,-0.40215885003891905,0.5699883663994737,0.03760614738468124,1.5513843600538195,2.541788698870977,2.638316043863082,0.03797614846386762
fictional_ontology,3,2,ontology-00000,ontology-00001,0.0,0.25,0.25,0.24109221746285803,candidate_transplant,0.06662132931583527,0.3078759323194164,0.24125460300358115,1.0,True,0.09269717797025716,-0.7625906769044178,0.9531871139433655,0.10656812609982536,2.611581909569145,2.541788698870977,2.735973108110169,0.07639675529498005
fictional_ontology,3,2,ontology-00000,ontology-00001,0.0,0.25,0.25,0.24109221746285803,eos_orthogonal_transplant,0.06662132931583527,0.2905492607674687,0.22392793145163337,1.0,True,0.09269717797025716,9.71445146547012e-17,0.9298603114616466,0.09917941927333504,2.519421130635655,2.541788698870977,2.8498909869076194,0.12121475249830824
fictional_ontology,3,2,ontology-00000,ontology-00001,0.0,0.25,0.25,0.24109221746285803,norm_matched_random,0.06662132931583527,0.03594877065538297,-0.03067255866045232,0.0,True,0.09269717797025716,0.23831631365832834,0.04681288605663442,0.10656812609982536,2.611581909569145,2.541788698870977,3.6516119060364693,0.4366307898286189
fictional_ontology,3,2,ontology-00000,ontology-00001,0.0,0.25,0.25,0.24109221746285803,random_plane_transplant,0.06662132931583527,0.0793240798456526,0.012702750529817286,1.0,True,0.09269717797025716,-0.09740582627217767,0.06320482876233069,0.0041612806405833735,0.5160639117370406,2.541788698870977,2.6511329438297206,0.0430186211022626
fictional_ontology,3,2,ontology-00000,ontology-00001,0.0,0.25,0.25,0.24109221746285803,candidate_orthogonal_patch,0.06662132931583527,0.0668994791618561,0.0002781498460208143,0.5,True,0.09269717797025716,0.07091192934525259,0.04712415187426461,0.0031870172498682297,0.45162938787413587,2.541788698870977,2.5865533611569234,0.01761148057107583
fictional_ontology,3,2,ontology-00000,ontology-00001,0.0,0.25,0.25,0.24109221746285803,radial_plus_20pct,0.06662132931583527,0.06963964520124352,0.0030183158854082404,0.5,True,0.09269717797025716,0.10002371681223354,0.05029743228574803,0.002567908368571783,0.4053962698257029,2.541788698870977,2.879703745065897,0.13294379912264803
fictional_ontology,3,2,ontology-00000,ontology-00001,0.0,0.25,0.25,0.24109221746285803,phase_rotation_-0.785,0.06662132931583527,0.9412962168396075,-0.1253251124762278,0.0,True,0.09269717797025716,0.10919616628891118,0.04681288605663438,0.03760614738468122,1.551384360053819,2.541788698870977,2.4268907023742146,-0.04520359876798507
fictional_ontology,3,2,ontology-00000,ontology-00001,0.0,0.25,0.25,0.24109221746285803,phase_rotation_-0.393,0.06662132931583527,0.0024870509555973263,-0.06413427836023794,0.0,True,0.09269717797025716,0.10030240989470779,0.046812886056634376,0.009773519274255845,0.7908888882468725,2.541788698870977,2.4822758920302017,-0.0234137506659031
fictional_ontology,3,2,ontology-00000,ontology-00001,0.0,0.25,0.25,0.24109221746285803,phase_rotation_+0.393,0.06662132931583527,0.13384372728165894,0.06722239796582363,1.0,True,0.09269717797025716,-0.17644093073225503,0.20864824509554536,0.009773519274255845,0.7908888882468725,2.541788698870977,2.5963951122832505,0.02148345904462034
fictional_ontology,3,2,ontology-00000,ontology-00001,0.0,0.25,0.25,0.24109221746285803,phase_rotation_+0.785,0.06662132931583527,0.2035885024352451,0.13696717311940976,1.0,True,0.09269717797025716,-0.40215885003891905,0.6012141432510525,0.03760614738468124,1.5513843600538195,2.541788698870977,2.638316043863082,0.03797614846386762
fictional_ontology,3,3,ontology-00000,ontology-00001,0.0,0.25,0.25,0.24383405279645354,candidate_transplant,0.06662132931583527,0.3105876108095334,0.24396628149369814,1.0,True,0.09269717797025716,-0.7829398942664738,0.9546928868061193,0.11329069890411529,2.6926946967421648,2.541788698870977,2.8050077288198785,0.10355661352409791
fictional_ontology,3,3,ontology-00000,ontology-00001,0.0,0.25,0.25,0.24383405279645354,eos_orthogonal_transplant,0.06662132931583527,0.2942437229859828,0.22762239367014758,1.0,True,0.09269717797025716,5.551115123125783e-17,0.9335555483613225,0.10612487848059571,2.606145088585462,2.541788698870977,2.919916792721558,0.14876456647184697
fictional_ontology,3,3,ontology-00000,ontology-00001,0.0,0.25,0.25,0.24383405279645354,norm_matched_random,0.06662132931583527,0.06359730684207915,-0.003024022473756105,0.5,True,0.09269717797025716,-0.1642173474410562,0.04530711319388085,0.11329069890411532,2.6926946967421648,2.541788698870977,3.8166463471242773,0.5015592558183818
fictional_ontology,3,3,ontology-00000,ontology-00001,0.0,0.25,0.25,0.24383405279645354,random_plane_transplant,0.06662132931583527,0.06177979341037583,-0.004841535905459438,0.5,True,0.09269717797025716,0.008432979648925497,0.04530711319388086,0.0009390690430605003,0.24515386751155288,2.541788698870977,2.421793540451924,-0.047208943242352454
fictional_ontology,3,3,ontology-00000,ontology-00001,0.0,0.25,0.25,0.24383405279645354,candidate_orthogonal_patch,0.06662132931583527,0.06686065824433059,0.00023932892849531928,0.5,True,0.09269717797025716,0.09796527628956306,0.04556661901543645,0.002754683277244192,0.4198806136792079,2.541788698870977,2.5441825967561855,0.0009418162439198144
fictional_ontology,3,3,ontology-00000,ontology-00001,0.0,0.25,0.25,0.24383405279645354,radial_plus_20pct,0.06662132931583527,0.06963964520124352,0.0030183158854082404,0.5,True,0.09269717797025716,0.10002371681223354,0.04868530108086428,0.002567908368571783,0.4053962698257029,2.541788698870977,2.879703745065897,0.13294379912264803
fictional_ontology,3,3,ontology-00000,ontology-00001,0.0,0.25,0.25,0.24383405279645354,phase_rotation_-0.785,0.06662132931583527,0.9412962168396075,-0.1253251124762278,0.0,True,0.09269717797025716,0.10919616628891118,0.045307113193880894,0.03760614738468122,1.551384360053819,2.541788698870977,2.4268907023742146,-0.04520359876798507
fictional_ontology,3,3,ontology-00000,ontology-00001,0.0,0.25,0.25,0.24383405279645354,phase_rotation_-0.393,0.06662132931583527,0.0024870509555973263,-0.06413427836023794,0.0,True,0.09269717797025716,0.10030240989470779,0.04530711319388086,0.009773519274255845,0.7908888882468725,2.541788698870977,2.4822758920302017,-0.0234137506659031
fictional_ontology,3,3,ontology-00000,ontology-00001,0.0,0.25,0.25,0.24383405279645354,phase_rotation_+0.393,0.06662132931583527,0.13384372728165894,0.06722239796582363,1.0,True,0.09269717797025716,-0.17644093073225503,0.20304578891147226,0.009773519274255845,0.7908888882468725,2.541788698870977,2.5963951122832505,0.02148345904462034
fictional_ontology,3,3,ontology-00000,ontology-00001,0.0,0.25,0.25,0.24383405279645354,phase_rotation_+0.785,0.06662132931583527,0.2035885024352451,0.13696717311940976,1.0,True,0.09269717797025716,-0.40215885003891905,0.5929692163947564,0.03760614738468124,1.5513843600538195,2.541788698870977,2.638316043863082,0.03797614846386762
fictional_ontology,3,4,ontology-00000,ontology-00001,0.0,0.25,0.25,0.23737181005636132,candidate_transplant,0.06662132931583527,0.30425370264108137,0.23763237332524612,1.0,True,0.09269717797025716,-0.7802121523480636,0.9510677040764008,0.11711762395680937,2.7377961818286987,2.541788698870977,2.9306593416471416,0.15299094017881773
fictional_ontology,3,4,ontology-00000,ontology-00001,0.0,0.25,0.25,0.23737181005636132,eos_orthogonal_transplant,0.06662132931583527,0.2874183145848279,0.2207969852689926,1.0,True,0.09269717797025716,-2.7755575615628914e-17,0.9277598549978036,0.10832706259520714,2.633046145834375,2.541788698870977,3.0330239721780523,0.19326361531360745
fictional_ontology,3,4,ontology-00000,ontology-00001,0.0,0.25,0.25,0.23737181005636132,norm_matched_random,0.06662132931583527,0.08329704135971666,0.016675712043881408,1.0,True,0.09269717797025716,0.06235702815911476,0.07240936788284927,0.1171176239568094,2.7377961818286987,2.541788698870977,3.679607864241747,0.4476450642321966
fictional_ontology,3,4,ontology-00000,ontology-00001,0.0,0.25,0.25,0.23737181005636132,random_plane_transplant,0.06662132931583527,0.07950584043419714,0.012884511118361863,1.0,True,0.09269717797025716,0.17763916794688533,0.06629569422410729,0.0038977943360931303,0.49945854433572395,2.541788698870977,2.709878258263598,0.0661304220399137
fictional_ontology,3,4,ontology-00000,ontology-00001,0.0,0.25,0.25,0.23737181005636132,candidate_orthogonal_patch,0.06662132931583527,0.06705927649510589,0.00043794717927059246,0.5,True,0.09269717797025716,0.029508712019342305,0.049444348468216236,0.002560362330957892,0.40480018426540404,2.541788698870977,2.567027148003126,0.009929404888517936
fictional_ontology,3,4,ontology-00000,ontology-00001,0.0,0.25,0.25,0.23737181005636132,radial_plus_20pct,0.06662132931583527,0.06963964520124352,0.0030183158854082404,0.5,True,0.09269717797025716,0.10002371681223354,0.052565901692154755,0.002567908368571783,0.4053962698257029,2.541788698870977,2.879703745065897,0.13294379912264803
fictional_ontology,3,4,ontology-00000,ontology-00001,0.0,0.25,0.25,0.23737181005636132,phase_rotation_-0.785,0.06662132931583527,0.9412962168396075,-0.1253251124762278,0.0,True,0.09269717797025716,0.10919616628891118,0.04893229592359923,0.03760614738468122,1.551384360053819,2.541788698870977,2.4268907023742146,-0.04520359876798507
fictional_ontology,3,4,ontology-00000,ontology-00001,0.0,0.25,0.25,0.23737181005636132,phase_rotation_-0.393,0.06662132931583527,0.0024870509555973263,-0.06413427836023794,0.0,True,0.09269717797025716,0.10030240989470779,0.04893229592359923,0.009773519274255845,0.7908888882468725,2.541788698870977,2.4822758920302017,-0.0234137506659031
fictional_ontology,3,4,ontology-00000,ontology-00001,0.0,0.25,0.25,0.23737181005636132,phase_rotation_+0.393,0.06662132931583527,0.13384372728165894,0.06722239796582363,1.0,True,0.09269717797025716,-0.17644093073225503,0.21643094196357068,0.009773519274255845,0.7908888882468725,2.541788698870977,2.5963951122832505,0.02148345904462034
fictional_ontology,3,4,ontology-00000,ontology-00001,0.0,0.25,0.25,0.23737181005636132,phase_rotation_+0.785,0.06662132931583527,0.2035885024352451,0.13696717311940976,1.0,True,0.09269717797025716,-0.40215885003891905,0.6123097776334119,0.03760614738468124,1.5513843600538195,2.541788698870977,2.638316043863082,0.03797614846386762
fictional_ontology,3,5,ontology-00000,ontology-00001,0.0,0.25,0.25,0.24643524349242552,candidate_transplant,0.06662132931583527,0.31325595364903003,0.24663462433319472,1.0,True,0.09269717797025716,-0.8030494863354963,0.9560786877320174,0.12003031753725298,2.7716313467674936,2.541788698870977,2.8700465746339683,0.1291444390750491
fictional_ontology,3,5,ontology-00000,ontology-00001,0.0,0.25,0.25,0.24643524349242552,eos_orthogonal_transplant,0.06662132931583527,0.29502088636297275,0.22839955704713755,1.0,True,0.09269717797025716,-2.7755575615628914e-17,0.9327392219288648,0.11004900724997112,2.6538908161411143,2.541788698870977,2.971426913662901,0.16902987057215363
fictional_ontology,3,5,ontology-00000,ontology-00001,0.0,0.25,0.25,0.24643524349242552,norm_matched_random,0.06662132931583527,0.016424214086381412,-0.05019711522945386,0.0,True,0.09269717797025716,0.15076620753179218,0.04392131226798246,0.12003031753725293,2.771631346767493,2.541788698870977,3.5167587498604496,0.38357635763450326
fictional_ontology,3,5,ontology-00000,ontology-00001,0.0,0.25,0.25,0.24643524349242552,random_plane_transplant,0.06662132931583527,0.130881832563558,0.0642605032477227,1.0,True,0.09269717797025716,-0.01734032605653993,0.1863463170463426,0.037202589449811446,1.5430378235117674,2.541788698870977,2.680534892653467,0.05458604558440234
fictional_ontology,3,5,ontology-00000,ontology-00001,0.0,0.25,0.25,0.24643524349242552,candidate_orthogonal_patch,0.06662132931583527,0.06686435741463316,0.0002430280987979483,0.5,True,0.09269717797025716,0.003787533384667363,0.04417715271359421,0.0024600156264902207,0.3967883568041962,2.541788698870977,2.5688480446080835,0.010645788829388448
fictional_ontology,3,5,ontology-00000,ontology-00001,0.0,0.25,0.25,0.24643524349242552,radial_plus_20pct,0.06662132931583527,0.06963964520124352,0.0030183158854082404,0.5,True,0.09269717797025716,0.10002371681223354,0.04720128077548857,0.002567908368571783,0.4053962698257029,2.541788698870977,2.879703745065897,0.13294379912264803
fictional_ontology,3,5,ontology-00000,ontology-00001,0.0,0.25,0.25,0.24643524349242552,phase_rotation_-0.785,0.06662132931583527,0.9412962168396075,-0.1253251124762278,0.0,True,0.09269717797025716,0.10919616628891118,0.04392131226798242,0.03760614738468122,1.551384360053819,2.541788698870977,2.4268907023742146,-0.04520359876798507
fictional_ontology,3,5,ontology-00000,ontology-00001,0.0,0.25,0.25,0.24643524349242552,phase_rotation_-0.393,0.06662132931583527,0.0024870509555973263,-0.06413427836023794,0.0,True,0.09269717797025716,0.10030240989470779,0.04392131226798246,0.009773519274255845,0.7908888882468725,2.541788698870977,2.4822758920302017,-0.0234137506659031
fictional_ontology,3,5,ontology-00000,ontology-00001,0.0,0.25,0.25,0.24643524349242552,phase_rotation_+0.393,0.06662132931583527,0.13384372728165894,0.06722239796582363,1.0,True,0.09269717797025716,-0.17644093073225503,0.19783505997308898,0.009773519274255845,0.7908888882468725,2.541788698870977,2.5963951122832505,0.02148345904462034
fictional_ontology,3,5,ontology-00000,ontology-00001,0.0,0.25,0.25,0.24643524349242552,phase_rotation_+0.785,0.06662132931583527,0.2035885024352451,0.13696717311940976,1.0,True,0.09269717797025716,-0.40215885003891905,0.5850984315093123,0.03760614738468124,1.5513843600538195,2.541788698870977,2.638316043863082,0.03797614846386762
dependency_graph,0,0,dependency-00000,dependency-00001,0.0,0.4,0.4,0.32753946689904023,candidate_transplant,0.05809150037251784,0.26182090613367603,0.20372940576115817,1.0,True,0.09570660809677942,-0.19197218520497106,0.7308603098404952,0.020238146988495197,1.1380867309935974,1.9258661806296202,1.5801855400542535,-0.1794935930918907
dependency_graph,0,0,dependency-00000,dependency-00001,0.0,0.4,0.4,0.32753946689904023,eos_orthogonal_transplant,0.05809150037251784,0.2822907185901074,0.2241992182175896,1.0,True,0.09570660809677942,2.7755575615628914e-17,0.8191704221830823,0.02149591097400578,1.1729187108816919,1.9258661806296202,1.5370170350374412,-0.20190870451084675
dependency_graph,0,0,dependency-00000,dependency-00001,0.0,0.4,0.4,0.32753946689904023,norm_matched_random,0.05809150037251784,0.03466353555282249,-0.023427964819695335,0.0,True,0.09570660809677942,-0.07520669431389651,0.016395074941246295,0.020238146988495204,1.1380867309935974,1.9258661806296202,2.0597582400937138,0.06952303374490976
dependency_graph,0,0,dependency-00000,dependency-00001,0.0,0.4,0.4,0.32753946689904023,random_plane_transplant,0.05809150037251784,0.07882875342325872,0.020737253050740923,1.0,True,0.09570660809677942,-0.03667403839450583,0.027230433230241644,0.002025521073468286,0.3600463146623921,1.9258661806296202,1.9427287582382333,0.008755840763089905
dependency_graph,0,0,dependency-00000,dependency-00001,0.0,0.4,0.4,0.32753946689904023,candidate_orthogonal_patch,0.05809150037251784,0.1805721586440532,0.12248065827153543,1.0,True,0.09570660809677942,0.28349037092904544,0.26265260496636794,0.016609182830793594,1.0310129490800735,1.9258661806296202,1.7786833836666818,-0.07642420768551023
dependency_graph,0,0,dependency-00000,dependency-00001,0.0,0.4,0.4,0.32753946689904023,radial_plus_20pct,0.05809150037251784,0.06205624450842613,0.003964744135908305,0.5,True,0.09570660809677942,-0.0025836589322806407,0.018072523033743283,0.0003630175529796759,0.1524241561915278,1.9258661806296202,2.0024059649738772,0.03974304399448667
dependency_graph,0,0,dependency-00000,dependency-00001,0.0,0.4,0.4,0.32753946689904023,phase_rotation_-0.785,0.05809150037251784,0.14091382073957068,0.08282232036705284,1.0,True,0.09570660809677942,-0.1626828375661029,0.11673845757640451,0.005316268978932771,0.583301992669061,1.9258661806296202,1.7242358203429784,-0.10469593490692232
dependency_graph,0,0,dependency-00000,dependency-00001,0.0,0.4,0.4,0.32753946689904023,phase_rotation_-0.393,0.05809150037251784,0.09977333165582232,0.041681831283304493,1.0,True,0.09570660809677942,-0.08910768397272457,0.04512269356158509,0.0013816532919799466,0.2973647771453717,1.9258661806296202,1.8246197138969382,-0.05257191166812102
dependency_graph,0,0,dependency-00000,dependency-00001,0.0,0.4,0.4,0.32753946689904023,phase_rotation_+0.393,0.05809150037251784,0.01446580599092635,-0.04362569438159147,0.0,True,0.09570660809677942,0.0910743772303031,0.0163950749412463,0.0013816532919799463,0.2973647771453717,1.9258661806296202,2.0135416677722393,0.045525222896824265
dependency_graph,0,0,dependency-00000,dependency-00001,0.0,0.4,0.4,0.32753946689904023,phase_rotation_+0.785,0.05809150037251784,0.9685261509270202,-0.08956534944549777,0.0,True,0.09570660809677942,0.1702501993760676,0.016395074941246337,0.00531626897893277,0.5833019926690609,1.9258661806296202,2.076733778337206,0.07833752896489571
dependency_graph,0,1,dependency-00000,dependency-00001,0.0,0.4,0.4,0.3511652225577504,candidate_transplant,0.05809150037251784,0.24549547299647612,0.18740397262395825,1.0,True,0.09570660809677942,-0.15704877193329797,0.573350412948798,0.0180194363994272,1.073891954324708,1.9258661806296202,1.5806257056418112,-0.17926503848514552
dependency_graph,0,1,dependency-00000,dependency-00001,0.0,0.4,0.4,0.3511652225577504,eos_orthogonal_transplant,0.05809150037251784,0.27170692141862707,0.2136154210461092,1.0,True,0.09570660809677942,1.3877787807814457e-17,0.7212801058316578,0.01957910202841512,1.11940275585625,1.9258661806296202,1.5389850728684795,-0.20088680701307
dependency_graph,0,1,dependency-00000,dependency-00001,0.0,0.4,0.4,0.3511652225577504,norm_matched_random,0.05809150037251784,0.03792920625220696,-0.020162294120310897,0.0,True,0.09570660809677942,0.151315642411319,0.01225409541977828,0.018019436399427203,1.073891954324708,1.9258661806296202,2.0619268234754107,0.07064906389358183
dependency_graph,0,1,dependency-00000,dependency-00001,0.0,0.4,0.4,0.3511652225577504,random_plane_transplant,0.05809150037251784,0.09801638576164148,0.03992488538912364,1.0,True,0.09570660809677942,-0.10151018990142568,0.03256396036503476,0.006223179737999469,0.6310970632414368,1.9258661806296202,1.865006317014701,-0.031601294122638526
dependency_graph,0,1,dependency-00000,dependency-00001,0.0,0.4,0.4,0.3511652225577504,candidate_orthogonal_patch,0.05809150037251784,0.20132575005566858,0.14323424968315068,1.0,True,0.09570660809677942,0.3540757466594352,0.3081656596756714,0.020887072054969008,1.1561888303897494,1.9258661806296202,1.7830601782285265,-0.07415157077757419
dependency_graph,0,1,dependency-00000,dependency-00001,0.0,0.4,0.4,0.3511652225577504,radial_plus_20pct,0.05809150037251784,0.06205624450842613,0.003964744135908305,0.5,True,0.09570660809677942,-0.0025836589322806407,0.01351368365115093,0.0003630175529796759,0.1524241561915278,1.9258661806296202,2.0024059649738772,0.03974304399448667
dependency_graph,0,1,dependency-00000,dependency-00001,0.0,0.4,0.4,0.3511652225577504,phase_rotation_-0.785,0.05809150037251784,0.14091382073957068,0.08282232036705284,1.0,True,0.09570660809677942,-0.1626828375661029,0.08956097314116054,0.005316268978932771,0.583301992669061,1.9258661806296202,1.7242358203429784,-0.10469593490692232
dependency_graph,0,1,dependency-00000,dependency-00001,0.0,0.4,0.4,0.3511652225577504,phase_rotation_-0.393,0.05809150037251784,0.09977333165582232,0.041681831283304493,1.0,True,0.09570660809677942,-0.08910768397272457,0.033976485294932364,0.0013816532919799466,0.2973647771453717,1.9258661806296202,1.8246197138969382,-0.05257191166812102
dependency_graph,0,1,dependency-00000,dependency-00001,0.0,0.4,0.4,0.3511652225577504,phase_rotation_+0.393,0.05809150037251784,0.01446580599092635,-0.04362569438159147,0.0,True,0.09570660809677942,0.0910743772303031,0.012254095419778262,0.0013816532919799463,0.2973647771453717,1.9258661806296202,2.0135416677722393,0.045525222896824265
dependency_graph,0,1,dependency-00000,dependency-00001,0.0,0.4,0.4,0.3511652225577504,phase_rotation_+0.785,0.05809150037251784,0.9685261509270202,-0.08956534944549777,0.0,True,0.09570660809677942,0.1702501993760676,0.012254095419778267,0.00531626897893277,0.5833019926690609,1.9258661806296202,2.076733778337206,0.07833752896489571
dependency_graph,0,2,dependency-00000,dependency-00001,0.0,0.4,0.4,0.3630114304602131,candidate_transplant,0.05809150037251784,0.27489997858548715,0.21680847821296934,1.0,True,0.09570660809677942,-0.15464105632449293,0.7073543134485166,0.020283247594599325,1.1393541354883288,1.9258661806296202,1.583029268194774,-0.17801699613561062
dependency_graph,0,2,dependency-00000,dependency-00001,0.0,0.4,0.4,0.3630114304602131,eos_orthogonal_transplant,0.05809150037251784,0.3002851820684323,0.2421936816959145,1.0,True,0.09570660809677942,5.551115123125783e-17,0.8201256725703149,0.021796833465479462,1.1811000557915003,1.9258661806296202,1.54160651031667,-0.1995256338045901
dependency_graph,0,2,dependency-00000,dependency-00001,0.0,0.4,0.4,0.3630114304602131,norm_matched_random,0.05809150037251784,0.025685565771536335,-0.03240593460098151,0.0,True,0.09570660809677942,0.12779040722651985,0.01058534638865906,0.020283247594599325,1.1393541354883288,1.9258661806296202,2.164375586659311,0.12384526423934365
dependency_graph,0,2,dependency-00000,dependency-00001,0.0,0.4,0.4,0.3630114304602131,random_plane_transplant,0.05809150037251784,0.06007745667048964,0.001985956297971825,0.5,True,0.09570660809677942,-0.014131971550989941,0.01111817175823487,0.0011404143781940342,0.2701601750895535,1.9258661806296202,1.8568784773478892,-0.03582164948718137
dependency_graph,0,2,dependency-00000,dependency-00001,0.0,0.4,0.4,0.3630114304602131,candidate_orthogonal_patch,0.05809150037251784,0.1512962244450333,0.09320472407251545,1.0,True,0.09570660809677942,0.34887730236113956,0.09907679370229307,0.014844320391343816,0.9746981609944713,1.9258661806296202,1.712007316814459,-0.11104554717568423
dependency_graph,0,2,dependency-00000,dependency-00001,0.0,0.4,0.4,0.3630114304602131,radial_plus_20pct,0.05809150037251784,0.06205624450842613,0.003964744135908305,0.5,True,0.09570660809677942,-0.0025836589322806407,0.011675432825681573,0.0003630175529796759,0.1524241561915278,1.9258661806296202,2.0024059649738772,0.03974304399448667
dependency_graph,0,2,dependency-00000,dependency-00001,0.0,0.4,0.4,0.3630114304602131,phase_rotation_-0.785,0.05809150037251784,0.14091382073957068,0.08282232036705284,1.0,True,0.09570660809677942,-0.1626828375661029,0.07819810860036262,0.005316268978932771,0.583301992669061,1.9258661806296202,1.7242358203429784,-0.10469593490692232
dependency_graph,0,2,dependency-00000,dependency-00001,0.0,0.4,0.4,0.3630114304602131,phase_rotation_-0.393,0.05809150037251784,0.09977333165582232,0.041681831283304493,1.0,True,0.09570660809677942,-0.08910768397272457,0.0294377665646299,0.0013816532919799466,0.2973647771453717,1.9258661806296202,1.8246197138969382,-0.05257191166812102
dependency_graph,0,2,dependency-00000,dependency-00001,0.0,0.4,0.4,0.3630114304602131,phase_rotation_+0.393,0.05809150037251784,0.01446580599092635,-0.04362569438159147,0.0,True,0.09570660809677942,0.0910743772303031,0.010585346388659054,0.0013816532919799463,0.2973647771453717,1.9258661806296202,2.0135416677722393,0.045525222896824265
dependency_graph,0,2,dependency-00000,dependency-00001,0.0,0.4,0.4,0.3630114304602131,phase_rotation_+0.785,0.05809150037251784,0.9685261509270202,-0.08956534944549777,0.0,True,0.09570660809677942,0.1702501993760676,0.010585346388659078,0.00531626897893277,0.5833019926690609,1.9258661806296202,2.076733778337206,0.07833752896489571
dependency_graph,0,3,dependency-00000,dependency-00001,0.0,0.4,0.4,0.31081482368920277,candidate_transplant,0.05809150037251784,0.24725545973806676,0.18916395936554897,1.0,True,0.09570660809677942,-0.1946917326048113,0.6992888431469059,0.018805698506421328,1.097070965986688,1.9258661806296202,1.5810633079017775,-0.17903781487824708
dependency_graph,0,3,dependency-00000,dependency-00001,0.0,0.4,0.4,0.31081482368920277,eos_orthogonal_transplant,0.05809150037251784,0.26354267706363776,0.2054511766911199,1.0,True,0.09570660809677942,4.163336342344337e-17,0.7774892013209281,0.019452936355177437,1.11579027004691,1.9258661806296202,1.5376750583468342,-0.20156702796238699
dependency_graph,0,3,dependency-00000,dependency-00001,0.0,0.4,0.4,0.31081482368920277,norm_matched_random,0.05809150037251784,0.0399104840977587,-0.018181016274759154,0.0,True,0.09570660809677942,0.23414292043156848,0.020130461052990517,0.018805698506421324,1.097070965986688,1.9258661806296202,2.43580390749441,0.26478357218884047
dependency_graph,0,3,dependency-00000,dependency-00001,0.0,0.4,0.4,0.31081482368920277,random_plane_transplant,0.05809150037251784,0.06306005471149755,0.0049685543389796916,0.5,True,0.09570660809677942,0.08909281522622903,0.02273235239130296,0.006027598053601135,0.6211008576958115,1.9258661806296202,1.865765446215308,-0.03120711865590976
dependency_graph,0,3,dependency-00000,dependency-00001,0.0,0.4,0.4,0.31081482368920277,candidate_orthogonal_patch,0.05809150037251784,0.1609368123566057,0.10284531198408786,1.0,True,0.09570660809677942,0.1935456895101751,0.21180950494161366,0.014378705314411062,0.9592899145317373,1.9258661806296202,1.734346679786883,-0.09944590271590112
dependency_graph,0,3,dependency-00000,dependency-00001,0.0,0.4,0.4,0.31081482368920277,radial_plus_20pct,0.05809150037251784,0.06205624450842613,0.003964744135908305,0.5,True,0.09570660809677942,-0.0025836589322806407,0.02218147330336883,0.0003630175529796759,0.1524241561915278,1.9258661806296202,2.0024059649738772,0.03974304399448667
dependency_graph,0,3,dependency-00000,dependency-00001,0.0,0.4,0.4,0.31081482368920277,phase_rotation_-0.785,0.05809150037251784,0.14091382073957068,0.08282232036705284,1.0,True,0.09570660809677942,-0.1626828375661029,0.14007980567171904,0.005316268978932771,0.583301992669061,1.9258661806296202,1.7242358203429784,-0.10469593490692232
dependency_graph,0,3,dependency-00000,dependency-00001,0.0,0.4,0.4,0.31081482368920277,phase_rotation_-0.393,0.05809150037251784,0.09977333165582232,0.041681831283304493,1.0,True,0.09570660809677942,-0.08910768397272457,0.055037029796910795,0.0013816532919799466,0.2973647771453717,1.9258661806296202,1.8246197138969382,-0.05257191166812102
dependency_graph,0,3,dependency-00000,dependency-00001,0.0,0.4,0.4,0.31081482368920277,phase_rotation_+0.393,0.05809150037251784,0.01446580599092635,-0.04362569438159147,0.0,True,0.09570660809677942,0.0910743772303031,0.0201304610529905,0.0013816532919799463,0.2973647771453717,1.9258661806296202,2.0135416677722393,0.045525222896824265
dependency_graph,0,3,dependency-00000,dependency-00001,0.0,0.4,0.4,0.31081482368920277,phase_rotation_+0.785,0.05809150037251784,0.9685261509270202,-0.08956534944549777,0.0,True,0.09570660809677942,0.1702501993760676,0.020130461052990566,0.00531626897893277,0.5833019926690609,1.9258661806296202,2.076733778337206,0.07833752896489571
dependency_graph,0,4,dependency-00000,dependency-00001,0.0,0.4,0.4,0.31159392246906314,candidate_transplant,0.05809150037251784,0.23358209710443648,0.1754905967319187,1.0,True,0.09570660809677942,-0.18518993788885474,0.62065773034882,0.01717512323987414,1.0484311552753214,1.9258661806296202,1.5817352723744602,-0.178688899424286
dependency_graph,0,4,dependency-00000,dependency-00001,0.0,0.4,0.4,0.31159392246906314,eos_orthogonal_transplant,0.05809150037251784,0.2517631138860974,0.19367161351357953,1.0,True,0.09570660809677942,5.551115123125783e-17,0.7204845305776493,0.01825051295734801,1.080755675104356,1.9258661806296202,1.539326120901381,-0.20070971888704553
dependency_graph,0,4,dependency-00000,dependency-00001,0.0,0.4,0.4,0.31159392246906314,norm_matched_random,0.05809150037251784,0.001928387126594065,-0.05616311324592377,0.0,True,0.09570660809677942,0.12918700882824197,0.01993925738066116,0.01717512323987414,1.0484311552753214,1.9258661806296202,2.376233140909458,0.23385163767328837
dependency_graph,0,4,dependency-00000,dependency-00001,0.0,0.4,0.4,0.31159392246906314,random_plane_transplant,0.05809150037251784,0.06192184712888829,0.0038303467563705063,0.5,True,0.09570660809677942,0.08629935100871648,0.021899141391259546,0.0013340752104328726,0.29219995459907905,1.9258661806296202,1.9121245072616095,-0.007135320982436144
dependency_graph,0,4,dependency-00000,dependency-00001,0.0,0.4,0.4,0.31159392246906314,candidate_orthogonal_patch,0.05809150037251784,0.1815254326656426,0.12343393229312483,1.0,True,0.09570660809677942,0.25921705261026834,0.30808748837468075,0.01724357722112929,1.0505184159034409,1.9258661806296202,1.8006156609764945,-0.06503594118474929
dependency_graph,0,4,dependency-00000,dependency-00001,0.0,0.4,0.4,0.31159392246906314,radial_plus_20pct,0.05809150037251784,0.06205624450842613,0.003964744135908305,0.5,True,0.09570660809677942,-0.0025836589322806407,0.021971225467010948,0.0003630175529796759,0.1524241561915278,1.9258661806296202,2.0024059649738772,0.03974304399448667
dependency_graph,0,4,dependency-00000,dependency-00001,0.0,0.4,0.4,0.31159392246906314,phase_rotation_-0.785,0.05809150037251784,0.14091382073957068,0.08282232036705284,1.0,True,0.09570660809677942,-0.1626828375661029,0.13891080924882204,0.005316268978932771,0.583301992669061,1.9258661806296202,1.7242358203429784,-0.10469593490692232
dependency_graph,0,4,dependency-00000,dependency-00001,0.0,0.4,0.4,0.31159392246906314,phase_rotation_-0.393,0.05809150037251784,0.09977333165582232,0.041681831283304493,1.0,True,0.09570660809677942,-0.08910768397272457,0.05453272743463708,0.0013816532919799466,0.2973647771453717,1.9258661806296202,1.8246197138969382,-0.05257191166812102
dependency_graph,0,4,dependency-00000,dependency-00001,0.0,0.4,0.4,0.31159392246906314,phase_rotation_+0.393,0.05809150037251784,0.01446580599092635,-0.04362569438159147,0.0,True,0.09570660809677942,0.0910743772303031,0.019939257380661154,0.0013816532919799463,0.2973647771453717,1.9258661806296202,2.0135416677722393,0.045525222896824265
dependency_graph,0,4,dependency-00000,dependency-00001,0.0,0.4,0.4,0.31159392246906314,phase_rotation_+0.785,0.05809150037251784,0.9685261509270202,-0.08956534944549777,0.0,True,0.09570660809677942,0.1702501993760676,0.019939257380661213,0.00531626897893277,0.5833019926690609,1.9258661806296202,2.076733778337206,0.07833752896489571
dependency_graph,0,5,dependency-00000,dependency-00001,0.0,0.4,0.4,0.3862537316373781,candidate_transplant,0.05809150037251784,0.37881847958451054,0.32072697921199267,1.0,True,0.09570660809677942,-0.1532692854088135,0.9604563281160441,0.027900534409890695,1.3362762447312324,1.9258661806296202,1.609044095908202,-0.16450887808717848
dependency_graph,0,5,dependency-00000,dependency-00001,0.0,0.4,0.4,0.3862537316373781,eos_orthogonal_transplant,0.05809150037251784,0.3920210159876055,0.33392951561508766,1.0,True,0.09570660809677942,0.0,0.9712533537074124,0.029025924528855253,1.362959709546374,1.9258661806296202,1.56972876918559,-0.18492323870997046
dependency_graph,0,5,dependency-00000,dependency-00001,0.0,0.4,0.4,0.3862537316373781,norm_matched_random,0.05809150037251784,0.057984723773365526,-0.00010677659915231397,0.5,True,0.09570660809677942,-0.03353077018163725,0.007937626777607206,0.027900534409890695,1.3362762447312324,1.9258661806296202,2.3407398180153507,0.215421840602703
dependency_graph,0,5,dependency-00000,dependency-00001,0.0,0.4,0.4,0.3862537316373781,random_plane_transplant,0.05809150037251784,0.1061964393307187,0.048104938958200893,1.0,True,0.09570660809677942,0.27004881361200406,0.025943501064414034,0.009772477388456977,0.7908467315866246,1.9258661806296202,1.6182395073273628,-0.15973418942415074
dependency_graph,0,5,dependency-00000,dependency-00001,0.0,0.4,0.4,0.3862537316373781,candidate_orthogonal_patch,0.05809150037251784,0.19946828679142534,0.1413767864189075,1.0,True,0.09570660809677942,0.2837905132701638,0.21521842550832002,0.020912958747720724,1.1569050781521042,1.9258661806296202,1.7828853899349586,-0.07424232905316254
dependency_graph,0,5,dependency-00000,dependency-00001,0.0,0.4,0.4,0.3862537316373781,radial_plus_20pct,0.05809150037251784,0.06205624450842613,0.003964744135908305,0.5,True,0.09570660809677942,-0.0025836589322806407,0.008757462573279235,0.0003630175529796759,0.1524241561915278,1.9258661806296202,2.0024059649738772,0.03974304399448667
dependency_graph,0,5,dependency-00000,dependency-00001,0.0,0.4,0.4,0.3862537316373781,phase_rotation_-0.785,0.05809150037251784,0.14091382073957068,0.08282232036705284,1.0,True,0.09570660809677942,-0.1626828375661029,0.05965809802533525,0.005316268978932771,0.583301992669061,1.9258661806296202,1.7242358203429784,-0.10469593490692232
dependency_graph,0,5,dependency-00000,dependency-00001,0.0,0.4,0.4,0.3862537316373781,phase_rotation_-0.393,0.05809150037251784,0.09977333165582232,0.041681831283304493,1.0,True,0.09570660809677942,-0.08910768397272457,0.02218018996009524,0.0013816532919799466,0.2973647771453717,1.9258661806296202,1.8246197138969382,-0.05257191166812102
dependency_graph,0,5,dependency-00000,dependency-00001,0.0,0.4,0.4,0.3862537316373781,phase_rotation_+0.393,0.05809150037251784,0.01446580599092635,-0.04362569438159147,0.0,True,0.09570660809677942,0.0910743772303031,0.007937626777607204,0.0013816532919799463,0.2973647771453717,1.9258661806296202,2.0135416677722393,0.045525222896824265
dependency_graph,0,5,dependency-00000,dependency-00001,0.0,0.4,0.4,0.3862537316373781,phase_rotation_+0.785,0.05809150037251784,0.9685261509270202,-0.08956534944549777,0.0,True,0.09570660809677942,0.1702501993760676,0.007937626777607225,0.00531626897893277,0.5833019926690609,1.9258661806296202,2.076733778337206,0.07833752896489571
dependency_graph,1,0,dependency-00000,dependency-00001,0.0,0.4,0.4,0.3276672497185322,candidate_transplant,0.042640968209981596,0.14672731582698348,0.10408634761700186,1.0,True,0.3035447544016167,-0.678289586651843,0.18336973274734097,0.023810427357691424,1.2344502221200542,2.3416639314358427,2.249251792230854,-0.039464304832301136
dependency_graph,1,0,dependency-00000,dependency-00001,0.0,0.4,0.4,0.3276672497185322,eos_orthogonal_transplant,0.042640968209981596,0.1549374562755579,0.11229648806557635,1.0,True,0.3035447544016167,9.71445146547012e-17,0.21611893585521696,0.02701690619004562,1.3149456247932534,2.3416639314358427,2.2472758736702065,-0.040308114455928815
dependency_graph,1,0,dependency-00000,dependency-00001,0.0,0.4,0.4,0.3276672497185322,norm_matched_random,0.042640968209981596,0.0194825570834834,-0.02315841112649819,0.0,True,0.3035447544016167,-0.39650596263117915,0.01636933656503338,0.023810427357691427,1.2344502221200542,2.3416639314358427,2.479880130291979,0.059024780200370615
dependency_graph,1,0,dependency-00000,dependency-00001,0.0,0.4,0.4,0.3276672497185322,random_plane_transplant,0.042640968209981596,0.04237574782897252,-0.0002652203810090681,0.5,True,0.3035447544016167,0.012908509294021047,0.01636933656503338,4.725407838625497e-05,0.05499328155984436,2.3416639314358427,2.341564952266888,-4.2268733623977745e-05
dependency_graph,1,0,dependency-00000,dependency-00001,0.0,0.4,0.4,0.3276672497185322,candidate_orthogonal_patch,0.042640968209981596,0.298022364961956,0.25538139675197447,1.0,True,0.3035447544016167,0.4307940504895184,0.9079363672150309,0.052283233225979185,1.8292421727214438,2.3416639314358427,2.198222602647092,-0.061256155019988885
dependency_graph,1,0,dependency-00000,dependency-00001,0.0,0.4,0.4,0.3276672497185322,radial_plus_20pct,0.042640968209981596,0.04672675652161035,0.0040857883116287574,0.5,True,0.3035447544016167,0.05640743262855479,0.018097896192725057,0.0003569819444802228,0.15115172657543233,2.3416639314358427,2.4133763297617574,0.0306245475122225
dependency_graph,1,0,dependency-00000,dependency-00001,0.0,0.4,0.4,0.3276672497185322,phase_rotation_-0.785,0.042640968209981596,0.09184903530406015,0.049208067094078545,1.0,True,0.3035447544016167,-0.2992066724319154,0.053878527561602184,0.005227879538887088,0.5784326153397418,2.3416639314358427,2.2733280150770443,-0.029182631820654455
dependency_graph,1,0,dependency-00000,dependency-00001,0.0,0.4,0.4,0.3276672497185322,phase_rotation_-0.393,0.042640968209981596,0.06891152285631112,0.026270554646329547,1.0,True,0.3035447544016167,-0.13869182182223946,0.031096288845444374,0.0013586816249519364,0.29488239010989437,2.3416639314358427,2.312932726701018,-0.01226956795512819
dependency_graph,1,0,dependency-00000,dependency-00001,0.0,0.4,0.4,0.3276672497185322,phase_rotation_+0.393,0.042640968209981596,0.014614369661761425,-0.02802659854822015,0.0,True,0.3035447544016167,0.09575422040672718,0.016369336565033376,0.0013586816249519362,0.29488239010989437,2.3416639314358427,2.3556012528089507,0.005951887965649288
dependency_graph,1,0,dependency-00000,dependency-00001,0.0,0.4,0.4,0.3276672497185322,phase_rotation_+0.785,0.042640968209981596,0.9864418610244576,-0.0561991071855239,0.0,True,0.3035447544016167,0.13399312735509386,0.01636933656503337,0.005227879538887088,0.5784326153397417,2.3416639314358427,2.3528903245731634,0.004794194840092594
dependency_graph,1,1,dependency-00000,dependency-00001,0.0,0.4,0.4,0.38324975899524794,candidate_transplant,0.042640968209981596,0.1381255061732643,0.09548453796328271,1.0,True,0.3035447544016167,-0.7328053043303255,0.08290554387733819,0.028317374602753277,1.3462213690831868,2.3416639314358427,2.188394618817241,-0.06545316369314409
dependency_graph,1,1,dependency-00000,dependency-00001,0.0,0.4,0.4,0.38324975899524794,eos_orthogonal_transplant,0.042640968209981596,0.149080366945016,0.10643939873503439,1.0,True,0.3035447544016167,4.163336342344337e-17,0.1062494556033692,0.03230063956880555,1.4377902950025623,2.3416639314358427,2.1916345906144326,-0.06406954422764516
dependency_graph,1,1,dependency-00000,dependency-00001,0.0,0.4,0.4,0.38324975899524794,norm_matched_random,0.042640968209981596,0.028198100397356984,-0.014442867812624605,0.0,True,0.3035447544016167,0.3847597846431543,0.008238846270512976,0.028317374602753277,1.3462213690831868,2.3416639314358427,2.3142578578277164,-0.01170367499802658
dependency_graph,1,1,dependency-00000,dependency-00001,0.0,0.4,0.4,0.38324975899524794,random_plane_transplant,0.042640968209981596,0.06258985218344018,0.01994888397345862,1.0,True,0.3035447544016167,0.023257422420745605,0.013494324511564931,0.006610185005542276,0.6504243540602593,2.3416639314358427,2.2679904466885135,-0.03146202311881481
dependency_graph,1,1,dependency-00000,dependency-00001,0.0,0.4,0.4,0.38324975899524794,candidate_orthogonal_patch,0.042640968209981596,0.34608162846215695,0.3034406602521753,1.0,True,0.3035447544016167,0.4736326081997547,0.9424264446050253,0.05322477028686908,1.8456395364099734,2.3416639314358427,2.012607891797457,-0.14052231629865775
dependency_graph,1,1,dependency-00000,dependency-00001,0.0,0.4,0.4,0.38324975899524794,radial_plus_20pct,0.042640968209981596,0.04672675652161035,0.0040857883116287574,0.5,True,0.3035447544016167,0.05640743262855479,0.00911680471256528,0.0003569819444802228,0.15115172657543233,2.3416639314358427,2.4133763297617574,0.0306245475122225
dependency_graph,1,1,dependency-00000,dependency-00001,0.0,0.4,0.4,0.38324975899524794,phase_rotation_-0.785,0.042640968209981596,0.09184903530406015,0.049208067094078545,1.0,True,0.3035447544016167,-0.2992066724319154,0.027641123366946015,0.005227879538887088,0.5784326153397418,2.3416639314358427,2.2733280150770443,-0.029182631820654455
dependency_graph,1,1,dependency-00000,dependency-00001,0.0,0.4,0.4,0.38324975899524794,phase_rotation_-0.393,0.042640968209981596,0.06891152285631112,0.026270554646329547,1.0,True,0.3035447544016167,-0.13869182182223946,0.015768325141665714,0.0013586816249519364,0.29488239010989437,2.3416639314358427,2.312932726701018,-0.01226956795512819
dependency_graph,1,1,dependency-00000,dependency-00001,0.0,0.4,0.4,0.38324975899524794,phase_rotation_+0.393,0.042640968209981596,0.014614369661761425,-0.02802659854822015,0.0,True,0.3035447544016167,0.09575422040672718,0.008238846270512974,0.0013586816249519362,0.29488239010989437,2.3416639314358427,2.3556012528089507,0.005951887965649288
dependency_graph,1,1,dependency-00000,dependency-00001,0.0,0.4,0.4,0.38324975899524794,phase_rotation_+0.785,0.042640968209981596,0.9864418610244576,-0.0561991071855239,0.0,True,0.3035447544016167,0.13399312735509386,0.00823884627051297,0.005227879538887088,0.5784326153397417,2.3416639314358427,2.3528903245731634,0.004794194840092594
dependency_graph,1,2,dependency-00000,dependency-00001,0.0,0.4,0.4,0.3690679752600956,candidate_transplant,0.042640968209981596,0.12886084339786186,0.08621987518788021,1.0,True,0.3035447544016167,-0.6846851890191843,0.07886618153501486,0.024618174943926867,1.255214402566876,2.3416639314358427,2.17719042071235,-0.0702378802165016
dependency_graph,1,2,dependency-00000,dependency-00001,0.0,0.4,0.4,0.3690679752600956,eos_orthogonal_transplant,0.042640968209981596,0.153349465442121,0.11070849723213938,1.0,True,0.3035447544016167,9.71445146547012e-17,0.13638594687020736,0.03238086353635996,1.4395746824416709,2.3416639314358427,2.1997979319534284,-0.060583415740373146
dependency_graph,1,2,dependency-00000,dependency-00001,0.0,0.4,0.4,0.3690679752600956,norm_matched_random,0.042640968209981596,0.052108842116593924,0.0094678739066123,0.5,True,0.3035447544016167,0.16842638764555806,0.012411375069562476,0.02461817494392687,1.255214402566876,2.3416639314358427,2.4607354981477854,0.05084912703033833
dependency_graph,1,2,dependency-00000,dependency-00001,0.0,0.4,0.4,0.3690679752600956,random_plane_transplant,0.042640968209981596,0.030960252607828784,-0.011680715602152836,0.0,True,0.3035447544016167,-0.01834735677775453,0.009821127333453116,0.0040815805691683735,0.5110979910220504,2.3416639314358427,2.3002577209574353,-0.017682388118357487
dependency_graph,1,2,dependency-00000,dependency-00001,0.0,0.4,0.4,0.3690679752600956,candidate_orthogonal_patch,0.042640968209981596,0.3353591745356681,0.29271820632568657,1.0,True,0.3035447544016167,0.593162051149597,0.9372978556881671,0.05742770141418642,1.91712620620238,2.3416639314358427,2.0733152207966365,-0.11459744800982705
dependency_graph,1,2,dependency-00000,dependency-00001,0.0,0.4,0.4,0.3690679752600956,radial_plus_20pct,0.042640968209981596,0.04672675652161035,0.0040857883116287574,0.5,True,0.3035447544016167,0.05640743262855479,0.010865851483411407,0.0003569819444802228,0.15115172657543233,2.3416639314358427,2.4133763297617574,0.0306245475122225
dependency_graph,1,2,dependency-00000,dependency-00001,0.0,0.4,0.4,0.3690679752600956,phase_rotation_-0.785,0.042640968209981596,0.09184903530406015,0.049208067094078545,1.0,True,0.3035447544016167,-0.2992066724319154,0.03282630223106229,0.005227879538887088,0.5784326153397418,2.3416639314358427,2.2733280150770443,-0.029182631820654455
dependency_graph,1,2,dependency-00000,dependency-00001,0.0,0.4,0.4,0.3690679752600956,phase_rotation_-0.393,0.042640968209981596,0.06891152285631112,0.026270554646329547,1.0,True,0.3035447544016167,-0.13869182182223946,0.018769285619466662,0.0013586816249519364,0.29488239010989437,2.3416639314358427,2.312932726701018,-0.01226956795512819
dependency_graph,1,2,dependency-00000,dependency-00001,0.0,0.4,0.4,0.3690679752600956,phase_rotation_+0.393,0.042640968209981596,0.014614369661761425,-0.02802659854822015,0.0,True,0.3035447544016167,0.09575422040672718,0.009821127333453111,0.0013586816249519362,0.29488239010989437,2.3416639314358427,2.3556012528089507,0.005951887965649288
dependency_graph,1,2,dependency-00000,dependency-00001,0.0,0.4,0.4,0.3690679752600956,phase_rotation_+0.785,0.042640968209981596,0.9864418610244576,-0.0561991071855239,0.0,True,0.3035447544016167,0.13399312735509386,0.009821127333453106,0.005227879538887088,0.5784326153397417,2.3416639314358427,2.3528903245731634,0.004794194840092594
dependency_graph,1,3,dependency-00000,dependency-00001,0.0,0.4,0.4,0.3571468372285973,candidate_transplant,0.042640968209981596,0.13416651140286392,0.09152554319288231,1.0,True,0.3035447544016167,-0.6684213107646348,0.10190847426452586,0.023069041857275555,1.2150797006228173,2.3416639314358427,2.1987119647622246,-0.06104717451319496
dependency_graph,1,3,dependency-00000,dependency-00001,0.0,0.4,0.4,0.3571468372285973,eos_orthogonal_transplant,0.042640968209981596,0.14406831017131472,0.10142734196133318,1.0,True,0.3035447544016167,8.326672684688674e-17,0.126899867683939,0.02722246056964344,1.3199384366163371,2.3416639314358427,2.20110352949122,-0.060025864539167674
dependency_graph,1,3,dependency-00000,dependency-00001,0.0,0.4,0.4,0.3571468372285973,norm_matched_random,0.042640968209981596,0.9920678096208868,-0.050573158589094724,0.0,True,0.3035447544016167,-0.1788015555975925,0.011381317927453699,0.023069041857275548,1.2150797006228173,2.3416639314358427,2.7698737339864024,0.18286560970685206
dependency_graph,1,3,dependency-00000,dependency-00001,0.0,0.4,0.4,0.3571468372285973,random_plane_transplant,0.042640968209981596,0.0528275762367136,0.010186608026731991,1.0,True,0.3035447544016167,0.025363494530274484,0.014633932120298268,0.0018127206868633985,0.3406084613735506,2.3416639314358427,2.3411999023136127,-0.00019816213419892887
dependency_graph,1,3,dependency-00000,dependency-00001,0.0,0.4,0.4,0.3571468372285973,candidate_orthogonal_patch,0.042640968209981596,0.33687854743582396,0.29423757922584237,1.0,True,0.3035447544016167,0.46312445036532796,0.9474298293889529,0.058492845471260366,1.9348235346306555,2.3416639314358427,2.2364546958587126,-0.04492926340314717
dependency_graph,1,3,dependency-00000,dependency-00001,0.0,0.4,0.4,0.3571468372285973,radial_plus_20pct,0.042640968209981596,0.04672675652161035,0.0040857883116287574,0.5,True,0.3035447544016167,0.05640743262855479,0.012589897412737198,0.0003569819444802228,0.15115172657543233,2.3416639314358427,2.4133763297617574,0.0306245475122225
dependency_graph,1,3,dependency-00000,dependency-00001,0.0,0.4,0.4,0.3571468372285973,phase_rotation_-0.785,0.042640968209981596,0.09184903530406015,0.049208067094078545,1.0,True,0.3035447544016167,-0.2992066724319154,0.03790122137681839,0.005227879538887088,0.5784326153397418,2.3416639314358427,2.2733280150770443,-0.029182631820654455
dependency_graph,1,3,dependency-00000,dependency-00001,0.0,0.4,0.4,0.3571468372285973,phase_rotation_-0.393,0.042640968209981596,0.06891152285631112,0.026270554646329547,1.0,True,0.3035447544016167,-0.13869182182223946,0.021719805225930925,0.0013586816249519364,0.29488239010989437,2.3416639314358427,2.312932726701018,-0.01226956795512819
dependency_graph,1,3,dependency-00000,dependency-00001,0.0,0.4,0.4,0.3571468372285973,phase_rotation_+0.393,0.042640968209981596,0.014614369661761425,-0.02802659854822015,0.0,True,0.3035447544016167,0.09575422040672718,0.01138131792745369,0.0013586816249519362,0.29488239010989437,2.3416639314358427,2.3556012528089507,0.005951887965649288
dependency_graph,1,3,dependency-00000,dependency-00001,0.0,0.4,0.4,0.3571468372285973,phase_rotation_+0.785,0.042640968209981596,0.9864418610244576,-0.0561991071855239,0.0,True,0.3035447544016167,0.13399312735509386,0.011381317927453696,0.005227879538887088,0.5784326153397417,2.3416639314358427,2.3528903245731634,0.004794194840092594
dependency_graph,1,4,dependency-00000,dependency-00001,0.0,0.4,0.4,0.3691038893171459,candidate_transplant,0.042640968209981596,0.14890437553952443,0.10626340732954287,1.0,True,0.3035447544016167,-0.7472501280874105,0.12376893455695873,0.02894846789727257,1.36113994336565,2.3416639314358427,2.2153829266817633,-0.05392789420326745
dependency_graph,1,4,dependency-00000,dependency-00001,0.0,0.4,0.4,0.3691038893171459,eos_orthogonal_transplant,0.042640968209981596,0.17656619033760254,0.13392522212762092,1.0,True,0.3035447544016167,6.938893903907228e-17,0.21999971000600027,0.03649944701517153,1.5283862761000497,2.3416639314358427,2.2401245789904647,-0.04336205169420573
dependency_graph,1,4,dependency-00000,dependency-00001,0.0,0.4,0.4,0.3691038893171459,norm_matched_random,0.042640968209981596,0.00842679650075863,-0.034214171709222974,0.0,True,0.3035447544016167,-0.18399185863317072,0.0098167626383268,0.028948467897272585,1.3611399433656501,2.3416639314358427,2.6530458122837666,0.13297462401318758
dependency_graph,1,4,dependency-00000,dependency-00001,0.0,0.4,0.4,0.3691038893171459,random_plane_transplant,0.042640968209981596,0.044122284604875474,0.0014813163948939057,0.5,True,0.3035447544016167,-0.03588179884933257,0.010183349836256904,0.00044089258886677616,0.1679795394905989,2.3416639314358427,2.3624916388670734,0.008894405021842597
dependency_graph,1,4,dependency-00000,dependency-00001,0.0,0.4,0.4,0.3691038893171459,candidate_orthogonal_patch,0.042640968209981596,0.350514312433499,0.3078733442235174,1.0,True,0.3035447544016167,0.5940652790898875,0.9561875054624578,0.061493149375534704,1.983824982208416,2.3416639314358427,2.1541626252431354,-0.08007182571144476
dependency_graph,1,4,dependency-00000,dependency-00001,0.0,0.4,0.4,0.3691038893171459,radial_plus_20pct,0.042640968209981596,0.04672675652161035,0.0040857883116287574,0.5,True,0.3035447544016167,0.05640743262855479,0.010861027585811815,0.0003569819444802228,0.15115172657543233,2.3416639314358427,2.4133763297617574,0.0306245475122225
dependency_graph,1,4,dependency-00000,dependency-00001,0.0,0.4,0.4,0.3691038893171459,phase_rotation_-0.785,0.042640968209981596,0.09184903530406015,0.049208067094078545,1.0,True,0.3035447544016167,-0.2992066724319154,0.03281205239586623,0.005227879538887088,0.5784326153397418,2.3416639314358427,2.2733280150770443,-0.029182631820654455
dependency_graph,1,4,dependency-00000,dependency-00001,0.0,0.4,0.4,0.3691038893171459,phase_rotation_-0.393,0.042640968209981596,0.06891152285631112,0.026270554646329547,1.0,True,0.3035447544016167,-0.13869182182223946,0.018761019540732296,0.0013586816249519364,0.29488239010989437,2.3416639314358427,2.312932726701018,-0.01226956795512819
dependency_graph,1,4,dependency-00000,dependency-00001,0.0,0.4,0.4,0.3691038893171459,phase_rotation_+0.393,0.042640968209981596,0.014614369661761425,-0.02802659854822015,0.0,True,0.3035447544016167,0.09575422040672718,0.009816762638326804,0.0013586816249519362,0.29488239010989437,2.3416639314358427,2.3556012528089507,0.005951887965649288
dependency_graph,1,4,dependency-00000,dependency-00001,0.0,0.4,0.4,0.3691038893171459,phase_rotation_+0.785,0.042640968209981596,0.9864418610244576,-0.0561991071855239,0.0,True,0.3035447544016167,0.13399312735509386,0.0098167626383268,0.005227879538887088,0.5784326153397417,2.3416639314358427,2.3528903245731634,0.004794194840092594
dependency_graph,1,5,dependency-00000,dependency-00001,0.0,0.4,0.4,0.3702265711070769,candidate_transplant,0.042640968209981596,0.14578297583474717,0.10314200762476555,1.0,True,0.3035447544016167,-0.7129816610936448,0.11412495652639099,0.026195483454469815,1.2948015064426162,2.3416639314358427,2.2205633163365954,-0.05171562557441443
dependency_graph,1,5,dependency-00000,dependency-00001,0.0,0.4,0.4,0.3702265711070769,eos_orthogonal_transplant,0.042640968209981596,0.1690233379556699,0.12638236974568828,1.0,True,0.3035447544016167,9.71445146547012e-17,0.18720526733575787,0.03329805466493045,1.4598203651667383,2.3416639314358427,2.2407200278470674,-0.04310776718795826
dependency_graph,1,5,dependency-00000,dependency-00001,0.0,0.4,0.4,0.3702265711070769,norm_matched_random,0.042640968209981596,0.015870162995378172,-0.0267708052146034,0.0,True,0.3035447544016167,-0.1672288327212002,0.009681285444975098,0.02619548345446982,1.2948015064426164,2.3416639314358427,2.485521711033271,0.061433998989435905
dependency_graph,1,5,dependency-00000,dependency-00001,0.0,0.4,0.4,0.3702265711070769,random_plane_transplant,0.042640968209981596,0.05815190445241368,0.01551093624243205,1.0,True,0.3035447544016167,-0.17605618991245772,0.014202139064598624,0.007624942343020557,0.6985673267146951,2.3416639314358427,2.3262567396951876,-0.006579591346913654
dependency_graph,1,5,dependency-00000,dependency-00001,0.0,0.4,0.4,0.3702265711070769,candidate_orthogonal_patch,0.042640968209981596,0.3701960155384736,0.32755504732849205,1.0,True,0.3035447544016167,0.5744177724201057,0.9723756358583586,0.06499423637590142,2.0395173762578467,2.3416639314358427,2.1420985480109067,-0.08522375083198558
dependency_graph,1,5,dependency-00000,dependency-00001,0.0,0.4,0.4,0.3702265711070769,radial_plus_20pct,0.042640968209981596,0.04672675652161035,0.0040857883116287574,0.5,True,0.3035447544016167,0.05640743262855479,0.010711294807883288,0.0003569819444802228,0.15115172657543233,2.3416639314358427,2.4133763297617574,0.0306245475122225
dependency_graph,1,5,dependency-00000,dependency-00001,0.0,0.4,0.4,0.3702265711070769,phase_rotation_-0.785,0.042640968209981596,0.09184903530406015,0.049208067094078545,1.0,True,0.3035447544016167,-0.2992066724319154,0.032369600750349246,0.005227879538887088,0.5784326153397418,2.3416639314358427,2.2733280150770443,-0.029182631820654455
dependency_graph,1,5,dependency-00000,dependency-00001,0.0,0.4,0.4,0.3702265711070769,phase_rotation_-0.393,0.042640968209981596,0.06891152285631112,0.026270554646329547,1.0,True,0.3035447544016167,-0.13869182182223946,0.01850441301213801,0.0013586816249519364,0.29488239010989437,2.3416639314358427,2.312932726701018,-0.01226956795512819
dependency_graph,1,5,dependency-00000,dependency-00001,0.0,0.4,0.4,0.3702265711070769,phase_rotation_+0.393,0.042640968209981596,0.014614369661761425,-0.02802659854822015,0.0,True,0.3035447544016167,0.09575422040672718,0.009681285444975101,0.0013586816249519362,0.29488239010989437,2.3416639314358427,2.3556012528089507,0.005951887965649288
dependency_graph,1,5,dependency-00000,dependency-00001,0.0,0.4,0.4,0.3702265711070769,phase_rotation_+0.785,0.042640968209981596,0.9864418610244576,-0.0561991071855239,0.0,True,0.3035447544016167,0.13399312735509386,0.009681285444975096,0.005227879538887088,0.5784326153397417,2.3416639314358427,2.3528903245731634,0.004794194840092594
dependency_graph,2,0,dependency-00000,dependency-00001,0.0,0.4,0.4,0.3371655668900234,candidate_transplant,0.04337947330663825,0.09417028280761883,0.05079080950098058,1.0,True,0.5949836590548723,-1.044204885471604,0.049982885227492585,0.03163707275356972,1.4229450643747503,2.1327143942515026,2.10640653499352,-0.012335387864822673
dependency_graph,2,0,dependency-00000,dependency-00001,0.0,0.4,0.4,0.3371655668900234,eos_orthogonal_transplant,0.04337947330663825,0.043231255877915827,-0.00014821742872239696,0.5,True,0.5949836590548723,9.71445146547012e-17,0.014563452720780308,0.02302997758704345,1.2140504790043867,2.1327143942515026,2.0599049305604753,-0.034139340873432074
dependency_graph,2,0,dependency-00000,dependency-00001,0.0,0.4,0.4,0.3371655668900234,norm_matched_random,0.04337947330663825,0.11456850265593851,0.07118902934930027,1.0,True,0.5949836590548723,-0.4906821920763218,0.08055397743760626,0.03163707275356973,1.4229450643747503,2.1327143942515026,2.2360503564546748,0.048452789778932866
dependency_graph,2,0,dependency-00000,dependency-00001,0.0,0.4,0.4,0.3371655668900234,random_plane_transplant,0.04337947330663825,0.02163888884342228,-0.021740584463215973,0.0,True,0.5949836590548723,-0.021079068398641182,0.014563452720780318,0.011414421583157044,0.8547063714060232,2.1327143942515026,1.8418235442637274,-0.1363946577993938
dependency_graph,2,0,dependency-00000,dependency-00001,0.0,0.4,0.4,0.3371655668900234,candidate_orthogonal_patch,0.04337947330663825,0.2999274011269982,0.25654792782035996,1.0,True,0.5949836590548723,0.22326992490645883,0.9001712324197366,0.0905881170804798,2.4078287923252986,2.1327143942515026,1.7748851396917147,-0.16778114103054648
dependency_graph,2,0,dependency-00000,dependency-00001,0.0,0.4,0.4,0.3371655668900234,radial_plus_20pct,0.04337947330663825,0.04842301389982243,0.005043540593184126,0.5,True,0.5949836590548723,0.0791296670067213,0.016488258231018765,0.0006773048180109004,0.2082006444579306,2.1327143942515026,2.244103926632414,0.05222899638186415
dependency_graph,2,0,dependency-00000,dependency-00001,0.0,0.4,0.4,0.3371655668900234,phase_rotation_-0.785,0.04337947330663825,0.08449830725172337,0.04111883394508509,1.0,True,0.5949836590548723,-0.6099671571763243,0.03967316224133111,0.00991889941331472,0.7967493724203001,2.1327143942515026,2.1470365390194623,0.006715453699081113
dependency_graph,2,0,dependency-00000,dependency-00001,0.0,0.4,0.4,0.3371655668900234,phase_rotation_-0.393,0.04337947330663825,0.06581524981976966,0.022435776513131445,1.0,True,0.5949836590548723,-0.2975135098155961,0.02524211780648208,0.0025778379689839143,0.4061793077139338,2.1327143942515026,2.141507686482857,0.004123051945002975
dependency_graph,2,0,dependency-00000,dependency-00001,0.0,0.4,0.4,0.3371655668900234,phase_rotation_+0.393,0.04337947330663825,0.018164781913768743,-0.025214691392869526,0.0,True,0.5949836590548723,0.2372796373674315,0.01456345272078032,0.002577837968983915,0.40617930771393385,2.1327143942515026,2.1219647370748005,-0.005040364150810154
dependency_graph,2,0,dependency-00000,dependency-00001,0.0,0.4,0.4,0.3371655668900234,phase_rotation_+0.785,0.04337947330663825,0.9911278873112155,-0.0522515859954229,0.0,True,0.5949836590548723,0.37820172844254407,0.014563452720780343,0.009918899413314721,0.7967493724203002,2.1327143942515026,2.110878747954694,-0.010238429653620724
dependency_graph,2,1,dependency-00000,dependency-00001,0.0,0.4,0.4,0.35234545801201833,candidate_transplant,0.04337947330663825,0.09604319889208754,0.052663725585449295,1.0,True,0.5949836590548723,-1.1216227847329843,0.043616432364562835,0.03773515617412277,1.554043112382619,2.1327143942515026,2.126290050303562,-0.003012285172949763
dependency_graph,2,1,dependency-00000,dependency-00001,0.0,0.4,0.4,0.35234545801201833,eos_orthogonal_transplant,0.04337947330663825,0.03379275465717272,-0.009586718649465531,0.5,True,0.5949836590548723,8.326672684688674e-17,0.01207680572722438,0.024724510254295493,1.2579223570137035,2.1327143942515026,2.0351706051475573,-0.045736920689832546
dependency_graph,2,1,dependency-00000,dependency-00001,0.0,0.4,0.4,0.35234545801201833,norm_matched_random,0.04337947330663825,0.09360222360634031,0.050222750299702024,1.0,True,0.5949836590548723,-0.34037526254877704,0.04114058094499921,0.03773515617412278,1.554043112382619,2.1327143942515026,2.618366382356531,0.2277154359786992
dependency_graph,2,1,dependency-00000,dependency-00001,0.0,0.4,0.4,0.35234545801201833,random_plane_transplant,0.04337947330663825,0.06459230484665687,0.02121283154001863,1.0,True,0.5949836590548723,-0.29116222458815394,0.020352332957118156,0.007207243600933674,0.679163890721345,2.1327143942515026,2.3041354475521434,0.08037693831048708
dependency_graph,2,1,dependency-00000,dependency-00001,0.0,0.4,0.4,0.35234545801201833,candidate_orthogonal_patch,0.04337947330663825,0.3200219580403152,0.2766424847336769,1.0,True,0.5949836590548723,0.17056475781416425,0.9249610206220912,0.10460061219168588,2.587361432090209,2.1327143942515026,1.8993535310146694,-0.10941965031315572
dependency_graph,2,1,dependency-00000,dependency-00001,0.0,0.4,0.4,0.35234545801201833,radial_plus_20pct,0.04337947330663825,0.04842301389982243,0.005043540593184126,0.5,True,0.5949836590548723,0.0791296670067213,0.013677520545326406,0.0006773048180109004,0.2082006444579306,2.1327143942515026,2.244103926632414,0.05222899638186415
dependency_graph,2,1,dependency-00000,dependency-00001,0.0,0.4,0.4,0.35234545801201833,phase_rotation_-0.785,0.04337947330663825,0.08449830725172337,0.04111883394508509,1.0,True,0.5949836590548723,-0.6099671571763243,0.033042901173740695,0.00991889941331472,0.7967493724203001,2.1327143942515026,2.1470365390194623,0.006715453699081113
dependency_graph,2,1,dependency-00000,dependency-00001,0.0,0.4,0.4,0.35234545801201833,phase_rotation_-0.393,0.04337947330663825,0.06581524981976966,0.022435776513131445,1.0,True,0.5949836590548723,-0.2975135098155961,0.020970936782097886,0.0025778379689839143,0.4061793077139338,2.1327143942515026,2.141507686482857,0.004123051945002975
dependency_graph,2,1,dependency-00000,dependency-00001,0.0,0.4,0.4,0.35234545801201833,phase_rotation_+0.393,0.04337947330663825,0.018164781913768743,-0.025214691392869526,0.0,True,0.5949836590548723,0.2372796373674315,0.012076805727224381,0.002577837968983915,0.40617930771393385,2.1327143942515026,2.1219647370748005,-0.005040364150810154
dependency_graph,2,1,dependency-00000,dependency-00001,0.0,0.4,0.4,0.35234545801201833,phase_rotation_+0.785,0.04337947330663825,0.9911278873112155,-0.0522515859954229,0.0,True,0.5949836590548723,0.37820172844254407,0.012076805727224398,0.009918899413314721,0.7967493724203002,2.1327143942515026,2.110878747954694,-0.010238429653620724
dependency_graph,2,2,dependency-00000,dependency-00001,0.0,0.4,0.4,0.3568420408834858,candidate_transplant,0.04337947330663825,0.09308176277833113,0.04970228947169286,1.0,True,0.5949836590548723,-1.1182330232096636,0.03849511578621265,0.03821089040015692,1.563808487510553,2.1327143942515026,2.1173381660717467,-0.0072096986925210185
dependency_graph,2,2,dependency-00000,dependency-00001,0.0,0.4,0.4,0.3568420408834858,eos_orthogonal_transplant,0.04337947330663825,0.03039224671030234,-0.012987226596335888,0.0,True,0.5949836590548723,1.1102230246251565e-16,0.011424266610605504,0.02550301890616767,1.2775731720706767,2.1327143942515026,2.0289550586491316,-0.048651303654180245
dependency_graph,2,2,dependency-00000,dependency-00001,0.0,0.4,0.4,0.3568420408834858,norm_matched_random,0.04337947330663825,0.0595835758367172,0.01620410253007898,1.0,True,0.5949836590548723,-0.01559780778608183,0.017032999367314904,0.038210890400156926,1.563808487510553,2.1327143942515026,2.59711853770277,0.21775261830792614
dependency_graph,2,2,dependency-00000,dependency-00001,0.0,0.4,0.4,0.3568420408834858,random_plane_transplant,0.04337947330663825,0.046351903603490306,0.0029724302968520133,0.5,True,0.5949836590548723,0.10847634932316767,0.012294716333939965,0.006702550231627413,0.6549528340454407,2.1327143942515026,2.0945915458571185,-0.01787527129611917
dependency_graph,2,2,dependency-00000,dependency-00001,0.0,0.4,0.4,0.3568420408834858,candidate_orthogonal_patch,0.04337947330663825,0.32022575896883226,0.27684628566219405,1.0,True,0.5949836590548723,0.17528008583836535,0.9213354533422676,0.10283282318065362,2.5654045847705644,2.1327143942515026,1.8609618506565846,-0.1274209731633064
dependency_graph,2,2,dependency-00000,dependency-00001,0.0,0.4,0.4,0.3568420408834858,radial_plus_20pct,0.04337947330663825,0.04842301389982243,0.005043540593184126,0.5,True,0.5949836590548723,0.0791296670067213,0.01293962375874606,0.0006773048180109004,0.2082006444579306,2.1327143942515026,2.244103926632414,0.05222899638186415
dependency_graph,2,2,dependency-00000,dependency-00001,0.0,0.4,0.4,0.3568420408834858,phase_rotation_-0.785,0.04337947330663825,0.08449830725172337,0.04111883394508509,1.0,True,0.5949836590548723,-0.6099671571763243,0.031293397106696215,0.00991889941331472,0.7967493724203001,2.1327143942515026,2.1470365390194623,0.006715453699081113
dependency_graph,2,2,dependency-00000,dependency-00001,0.0,0.4,0.4,0.3568420408834858,phase_rotation_-0.393,0.04337947330663825,0.06581524981976966,0.022435776513131445,1.0,True,0.5949836590548723,-0.2975135098155961,0.01984748091548151,0.0025778379689839143,0.4061793077139338,2.1327143942515026,2.141507686482857,0.004123051945002975
dependency_graph,2,2,dependency-00000,dependency-00001,0.0,0.4,0.4,0.3568420408834858,phase_rotation_+0.393,0.04337947330663825,0.018164781913768743,-0.025214691392869526,0.0,True,0.5949836590548723,0.2372796373674315,0.01142426661060552,0.002577837968983915,0.40617930771393385,2.1327143942515026,2.1219647370748005,-0.005040364150810154
dependency_graph,2,2,dependency-00000,dependency-00001,0.0,0.4,0.4,0.3568420408834858,phase_rotation_+0.785,0.04337947330663825,0.9911278873112155,-0.0522515859954229,0.0,True,0.5949836590548723,0.37820172844254407,0.011424266610605527,0.009918899413314721,0.7967493724203002,2.1327143942515026,2.110878747954694,-0.010238429653620724
dependency_graph,2,3,dependency-00000,dependency-00001,0.0,0.4,0.4,0.3479924993123915,candidate_transplant,0.04337947330663825,0.09805854168123118,0.05467906837459291,1.0,True,0.5949836590548723,-1.092757727663928,0.04820304518834945,0.03469961450254823,1.4902266029577806,2.1327143942515026,2.127608501321906,-0.0023940819002107243
dependency_graph,2,3,dependency-00000,dependency-00001,0.0,0.4,0.4,0.3479924993123915,eos_orthogonal_transplant,0.04337947330663825,0.039778749201003175,-0.003600724105635056,0.5,True,0.5949836590548723,8.326672684688674e-17,0.012743528999435571,0.02170504292968895,1.1786105156072946,2.1327143942515026,2.0377934001970064,-0.04450712871369241
dependency_graph,2,3,dependency-00000,dependency-00001,0.0,0.4,0.4,0.3479924993123915,norm_matched_random,0.04337947330663825,0.007282971203688713,-0.03609650210294957,0.0,True,0.5949836590548723,0.5092668567609266,0.012743528999435576,0.03469961450254823,1.4902266029577806,2.1327143942515026,2.7846839686167026,0.30569942985451426
dependency_graph,2,3,dependency-00000,dependency-00001,0.0,0.4,0.4,0.3479924993123915,random_plane_transplant,0.04337947330663825,0.05168343221339408,0.008303958906755837,0.5,True,0.5949836590548723,-0.2252919294904063,0.015637732112140118,0.008012277826349546,0.7160906233755411,2.1327143942515026,2.0168252477616484,-0.05433880260864775
dependency_graph,2,3,dependency-00000,dependency-00001,0.0,0.4,0.4,0.3479924993123915,candidate_orthogonal_patch,0.04337947330663825,0.32398534260863965,0.2806058693020014,1.0,True,0.5949836590548723,0.150603795166815,0.9349441395382367,0.10866886140407087,2.637196831838787,2.1327143942515026,1.8904151378141885,-0.11361073807651186
dependency_graph,2,3,dependency-00000,dependency-00001,0.0,0.4,0.4,0.3479924993123915,radial_plus_20pct,0.04337947330663825,0.04842301389982243,0.005043540593184126,0.5,True,0.5949836590548723,0.0791296670067213,0.014431323462007286,0.0006773048180109004,0.2082006444579306,2.1327143942515026,2.244103926632414,0.05222899638186415
dependency_graph,2,3,dependency-00000,dependency-00001,0.0,0.4,0.4,0.3479924993123915,phase_rotation_-0.785,0.04337947330663825,0.08449830725172337,0.04111883394508509,1.0,True,0.5949836590548723,-0.6099671571763243,0.03482629475258638,0.00991889941331472,0.7967493724203001,2.1327143942515026,2.1470365390194623,0.006715453699081113
dependency_graph,2,3,dependency-00000,dependency-00001,0.0,0.4,0.4,0.3479924993123915,phase_rotation_-0.393,0.04337947330663825,0.06581524981976966,0.022435776513131445,1.0,True,0.5949836590548723,-0.2975135098155961,0.022117684722054807,0.0025778379689839143,0.4061793077139338,2.1327143942515026,2.141507686482857,0.004123051945002975
dependency_graph,2,3,dependency-00000,dependency-00001,0.0,0.4,0.4,0.3479924993123915,phase_rotation_+0.393,0.04337947330663825,0.018164781913768743,-0.025214691392869526,0.0,True,0.5949836590548723,0.2372796373674315,0.012743528999435583,0.002577837968983915,0.40617930771393385,2.1327143942515026,2.1219647370748005,-0.005040364150810154
dependency_graph,2,3,dependency-00000,dependency-00001,0.0,0.4,0.4,0.3479924993123915,phase_rotation_+0.785,0.04337947330663825,0.9911278873112155,-0.0522515859954229,0.0,True,0.5949836590548723,0.37820172844254407,0.0127435289994356,0.009918899413314721,0.7967493724203002,2.1327143942515026,2.110878747954694,-0.010238429653620724
dependency_graph,2,4,dependency-00000,dependency-00001,0.0,0.4,0.4,0.34971290203369687,candidate_transplant,0.04337947330663825,0.09032534348874581,0.04694587018210761,1.0,True,0.5949836590548723,-1.0669416656720951,0.03924993454959225,0.03442340281303215,1.4842835915127734,2.1327143942515026,2.096715491121344,-0.01687938301874339
dependency_graph,2,4,dependency-00000,dependency-00001,0.0,0.4,0.4,0.34971290203369687,eos_orthogonal_transplant,0.04337947330663825,0.033186368704011746,-0.010193104602626513,0.0,True,0.5949836590548723,5.551115123125783e-17,0.012475787181439471,0.0227794972491331,1.2074302563479675,2.1327143942515026,2.0197031001331225,-0.05298941781562013
dependency_graph,2,4,dependency-00000,dependency-00001,0.0,0.4,0.4,0.34971290203369687,norm_matched_random,0.04337947330663825,0.05433597429259815,0.010956500985959905,1.0,True,0.5949836590548723,0.016435637269329922,0.016342659791747604,0.03442340281303215,1.4842835915127734,2.1327143942515026,2.4657893905373953,0.15617421497395986
dependency_graph,2,4,dependency-00000,dependency-00001,0.0,0.4,0.4,0.34971290203369687,random_plane_transplant,0.04337947330663825,0.0296816852962177,-0.013697788010420542,0.0,True,0.5949836590548723,0.057994390835967594,0.012475787181439466,0.008589564947766675,0.7414392467741825,2.1327143942515026,1.9891610651262612,-0.06731015156655461
dependency_graph,2,4,dependency-00000,dependency-00001,0.0,0.4,0.4,0.34971290203369687,candidate_orthogonal_patch,0.04337947330663825,0.3144036468004406,0.27102417349380237,1.0,True,0.5949836590548723,0.16540824511379396,0.9171464871078783,0.10010123753662065,2.5311023689972956,2.1327143942515026,1.9011425534420001,-0.10858080267741377
dependency_graph,2,4,dependency-00000,dependency-00001,0.0,0.4,0.4,0.34971290203369687,radial_plus_20pct,0.04337947330663825,0.04842301389982243,0.005043540593184126,0.5,True,0.5949836590548723,0.0791296670067213,0.01412862852275904,0.0006773048180109004,0.2082006444579306,2.1327143942515026,2.244103926632414,0.05222899638186415
dependency_graph,2,4,dependency-00000,dependency-00001,0.0,0.4,0.4,0.34971290203369687,phase_rotation_-0.785,0.04337947330663825,0.08449830725172337,0.04111883394508509,1.0,True,0.5949836590548723,-0.6099671571763243,0.03411062377740045,0.00991889941331472,0.7967493724203001,2.1327143942515026,2.1470365390194623,0.006715453699081113
dependency_graph,2,4,dependency-00000,dependency-00001,0.0,0.4,0.4,0.34971290203369687,phase_rotation_-0.393,0.04337947330663825,0.06581524981976966,0.022435776513131445,1.0,True,0.5949836590548723,-0.2975135098155961,0.021657312183203672,0.0025778379689839143,0.4061793077139338,2.1327143942515026,2.141507686482857,0.004123051945002975
dependency_graph,2,4,dependency-00000,dependency-00001,0.0,0.4,0.4,0.34971290203369687,phase_rotation_+0.393,0.04337947330663825,0.018164781913768743,-0.025214691392869526,0.0,True,0.5949836590548723,0.2372796373674315,0.012475787181439468,0.002577837968983915,0.40617930771393385,2.1327143942515026,2.1219647370748005,-0.005040364150810154
dependency_graph,2,4,dependency-00000,dependency-00001,0.0,0.4,0.4,0.34971290203369687,phase_rotation_+0.785,0.04337947330663825,0.9911278873112155,-0.0522515859954229,0.0,True,0.5949836590548723,0.37820172844254407,0.012475787181439484,0.009918899413314721,0.7967493724203002,2.1327143942515026,2.110878747954694,-0.010238429653620724
dependency_graph,2,5,dependency-00000,dependency-00001,0.0,0.4,0.4,0.37273260420429244,candidate_transplant,0.04337947330663825,0.07834171517439932,0.03496224186776109,1.0,True,0.5949836590548723,-1.0621006936419044,0.022202417338243182,0.03708115863645208,1.54051749510771,2.1327143942515026,2.069158157819563,-0.02980063181607832
dependency_graph,2,5,dependency-00000,dependency-00001,0.0,0.4,0.4,0.37273260420429244,eos_orthogonal_transplant,0.04337947330663825,0.020010056870424685,-0.02336941643621354,0.0,True,0.5949836590548723,6.938893903907228e-17,0.009385518222595653,0.027278788125210948,1.3213033111339352,2.1327143942515026,2.009552532943064,-0.05774887703689144
dependency_graph,2,5,dependency-00000,dependency-00001,0.0,0.4,0.4,0.37273260420429244,norm_matched_random,0.04337947330663825,0.048392186765029654,0.005012713458391382,0.5,True,0.5949836590548723,-0.03732298385769392,0.01062525229075956,0.03708115863645208,1.54051749510771,2.1327143942515026,2.3294872003178146,0.09226402119134731
dependency_graph,2,5,dependency-00000,dependency-00001,0.0,0.4,0.4,0.37273260420429244,random_plane_transplant,0.04337947330663825,0.08555909575707275,0.042179622450434495,1.0,True,0.5949836590548723,-0.21916755785734998,0.02647643364941787,0.017653640981058937,1.0629360388978126,2.1327143942515026,2.136872282033653,0.0019495755237352824
dependency_graph,2,5,dependency-00000,dependency-00001,0.0,0.4,0.4,0.37273260420429244,candidate_orthogonal_patch,0.04337947330663825,0.3287303616223897,0.2853508883157514,1.0,True,0.5949836590548723,0.20628597227244244,0.9223429410688874,0.10197094850321914,2.5546312266560167,2.1327143942515026,1.8046899734208202,-0.15380607066508117
dependency_graph,2,5,dependency-00000,dependency-00001,0.0,0.4,0.4,0.37273260420429244,radial_plus_20pct,0.04337947330663825,0.04842301389982243,0.005043540593184126,0.5,True,0.5949836590548723,0.0791296670067213,0.010633356992670782,0.0006773048180109004,0.2082006444579306,2.1327143942515026,2.244103926632414,0.05222899638186415
dependency_graph,2,5,dependency-00000,dependency-00001,0.0,0.4,0.4,0.37273260420429244,phase_rotation_-0.785,0.04337947330663825,0.08449830725172337,0.04111883394508509,1.0,True,0.5949836590548723,-0.6099671571763243,0.02580139312154592,0.00991889941331472,0.7967493724203001,2.1327143942515026,2.1470365390194623,0.006715453699081113
dependency_graph,2,5,dependency-00000,dependency-00001,0.0,0.4,0.4,0.37273260420429244,phase_rotation_-0.393,0.04337947330663825,0.06581524981976966,0.022435776513131445,1.0,True,0.5949836590548723,-0.2975135098155961,0.01633037633989125,0.0025778379689839143,0.4061793077139338,2.1327143942515026,2.141507686482857,0.004123051945002975
dependency_graph,2,5,dependency-00000,dependency-00001,0.0,0.4,0.4,0.37273260420429244,phase_rotation_+0.393,0.04337947330663825,0.018164781913768743,-0.025214691392869526,0.0,True,0.5949836590548723,0.2372796373674315,0.009385518222595661,0.002577837968983915,0.40617930771393385,2.1327143942515026,2.1219647370748005,-0.005040364150810154
dependency_graph,2,5,dependency-00000,dependency-00001,0.0,0.4,0.4,0.37273260420429244,phase_rotation_+0.785,0.04337947330663825,0.9911278873112155,-0.0522515859954229,0.0,True,0.5949836590548723,0.37820172844254407,0.009385518222595667,0.009918899413314721,0.7967493724203002,2.1327143942515026,2.110878747954694,-0.010238429653620724
dependency_graph,3,0,dependency-00000,dependency-00001,0.0,0.4,0.4,0.33758743160713356,candidate_transplant,0.038460519119523674,0.37674111174198516,0.33828059262246146,1.0,True,0.09269717797025716,-0.9901149341124056,0.985512033019371,0.17038885996240377,3.3022548414066777,2.446758868435305,2.706958481381315,0.1063446080865365
dependency_graph,3,0,dependency-00000,dependency-00001,0.0,0.4,0.4,0.33758743160713356,eos_orthogonal_transplant,0.038460519119523674,0.3613049822220423,0.3228444631025187,1.0,True,0.09269717797025716,-5.551115123125783e-17,0.9791895236549042,0.16133359512758189,3.2133082777980144,2.446758868435305,2.8490708801032243,0.16442650596182232
dependency_graph,3,0,dependency-00000,dependency-00001,0.0,0.4,0.4,0.33758743160713356,norm_matched_random,0.038460519119523674,0.05762220590705105,0.019161686787527388,1.0,True,0.09269717797025716,-0.030542829562363816,0.023184796982269436,0.17038885996240377,3.3022548414066777,2.446758868435305,3.795528702776257,0.5512475510933722
dependency_graph,3,0,dependency-00000,dependency-00001,0.0,0.4,0.4,0.33758743160713356,random_plane_transplant,0.038460519119523674,0.06381044553039458,0.02534992641087086,1.0,True,0.09269717797025716,-0.09436994887998294,0.0269593748826521,0.01273163495956921,0.9026763746838782,2.446758868435305,2.3533606617182907,-0.03817221546508265
dependency_graph,3,0,dependency-00000,dependency-00001,0.0,0.4,0.4,0.33758743160713356,candidate_orthogonal_patch,0.038460519119523674,0.03918377521175349,0.0007232560922297848,0.5,True,0.09269717797025716,0.2003255335484795,0.014748413730499572,0.0039572098850953665,0.5032508645259375,2.446758868435305,2.4566229297742295,0.004031480774904687
dependency_graph,3,0,dependency-00000,dependency-00001,0.0,0.4,0.4,0.33758743160713356,radial_plus_20pct,0.038460519119523674,0.04179562137497709,0.003335102255453415,0.5,True,0.09269717797025716,0.10585092982908678,0.015727912991527704,0.002357357214506922,0.3884209851803105,2.446758868435305,2.765035252579276,0.1300808135406934
dependency_graph,3,0,dependency-00000,dependency-00001,0.0,0.4,0.4,0.33758743160713356,phase_rotation_-0.785,0.038460519119523674,0.9156466292432663,-0.12281388987625741,0.0,True,0.09269717797025716,0.03142804955525037,0.014487966980629093,0.03452269712271501,1.4864227581188874,2.446758868435305,2.3384288872458576,-0.04427489058565222
dependency_graph,3,0,dependency-00000,dependency-00001,0.0,0.4,0.4,0.33758743160713356,phase_rotation_-0.393,0.038460519119523674,0.9756114427945958,-0.06284907632492787,0.0,True,0.09269717797025716,0.06061519291288597,0.014487966980629045,0.008972156660365438,0.7577717507689159,2.446758868435305,2.3886731206452434,-0.023739874222753816
dependency_graph,3,0,dependency-00000,dependency-00001,0.0,0.4,0.4,0.33758743160713356,phase_rotation_+0.393,0.038460519119523674,0.10459231856983377,0.06613179945031011,1.0,True,0.09269717797025716,-0.14118941554045356,0.07132261767298768,0.008972156660365441,0.7577717507689161,2.446758868435305,2.503617152538319,0.0232382049725132
dependency_graph,3,0,dependency-00000,dependency-00001,0.0,0.4,0.4,0.33758743160713356,phase_rotation_+0.785,0.038460519119523674,0.17378029842471746,0.1353197793051938,1.0,True,0.09269717797025716,-0.34145824507754163,0.30219895963886284,0.034522697122715024,1.4864227581188878,2.446758868435305,2.5509444716220115,0.04258106694973703
dependency_graph,3,1,dependency-00000,dependency-00001,0.0,0.4,0.4,0.36388224138522374,candidate_transplant,0.038460519119523674,0.4028542198878556,0.3643937007683319,1.0,True,0.09269717797025716,-1.0486965764998586,0.9895280516474296,0.18701146072588387,3.4595857391393796,2.446758868435305,2.6902173617603666,0.09950244646737609
dependency_graph,3,1,dependency-00000,dependency-00001,0.0,0.4,0.4,0.36388224138522374,eos_orthogonal_transplant,0.038460519119523674,0.38755746457351176,0.34909694545398806,1.0,True,0.09269717797025716,0.0,0.9849156113509666,0.1731224381844932,3.3286387673953994,2.446758868435305,2.811557342780687,0.1490945752977569
dependency_graph,3,1,dependency-00000,dependency-00001,0.0,0.4,0.4,0.36388224138522374,norm_matched_random,0.038460519119523674,0.999174277345931,-0.039286241773592634,0.0,True,0.09269717797025716,-0.2519007743032623,0.010471948352570287,0.18701146072588384,3.459585739139379,2.446758868435305,4.268882604235525,0.7447091576152999
dependency_graph,3,1,dependency-00000,dependency-00001,0.0,0.4,0.4,0.36388224138522374,random_plane_transplant,0.038460519119523674,0.039920485632437094,0.0014599665129134687,0.5,True,0.09269717797025716,0.024676203390804022,0.010857000256920563,0.0030805061412002054,0.4440184602432799,2.446758868435305,2.398304393677387,-0.01980353494699065
dependency_graph,3,1,dependency-00000,dependency-00001,0.0,0.4,0.4,0.36388224138522374,candidate_orthogonal_patch,0.038460519119523674,0.03894001512216738,0.00047949600264374226,0.5,True,0.09269717797025716,0.10005008571444536,0.010596896951458523,0.0041179024682376966,0.5133670791618923,2.446758868435305,2.4640362976855164,0.007061353479944767
dependency_graph,3,1,dependency-00000,dependency-00001,0.0,0.4,0.4,0.36388224138522374,radial_plus_20pct,0.038460519119523674,0.04179562137497709,0.003335102255453415,0.5,True,0.09269717797025716,0.10585092982908678,0.011372151424516667,0.002357357214506922,0.3884209851803105,2.446758868435305,2.765035252579276,0.1300808135406934
dependency_graph,3,1,dependency-00000,dependency-00001,0.0,0.4,0.4,0.36388224138522374,phase_rotation_-0.785,0.038460519119523674,0.9156466292432663,-0.12281388987625741,0.0,True,0.09269717797025716,0.03142804955525037,0.010471948352570322,0.03452269712271501,1.4864227581188874,2.446758868435305,2.3384288872458576,-0.04427489058565222
dependency_graph,3,1,dependency-00000,dependency-00001,0.0,0.4,0.4,0.36388224138522374,phase_rotation_-0.393,0.038460519119523674,0.9756114427945958,-0.06284907632492787,0.0,True,0.09269717797025716,0.06061519291288597,0.010471948352570289,0.008972156660365438,0.7577717507689159,2.446758868435305,2.3886731206452434,-0.023739874222753816
dependency_graph,3,1,dependency-00000,dependency-00001,0.0,0.4,0.4,0.36388224138522374,phase_rotation_+0.393,0.038460519119523674,0.10459231856983377,0.06613179945031011,1.0,True,0.09269717797025716,-0.14118941554045356,0.05238971507288219,0.008972156660365441,0.7577717507689161,2.446758868435305,2.503617152538319,0.0232382049725132
dependency_graph,3,1,dependency-00000,dependency-00001,0.0,0.4,0.4,0.36388224138522374,phase_rotation_+0.785,0.038460519119523674,0.17378029842471746,0.1353197793051938,1.0,True,0.09269717797025716,-0.34145824507754163,0.23766326752854114,0.034522697122715024,1.4864227581188878,2.446758868435305,2.5509444716220115,0.04258106694973703
dependency_graph,3,2,dependency-00000,dependency-00001,0.0,0.4,0.4,0.35912169719606124,candidate_transplant,0.038460519119523674,0.3978924635448721,0.3594319444253484,1.0,True,0.09269717797025716,-1.0407920985516093,0.9888931166396294,0.18482723463479347,3.439323046273319,2.446758868435305,2.7012074140201188,0.10399412417273994
dependency_graph,3,2,dependency-00000,dependency-00001,0.0,0.4,0.4,0.35912169719606124,eos_orthogonal_transplant,0.038460519119523674,0.38131796391128564,0.34285744479176194,1.0,True,0.09269717797025716,-1.3877787807814457e-16,0.983413081339505,0.1695687189557764,3.294297802744872,2.446758868435305,2.812545652744665,0.1494985014781124
dependency_graph,3,2,dependency-00000,dependency-00001,0.0,0.4,0.4,0.35912169719606124,norm_matched_random,0.038460519119523674,0.042195344081215246,0.0037348249616915297,0.5,True,0.09269717797025716,-0.9361428511357853,0.01218065744750249,0.18482723463479345,3.439323046273319,2.446758868435305,3.8722502032588246,0.5826039309444159
dependency_graph,3,2,dependency-00000,dependency-00001,0.0,0.4,0.4,0.35912169719606124,random_plane_transplant,0.038460519119523674,0.039543246203282485,0.0010827270837587832,0.5,True,0.09269717797025716,-0.02993460194855843,0.011408155715102867,0.004862540134698872,0.5578553294723712,2.446758868435305,2.5419410115811214,0.03890131731971001
dependency_graph,3,2,dependency-00000,dependency-00001,0.0,0.4,0.4,0.35912169719606124,candidate_orthogonal_patch,0.038460519119523674,0.03883318490409476,0.000372665784571069,0.5,True,0.09269717797025716,0.051132243705618724,0.011209680398354299,0.002739212415779807,0.4186998860877653,2.446758868435305,2.5082945067472195,0.025149858086042788
dependency_graph,3,2,dependency-00000,dependency-00001,0.0,0.4,0.4,0.35912169719606124,radial_plus_20pct,0.038460519119523674,0.04179562137497709,0.003335102255453415,0.5,True,0.09269717797025716,0.10585092982908678,0.012061002261396612,0.002357357214506922,0.3884209851803105,2.446758868435305,2.765035252579276,0.1300808135406934
dependency_graph,3,2,dependency-00000,dependency-00001,0.0,0.4,0.4,0.35912169719606124,phase_rotation_-0.785,0.038460519119523674,0.9156466292432663,-0.12281388987625741,0.0,True,0.09269717797025716,0.03142804955525037,0.011106883360370686,0.03452269712271501,1.4864227581188874,2.446758868435305,2.3384288872458576,-0.04427489058565222
dependency_graph,3,2,dependency-00000,dependency-00001,0.0,0.4,0.4,0.35912169719606124,phase_rotation_-0.393,0.038460519119523674,0.9756114427945958,-0.06284907632492787,0.0,True,0.09269717797025716,0.06061519291288597,0.011106883360370653,0.008972156660365438,0.7577717507689159,2.446758868435305,2.3886731206452434,-0.023739874222753816
dependency_graph,3,2,dependency-00000,dependency-00001,0.0,0.4,0.4,0.35912169719606124,phase_rotation_+0.393,0.038460519119523674,0.10459231856983377,0.06613179945031011,1.0,True,0.09269717797025716,-0.14118941554045356,0.05542385382903733,0.008972156660365441,0.7577717507689161,2.446758868435305,2.503617152538319,0.0232382049725132
dependency_graph,3,2,dependency-00000,dependency-00001,0.0,0.4,0.4,0.35912169719606124,phase_rotation_+0.785,0.038460519119523674,0.17378029842471746,0.1353197793051938,1.0,True,0.09269717797025716,-0.34145824507754163,0.24861237029761193,0.034522697122715024,1.4864227581188878,2.446758868435305,2.5509444716220115,0.04258106694973703
dependency_graph,3,3,dependency-00000,dependency-00001,0.0,0.4,0.4,0.36691456410446543,candidate_transplant,0.038460519119523674,0.4056327026821067,0.36717218356258297,1.0,True,0.09269717797025716,-1.072023180441452,0.9899136236288236,0.19538058342764572,3.536150073083625,2.446758868435305,2.743324486687,0.12120753788923538
dependency_graph,3,3,dependency-00000,dependency-00001,0.0,0.4,0.4,0.36691456410446543,eos_orthogonal_transplant,0.038460519119523674,0.3903932862706152,0.35193276715109145,1.0,True,0.09269717797025716,-8.326672684688674e-17,0.9853980001817332,0.17968420339796756,3.3911338837430063,2.446758868435305,2.8540465142477176,0.16646006726150006
dependency_graph,3,3,dependency-00000,dependency-00001,0.0,0.4,0.4,0.36691456410446543,norm_matched_random,0.038460519119523674,0.04400839211103342,0.005547872991509717,0.5,True,0.09269717797025716,1.0496228063819877,0.01156962327706317,0.19538058342764575,3.536150073083625,2.446758868435305,4.732649003704333,0.9342523142588416
dependency_graph,3,3,dependency-00000,dependency-00001,0.0,0.4,0.4,0.36691456410446543,random_plane_transplant,0.038460519119523674,0.05534709501090235,0.016886575891378652,1.0,True,0.09269717797025716,0.02025236828080535,0.01530326277235823,0.008582721854924823,0.741143844820416,2.446758868435305,2.4487020460023436,0.0007941843359011968
dependency_graph,3,3,dependency-00000,dependency-00001,0.0,0.4,0.4,0.36691456410446543,candidate_orthogonal_patch,0.038460519119523674,0.03874283152241272,0.0002823124028890067,0.5,True,0.09269717797025716,0.06725750733895412,0.010157090288895972,0.0035528301592789267,0.4768449750116397,2.446758868435305,2.5005871413114984,0.021999827433185692
dependency_graph,3,3,dependency-00000,dependency-00001,0.0,0.4,0.4,0.36691456410446543,radial_plus_20pct,0.038460519119523674,0.04179562137497709,0.003335102255453415,0.5,True,0.09269717797025716,0.10585092982908678,0.010953801315660993,0.002357357214506922,0.3884209851803105,2.446758868435305,2.765035252579276,0.1300808135406934
dependency_graph,3,3,dependency-00000,dependency-00001,0.0,0.4,0.4,0.36691456410446543,phase_rotation_-0.785,0.038460519119523674,0.9156466292432663,-0.12281388987625741,0.0,True,0.09269717797025716,0.03142804955525037,0.01008637637117646,0.03452269712271501,1.4864227581188874,2.446758868435305,2.3384288872458576,-0.04427489058565222
dependency_graph,3,3,dependency-00000,dependency-00001,0.0,0.4,0.4,0.36691456410446543,phase_rotation_-0.393,0.038460519119523674,0.9756114427945958,-0.06284907632492787,0.0,True,0.09269717797025716,0.06061519291288597,0.010086376371176436,0.008972156660365438,0.7577717507689159,2.446758868435305,2.3886731206452434,-0.023739874222753816
dependency_graph,3,3,dependency-00000,dependency-00001,0.0,0.4,0.4,0.36691456410446543,phase_rotation_+0.393,0.038460519119523674,0.10459231856983377,0.06613179945031011,1.0,True,0.09269717797025716,-0.14118941554045356,0.05053957940314871,0.008972156660365441,0.7577717507689161,2.446758868435305,2.503617152538319,0.0232382049725132
dependency_graph,3,3,dependency-00000,dependency-00001,0.0,0.4,0.4,0.36691456410446543,phase_rotation_+0.785,0.038460519119523674,0.17378029842471746,0.1353197793051938,1.0,True,0.09269717797025716,-0.34145824507754163,0.23086425670593633,0.034522697122715024,1.4864227581188878,2.446758868435305,2.5509444716220115,0.04258106694973703
dependency_graph,3,4,dependency-00000,dependency-00001,0.0,0.4,0.4,0.356370496691952,candidate_transplant,0.038460519119523674,0.39501115370015166,0.35655063458062797,1.0,True,0.09269717797025716,-1.0454756154369382,0.988508972530052,0.18711939295237193,3.4605839317883627,2.446758868435305,2.7382806774762347,0.11914611317107723
dependency_graph,3,4,dependency-00000,dependency-00001,0.0,0.4,0.4,0.356370496691952,eos_orthogonal_transplant,0.038460519119523674,0.3777157736780181,0.33925525455849437,1.0,True,0.09269717797025716,2.7755575615628914e-17,0.9824802281320224,0.1704932979916522,3.303266727266471,2.446758868435305,2.840299358555852,0.16084155050890447
dependency_graph,3,4,dependency-00000,dependency-00001,0.0,0.4,0.4,0.356370496691952,norm_matched_random,0.038460519119523674,0.08029826374526196,0.041837744625738305,1.0,True,0.09269717797025716,-0.24021382876974634,0.03202505640990453,0.18711939295237195,3.460583931788363,2.446758868435305,3.893157507063154,0.5911488284715268
dependency_graph,3,4,dependency-00000,dependency-00001,0.0,0.4,0.4,0.356370496691952,random_plane_transplant,0.038460519119523674,0.058560438613793925,0.020099919494270257,1.0,True,0.09269717797025716,-0.529387291267476,0.018851465165148157,0.03152765260670398,1.4204822303813078,2.446758868435305,2.379403346200549,-0.027528467600008984
dependency_graph,3,4,dependency-00000,dependency-00001,0.0,0.4,0.4,0.356370496691952,candidate_orthogonal_patch,0.038460519119523674,0.03855049287648755,8.997375696384591e-05,0.5,True,0.09269717797025716,0.01383562998243414,0.01151660582639216,0.0035140953216440457,0.4742384427534517,2.446758868435305,2.4212851619685236,-0.010411204305993477
dependency_graph,3,4,dependency-00000,dependency-00001,0.0,0.4,0.4,0.356370496691952,radial_plus_20pct,0.038460519119523674,0.04179562137497709,0.003335102255453415,0.5,True,0.09269717797025716,0.10585092982908678,0.012477729270353045,0.002357357214506922,0.3884209851803105,2.446758868435305,2.765035252579276,0.1300808135406934
dependency_graph,3,4,dependency-00000,dependency-00001,0.0,0.4,0.4,0.356370496691952,phase_rotation_-0.785,0.038460519119523674,0.9156466292432663,-0.12281388987625741,0.0,True,0.09269717797025716,0.03142804955525037,0.011491027469948043,0.03452269712271501,1.4864227581188874,2.446758868435305,2.3384288872458576,-0.04427489058565222
dependency_graph,3,4,dependency-00000,dependency-00001,0.0,0.4,0.4,0.356370496691952,phase_rotation_-0.393,0.038460519119523674,0.9756114427945958,-0.06284907632492787,0.0,True,0.09269717797025716,0.06061519291288597,0.011491027469948008,0.008972156660365438,0.7577717507689159,2.446758868435305,2.3886731206452434,-0.023739874222753816
dependency_graph,3,4,dependency-00000,dependency-00001,0.0,0.4,0.4,0.356370496691952,phase_rotation_+0.393,0.038460519119523674,0.10459231856983377,0.06613179945031011,1.0,True,0.09269717797025716,-0.14118941554045356,0.057252011656778685,0.008972156660365441,0.7577717507689161,2.446758868435305,2.503617152538319,0.0232382049725132
dependency_graph,3,4,dependency-00000,dependency-00001,0.0,0.4,0.4,0.356370496691952,phase_rotation_+0.785,0.038460519119523674,0.17378029842471746,0.1353197793051938,1.0,True,0.09269717797025716,-0.34145824507754163,0.255091948769921,0.034522697122715024,1.4864227581188878,2.446758868435305,2.5509444716220115,0.04258106694973703
dependency_graph,3,5,dependency-00000,dependency-00001,0.0,0.4,0.4,0.37770054451626545,candidate_transplant,0.038460519119523674,0.4163307840289981,0.3778702649094744,1.0,True,0.09269717797025716,-1.0949679085722832,0.9911746002584223,0.20280538308216367,3.60271349364038,2.446758868435305,2.7417498801606643,0.12056398999138204
dependency_graph,3,5,dependency-00000,dependency-00001,0.0,0.4,0.4,0.37770054451626545,eos_orthogonal_transplant,0.038460519119523674,0.40103965238936656,0.3625791332698429,1.0,True,0.09269717797025716,4.163336342344337e-17,0.9871720951960893,0.18296975207582233,3.4219970971426363,2.446758868435305,2.828878669474045,0.15617386983585538
dependency_graph,3,5,dependency-00000,dependency-00001,0.0,0.4,0.4,0.37770054451626545,norm_matched_random,0.038460519119523674,0.14080680632214806,0.1023462872026244,1.0,True,0.09269717797025716,-0.22081353363196998,0.10315969158193135,0.20280538308216367,3.6027134936403806,2.446758868435305,4.527454493226765,0.8503885085014767
dependency_graph,3,5,dependency-00000,dependency-00001,0.0,0.4,0.4,0.37770054451626545,random_plane_transplant,0.038460519119523674,0.03423266266788965,-0.004227856451634038,0.5,True,0.09269717797025716,0.0424691822586515,0.008825399741577682,0.0015487203377364657,0.31483027429892096,2.446758868435305,2.4697308057349514,0.009388721379944115
dependency_graph,3,5,dependency-00000,dependency-00001,0.0,0.4,0.4,0.37770054451626545,candidate_orthogonal_patch,0.038460519119523674,0.038615779402652615,0.00015526028312895512,0.5,True,0.09269717797025716,-0.032252974539737383,0.008859418084741503,0.003167227711615197,0.45022502545213167,2.446758868435305,2.4542502678776694,0.0030617644995622967
dependency_graph,3,5,dependency-00000,dependency-00001,0.0,0.4,0.4,0.37770054451626545,radial_plus_20pct,0.038460519119523674,0.04179562137497709,0.003335102255453415,0.5,True,0.09269717797025716,0.10585092982908678,0.009585431193608922,0.002357357214506922,0.3884209851803105,2.446758868435305,2.765035252579276,0.1300808135406934
dependency_graph,3,5,dependency-00000,dependency-00001,0.0,0.4,0.4,0.37770054451626545,phase_rotation_-0.785,0.038460519119523674,0.9156466292432663,-0.12281388987625741,0.0,True,0.09269717797025716,0.03142804955525037,0.00893861387290678,0.03452269712271501,1.4864227581188874,2.446758868435305,2.3384288872458576,-0.04427489058565222
dependency_graph,3,5,dependency-00000,dependency-00001,0.0,0.4,0.4,0.37770054451626545,phase_rotation_-0.393,0.038460519119523674,0.9756114427945958,-0.06284907632492787,0.0,True,0.09269717797025716,0.06061519291288597,0.008825399741577675,0.008972156660365438,0.7577717507689159,2.446758868435305,2.3886731206452434,-0.023739874222753816
dependency_graph,3,5,dependency-00000,dependency-00001,0.0,0.4,0.4,0.37770054451626545,phase_rotation_+0.393,0.038460519119523674,0.10459231856983377,0.06613179945031011,1.0,True,0.09269717797025716,-0.14118941554045356,0.04444831417774406,0.008972156660365441,0.7577717507689161,2.446758868435305,2.503617152538319,0.0232382049725132
dependency_graph,3,5,dependency-00000,dependency-00001,0.0,0.4,0.4,0.37770054451626545,phase_rotation_+0.785,0.038460519119523674,0.17378029842471746,0.1353197793051938,1.0,True,0.09269717797025716,-0.34145824507754163,0.2077959640114533,0.034522697122715024,1.4864227581188878,2.446758868435305,2.5509444716220115,0.04258106694973703
