request_id,problem_id,family,layer,null,draw,e_k,e_total_non_dc,concentration,residual_energy
fc700c69a2653e70ca9db867,iterative-00000,iterative_state_machine,0,observed,0,17.27045156230806,21.703087449742657,0.7957601240975898,4.432635887434597
fc700c69a2653e70ca9db867,iterative-00000,iterative_state_machine,0,temporal_shuffle,0,0.7005389627125815,21.703087449742657,0.03227830898874658,21.002548487030076
fc700c69a2653e70ca9db867,iterative-00000,iterative_state_machine,0,temporal_shuffle,1,1.0504225921289487,21.70308744974266,0.048399684817258745,20.65266485761371
fc700c69a2653e70ca9db867,iterative-00000,iterative_state_machine,0,temporal_shuffle,2,1.791870892337248,21.703087449742657,0.08256294854299612,19.91121655740541
fc700c69a2653e70ca9db867,iterative-00000,iterative_state_machine,0,temporal_shuffle,3,0.9369561243296944,21.703087449742657,0.04317155918481102,20.766131325412964
fc700c69a2653e70ca9db867,iterative-00000,iterative_state_machine,0,phase_randomized,0,17.270451562308057,21.703087449742654,0.7957601240975898,4.432635887434596
fc700c69a2653e70ca9db867,iterative-00000,iterative_state_machine,0,phase_randomized,1,17.270451562308054,21.70308744974265,0.7957601240975898,4.4326358874345955
fc700c69a2653e70ca9db867,iterative-00000,iterative_state_machine,0,phase_randomized,2,17.27045156230806,21.703087449742657,0.7957601240975898,4.432635887434596
fc700c69a2653e70ca9db867,iterative-00000,iterative_state_machine,0,phase_randomized,3,17.270451562308057,21.703087449742654,0.7957601240975898,4.432635887434596
fc700c69a2653e70ca9db867,iterative-00000,iterative_state_machine,0,gaussian_random_walk,0,37.0980529048837,55.52535138443281,0.6681281969389676,18.427298479549112
fc700c69a2653e70ca9db867,iterative-00000,iterative_state_machine,0,gaussian_random_walk,1,29.525692598491915,51.19832835809768,0.5766925121457025,21.672635759605765
fc700c69a2653e70ca9db867,iterative-00000,iterative_state_machine,0,gaussian_random_walk,2,26.912300391737354,43.978945298835356,0.611936011854519,17.066644907098002
fc700c69a2653e70ca9db867,iterative-00000,iterative_state_machine,0,gaussian_random_walk,3,16.76182782651796,33.671140671317104,0.49780991948385606,16.909312844799146
fc700c69a2653e70ca9db867,iterative-00000,iterative_state_machine,0,matched_linear_drift,0,2.9179886573396674,18.754789463694568,0.15558631905670262,15.836800806354901
fc700c69a2653e70ca9db867,iterative-00000,iterative_state_machine,0,matched_linear_drift,1,2.313858593000468,16.337361101792954,0.14162988615992164,14.023502508792486
fc700c69a2653e70ca9db867,iterative-00000,iterative_state_machine,0,matched_linear_drift,2,2.1807195957279526,15.708927890023455,0.13882039633735288,13.528208294295503
fc700c69a2653e70ca9db867,iterative-00000,iterative_state_machine,0,matched_linear_drift,3,2.557257283010623,15.59497384802617,0.1639795813658444,13.037716565015547
fc700c69a2653e70ca9db867,iterative-00000,iterative_state_machine,0,polynomial_trend,0,4.848740600781792,6.969134663464761,0.6957450006241093,2.120394062682969
fc700c69a2653e70ca9db867,iterative-00000,iterative_state_machine,0,polynomial_trend,1,6.937200048978781,9.886131717270512,0.7017102591157961,2.948931668291732
fc700c69a2653e70ca9db867,iterative-00000,iterative_state_machine,0,polynomial_trend,2,7.56590419501309,11.2659431955731,0.6715730821353756,3.7000390005600106
fc700c69a2653e70ca9db867,iterative-00000,iterative_state_machine,0,polynomial_trend,3,6.654231661298912,10.079234299601106,0.6601921796343457,3.425002638302194
fc700c69a2653e70ca9db867,iterative-00000,iterative_state_machine,0,matched_ar1,0,4.782897645364702,14.237760143638459,0.33593048324400504,9.454862498273757
fc700c69a2653e70ca9db867,iterative-00000,iterative_state_machine,0,matched_ar1,1,5.402636875195521,14.50180546064861,0.37254925877028566,9.09916858545309
fc700c69a2653e70ca9db867,iterative-00000,iterative_state_machine,0,matched_ar1,2,6.086401132730847,15.12398355065585,0.4024337313211975,9.037582417925003
fc700c69a2653e70ca9db867,iterative-00000,iterative_state_machine,0,matched_ar1,3,7.884186434520792,15.8729793751934,0.4967048874795586,7.988792940672608
fc700c69a2653e70ca9db867,iterative-00000,iterative_state_machine,0,randomized_boundary,0,17.27045156230806,21.703087449742657,0.7957601240975898,4.432635887434596
fc700c69a2653e70ca9db867,iterative-00000,iterative_state_machine,0,randomized_boundary,1,17.27045156230806,21.703087449742657,0.7957601240975898,4.432635887434596
fc700c69a2653e70ca9db867,iterative-00000,iterative_state_machine,0,randomized_boundary,2,17.27045156230806,21.703087449742657,0.7957601240975898,4.432635887434596
fc700c69a2653e70ca9db867,iterative-00000,iterative_state_machine,0,randomized_boundary,3,17.27045156230806,21.703087449742657,0.7957601240975898,4.432635887434596
070335b9744877b8b99b2c4c,iterative-00000,iterative_state_machine,1,observed,0,38.72443623638195,44.047233140832496,0.8791570656110922,5.322796904450547
070335b9744877b8b99b2c4c,iterative-00000,iterative_state_machine,1,temporal_shuffle,0,3.451943656583805,44.04723314083251,0.07836913718386994,40.5952894842487
070335b9744877b8b99b2c4c,iterative-00000,iterative_state_machine,1,temporal_shuffle,1,1.6899538252892623,44.0472331408325,0.038366855413731936,42.35727931554324
070335b9744877b8b99b2c4c,iterative-00000,iterative_state_machine,1,temporal_shuffle,2,1.667069990895952,44.04723314083251,0.03784732597313929,42.38016314993656
070335b9744877b8b99b2c4c,iterative-00000,iterative_state_machine,1,temporal_shuffle,3,0.9361391808265993,44.0472331408325,0.021253075711554353,43.1110939600059
070335b9744877b8b99b2c4c,iterative-00000,iterative_state_machine,1,phase_randomized,0,38.72443623638195,44.04723314083249,0.8791570656110923,5.322796904450545
070335b9744877b8b99b2c4c,iterative-00000,iterative_state_machine,1,phase_randomized,1,38.72443623638194,44.04723314083249,0.8791570656110921,5.322796904450546
070335b9744877b8b99b2c4c,iterative-00000,iterative_state_machine,1,phase_randomized,2,38.72443623638195,44.04723314083249,0.8791570656110923,5.322796904450545
070335b9744877b8b99b2c4c,iterative-00000,iterative_state_machine,1,phase_randomized,3,38.72443623638195,44.04723314083249,0.8791570656110923,5.322796904450545
070335b9744877b8b99b2c4c,iterative-00000,iterative_state_machine,1,gaussian_random_walk,0,34.54289690815065,53.74268772799483,0.6427459877515037,19.199790819844175
070335b9744877b8b99b2c4c,iterative-00000,iterative_state_machine,1,gaussian_random_walk,1,28.72927497232402,46.21159301311381,0.6216897773719097,17.482318040789792
070335b9744877b8b99b2c4c,iterative-00000,iterative_state_machine,1,gaussian_random_walk,2,23.50989749768258,38.82893803915776,0.6054736154250108,15.319040541475179
070335b9744877b8b99b2c4c,iterative-00000,iterative_state_machine,1,gaussian_random_walk,3,34.96481183515486,53.04790616649084,0.659117661032988,18.083094331335978
070335b9744877b8b99b2c4c,iterative-00000,iterative_state_machine,1,matched_linear_drift,0,3.5151634340449647,31.7765073096781,0.11062145376104186,28.261343875633134
070335b9744877b8b99b2c4c,iterative-00000,iterative_state_machine,1,matched_linear_drift,1,3.7357299289702746,28.540509535076126,0.13089219463230267,24.80477960610585
070335b9744877b8b99b2c4c,iterative-00000,iterative_state_machine,1,matched_linear_drift,2,3.4371197515911556,30.467451552090925,0.1128128404738621,27.03033180049977
070335b9744877b8b99b2c4c,iterative-00000,iterative_state_machine,1,matched_linear_drift,3,4.634550863779143,29.48064948247267,0.1572065387003958,24.846098618693528
070335b9744877b8b99b2c4c,iterative-00000,iterative_state_machine,1,polynomial_trend,0,11.007647479112222,15.83821299763347,0.6950056474652143,4.830565518521247
070335b9744877b8b99b2c4c,iterative-00000,iterative_state_machine,1,polynomial_trend,1,9.493433094589644,13.197891125115436,0.7193143968678261,3.7044580305257924
070335b9744877b8b99b2c4c,iterative-00000,iterative_state_machine,1,polynomial_trend,2,11.187407803838497,16.0125503650342,0.6986649564748832,4.825142561195703
070335b9744877b8b99b2c4c,iterative-00000,iterative_state_machine,1,polynomial_trend,3,12.314564030989068,17.48449240445148,0.7043134994215692,5.169928373462413
070335b9744877b8b99b2c4c,iterative-00000,iterative_state_machine,1,matched_ar1,0,13.685409821070422,25.24075709002939,0.5421949021678291,11.555347268958968
070335b9744877b8b99b2c4c,iterative-00000,iterative_state_machine,1,matched_ar1,1,12.792095847049199,23.67388175912577,0.5403463604830299,10.88178591207657
070335b9744877b8b99b2c4c,iterative-00000,iterative_state_machine,1,matched_ar1,2,14.721747732301502,26.58807012789834,0.5536974914495302,11.86632239559684
070335b9744877b8b99b2c4c,iterative-00000,iterative_state_machine,1,matched_ar1,3,14.733922330701915,27.105688495611354,0.5435730707628941,12.371766164909438
070335b9744877b8b99b2c4c,iterative-00000,iterative_state_machine,1,randomized_boundary,0,38.72443623638195,44.04723314083249,0.8791570656110923,5.322796904450545
070335b9744877b8b99b2c4c,iterative-00000,iterative_state_machine,1,randomized_boundary,1,38.72443623638195,44.04723314083249,0.8791570656110923,5.322796904450545
070335b9744877b8b99b2c4c,iterative-00000,iterative_state_machine,1,randomized_boundary,2,38.72443623638195,44.04723314083249,0.8791570656110923,5.322796904450545
070335b9744877b8b99b2c4c,iterative-00000,iterative_state_machine,1,randomized_boundary,3,38.72443623638195,44.04723314083249,0.8791570656110923,5.322796904450545
a346ce202bd189fe6f1f08f1,iterative-00000,iterative_state_machine,2,observed,0,67.98372335127492,75.00497900791268,0.9063894724122641,7.021255656637764
a346ce202bd189fe6f1f08f1,iterative-00000,iterative_state_machine,2,temporal_shuffle,0,2.9697674744586244,75.00497900791271,0.039594271123592026,72.03521153345409
a346ce202bd189fe6f1f08f1,iterative-00000,iterative_state_machine,2,temporal_shuffle,1,3.749436511485121,75.00497900791271,0.04998916820028136,71.2555424964276
a346ce202bd189fe6f1f08f1,iterative-00000,iterative_state_machine,2,temporal_shuffle,2,5.248842024244965,75.00497900791271,0.06997991458262036,69.75613698366774
a346ce202bd189fe6f1f08f1,iterative-00000,iterative_state_machine,2,temporal_shuffle,3,12.888545765834671,75.00497900791271,0.17183586924909322,62.11643324207804
a346ce202bd189fe6f1f08f1,iterative-00000,iterative_state_machine,2,phase_randomized,0,67.9837233512749,75.00497900791267,0.9063894724122641,7.021255656637761
a346ce202bd189fe6f1f08f1,iterative-00000,iterative_state_machine,2,phase_randomized,1,67.98372335127493,75.0049790079127,0.9063894724122641,7.021255656637763
a346ce202bd189fe6f1f08f1,iterative-00000,iterative_state_machine,2,phase_randomized,2,67.98372335127492,75.00497900791268,0.9063894724122641,7.021255656637762
a346ce202bd189fe6f1f08f1,iterative-00000,iterative_state_machine,2,phase_randomized,3,67.9837233512749,75.00497900791267,0.9063894724122641,7.021255656637761
a346ce202bd189fe6f1f08f1,iterative-00000,iterative_state_machine,2,gaussian_random_walk,0,41.837364206566676,68.74891935412052,0.6085530449004668,26.91155514755384
a346ce202bd189fe6f1f08f1,iterative-00000,iterative_state_machine,2,gaussian_random_walk,1,71.1484127560069,102.17891178796214,0.6963121011080196,31.030499031955227
a346ce202bd189fe6f1f08f1,iterative-00000,iterative_state_machine,2,gaussian_random_walk,2,54.58476588805351,91.59937943160564,0.5959075948632406,37.01461354355213
a346ce202bd189fe6f1f08f1,iterative-00000,iterative_state_machine,2,gaussian_random_walk,3,46.13770624310188,70.11103375328582,0.6580662667941277,23.973327510183942
a346ce202bd189fe6f1f08f1,iterative-00000,iterative_state_machine,2,matched_linear_drift,0,4.5679406467105395,52.89844466353879,0.08635302371865529,48.33050401682825
a346ce202bd189fe6f1f08f1,iterative-00000,iterative_state_machine,2,matched_linear_drift,1,5.5261513467814725,49.03899740270751,0.11268891371087383,43.51284605592603
a346ce202bd189fe6f1f08f1,iterative-00000,iterative_state_machine,2,matched_linear_drift,2,4.954708527943172,48.95028524056919,0.10121919624355512,43.99557671262602
a346ce202bd189fe6f1f08f1,iterative-00000,iterative_state_machine,2,matched_linear_drift,3,5.560736755238419,55.07550042163432,0.10096570548915239,49.5147636663959
a346ce202bd189fe6f1f08f1,iterative-00000,iterative_state_machine,2,polynomial_trend,0,13.793612887383397,20.36016195043233,0.6774805092889008,6.566549063048936
a346ce202bd189fe6f1f08f1,iterative-00000,iterative_state_machine,2,polynomial_trend,1,22.237101233733732,33.119605224675496,0.6714180644027169,10.882503990941768
a346ce202bd189fe6f1f08f1,iterative-00000,iterative_state_machine,2,polynomial_trend,2,17.941597091533485,25.807312446596825,0.695213696841161,7.865715355063341
a346ce202bd189fe6f1f08f1,iterative-00000,iterative_state_machine,2,polynomial_trend,3,19.874677436175297,27.748713624007827,0.7162377941361572,7.874036187832529
a346ce202bd189fe6f1f08f1,iterative-00000,iterative_state_machine,2,matched_ar1,0,19.354814075052282,37.95024458350809,0.5100049890973097,18.595430508455806
a346ce202bd189fe6f1f08f1,iterative-00000,iterative_state_machine,2,matched_ar1,1,20.742991549399605,36.278673159617156,0.5717681972032326,15.535681610217555
a346ce202bd189fe6f1f08f1,iterative-00000,iterative_state_machine,2,matched_ar1,2,30.4628841495339,45.51552164861907,0.6692856205122311,15.052637499085176
a346ce202bd189fe6f1f08f1,iterative-00000,iterative_state_machine,2,matched_ar1,3,22.839836979626632,39.37432312757278,0.5800693234935259,16.534486147946144
a346ce202bd189fe6f1f08f1,iterative-00000,iterative_state_machine,2,randomized_boundary,0,67.98372335127493,75.0049790079127,0.9063894724122641,7.021255656637761
a346ce202bd189fe6f1f08f1,iterative-00000,iterative_state_machine,2,randomized_boundary,1,67.98372335127492,75.00497900791268,0.9063894724122641,7.021255656637762
a346ce202bd189fe6f1f08f1,iterative-00000,iterative_state_machine,2,randomized_boundary,2,67.98372335127493,75.0049790079127,0.9063894724122641,7.021255656637761
a346ce202bd189fe6f1f08f1,iterative-00000,iterative_state_machine,2,randomized_boundary,3,67.98372335127493,75.0049790079127,0.9063894724122641,7.021255656637761
a4ecf2db647388928191109e,iterative-00000,iterative_state_machine,3,observed,0,104.79124103283075,113.20987292867589,0.925636945983068,8.418631895845138
a4ecf2db647388928191109e,iterative-00000,iterative_state_machine,3,temporal_shuffle,0,7.63934172962202,113.20987292867595,0.06747946563313367,105.57053119905393
a4ecf2db647388928191109e,iterative-00000,iterative_state_machine,3,temporal_shuffle,1,10.38658720760563,113.20987292867594,0.09174630214583271,102.8232857210703
a4ecf2db647388928191109e,iterative-00000,iterative_state_machine,3,temporal_shuffle,2,3.7972192900009176,113.20987292867596,0.033541414646699824,109.41265363867504
a4ecf2db647388928191109e,iterative-00000,iterative_state_machine,3,temporal_shuffle,3,6.9514895397320995,113.20987292867595,0.061403562780356184,106.25838338894386
a4ecf2db647388928191109e,iterative-00000,iterative_state_machine,3,phase_randomized,0,104.79124103283075,113.20987292867589,0.925636945983068,8.418631895845136
a4ecf2db647388928191109e,iterative-00000,iterative_state_machine,3,phase_randomized,1,104.79124103283073,113.20987292867586,0.9256369459830679,8.418631895845138
a4ecf2db647388928191109e,iterative-00000,iterative_state_machine,3,phase_randomized,2,104.79124103283075,113.20987292867589,0.925636945983068,8.418631895845138
a4ecf2db647388928191109e,iterative-00000,iterative_state_machine,3,phase_randomized,3,104.79124103283075,113.20987292867589,0.925636945983068,8.418631895845138
a4ecf2db647388928191109e,iterative-00000,iterative_state_machine,3,gaussian_random_walk,0,44.22500192774115,80.45139175674723,0.5497108373396427,36.22638982900609
a4ecf2db647388928191109e,iterative-00000,iterative_state_machine,3,gaussian_random_walk,1,39.15667321813763,66.26230627180692,0.5909343550089787,27.105633053669294
a4ecf2db647388928191109e,iterative-00000,iterative_state_machine,3,gaussian_random_walk,2,42.798975600959885,70.76948557380781,0.6047659560323274,27.97050997284793
a4ecf2db647388928191109e,iterative-00000,iterative_state_machine,3,gaussian_random_walk,3,41.92131722512485,71.1025878536571,0.5895891906410924,29.181270628532246
a4ecf2db647388928191109e,iterative-00000,iterative_state_machine,3,matched_linear_drift,0,8.579087428320289,75.15679550879304,0.11414919130388643,66.57770808047275
a4ecf2db647388928191109e,iterative-00000,iterative_state_machine,3,matched_linear_drift,1,8.788463874537847,75.70496281585446,0.11608834543535802,66.9164989413166
a4ecf2db647388928191109e,iterative-00000,iterative_state_machine,3,matched_linear_drift,2,6.9084414291204315,79.06384265720007,0.0873780124635936,72.15540122807964
a4ecf2db647388928191109e,iterative-00000,iterative_state_machine,3,matched_linear_drift,3,7.431037426747927,76.62026470493008,0.09698527478814337,69.18922727818216
a4ecf2db647388928191109e,iterative-00000,iterative_state_machine,3,polynomial_trend,0,38.00581468857516,54.709965317792054,0.6946780987304959,16.704150629216898
a4ecf2db647388928191109e,iterative-00000,iterative_state_machine,3,polynomial_trend,1,36.17037731711147,55.35526999293372,0.6534224712792249,19.184892675822248
a4ecf2db647388928191109e,iterative-00000,iterative_state_machine,3,polynomial_trend,2,27.432082051293897,41.463141034605215,0.6616016386312612,14.03105898331132
a4ecf2db647388928191109e,iterative-00000,iterative_state_machine,3,polynomial_trend,3,48.846545058250484,73.06475394462073,0.668537734285311,24.21820888637025
a4ecf2db647388928191109e,iterative-00000,iterative_state_machine,3,matched_ar1,0,37.74516855866111,62.011587934867066,0.6086792777876642,24.266419376205956
a4ecf2db647388928191109e,iterative-00000,iterative_state_machine,3,matched_ar1,1,28.696909050027116,53.61262017616299,0.5352640657317885,24.91571112613588
a4ecf2db647388928191109e,iterative-00000,iterative_state_machine,3,matched_ar1,2,29.952704915808532,48.67382088996281,0.6153760762592028,18.721115974154284
a4ecf2db647388928191109e,iterative-00000,iterative_state_machine,3,matched_ar1,3,28.009270762329812,54.28331044578825,0.5159830992677235,26.27403968345844
a4ecf2db647388928191109e,iterative-00000,iterative_state_machine,3,randomized_boundary,0,104.79124103283077,113.2098729286759,0.925636945983068,8.418631895845136
a4ecf2db647388928191109e,iterative-00000,iterative_state_machine,3,randomized_boundary,1,104.79124103283075,113.20987292867589,0.925636945983068,8.418631895845142
a4ecf2db647388928191109e,iterative-00000,iterative_state_machine,3,randomized_boundary,2,104.79124103283078,113.20987292867592,0.925636945983068,8.418631895845138
a4ecf2db647388928191109e,iterative-00000,iterative_state_machine,3,randomized_boundary,3,104.79124103283075,113.20987292867589,0.925636945983068,8.418631895845142
9cfce6afcc16c70e8b07aaeb,ontology-00000,fictional_ontology,0,observed,0,17.65608525842974,22.669480686943164,0.7788482454562373,5.013395428513422
9cfce6afcc16c70e8b07aaeb,ontology-00000,fictional_ontology,0,temporal_shuffle,0,0.6795125382576923,22.669480686943153,0.02997477302817388,21.98996814868546
9cfce6afcc16c70e8b07aaeb,ontology-00000,fictional_ontology,0,temporal_shuffle,1,0.4100299292251281,22.669480686943153,0.018087310198565392,22.259450757718025
9cfce6afcc16c70e8b07aaeb,ontology-00000,fictional_ontology,0,temporal_shuffle,2,2.584312484633087,22.669480686943153,0.11399963326559849,20.085168202310065
9cfce6afcc16c70e8b07aaeb,ontology-00000,fictional_ontology,0,temporal_shuffle,3,1.3116868522615905,22.66948068694315,0.05786135423106881,21.35779383468156
9cfce6afcc16c70e8b07aaeb,ontology-00000,fictional_ontology,0,phase_randomized,0,17.656085258429734,22.669480686943153,0.7788482454562374,5.013395428513421
9cfce6afcc16c70e8b07aaeb,ontology-00000,fictional_ontology,0,phase_randomized,1,17.656085258429734,22.669480686943153,0.7788482454562374,5.013395428513421
9cfce6afcc16c70e8b07aaeb,ontology-00000,fictional_ontology,0,phase_randomized,2,17.656085258429734,22.669480686943153,0.7788482454562374,5.013395428513421
9cfce6afcc16c70e8b07aaeb,ontology-00000,fictional_ontology,0,phase_randomized,3,17.65608525842973,22.669480686943153,0.7788482454562372,5.013395428513421
9cfce6afcc16c70e8b07aaeb,ontology-00000,fictional_ontology,0,gaussian_random_walk,0,20.743290920736335,36.37577933250081,0.5702500757750844,15.632488411764477
9cfce6afcc16c70e8b07aaeb,ontology-00000,fictional_ontology,0,gaussian_random_walk,1,28.793878289069752,44.4689078544566,0.6475058569756189,15.675029565386847
9cfce6afcc16c70e8b07aaeb,ontology-00000,fictional_ontology,0,gaussian_random_walk,2,24.028178534583382,46.252262024275666,0.5195027763609077,22.224083489692283
9cfce6afcc16c70e8b07aaeb,ontology-00000,fictional_ontology,0,gaussian_random_walk,3,29.250999346394668,47.71480032316684,0.6130382847309644,18.46380097677217
9cfce6afcc16c70e8b07aaeb,ontology-00000,fictional_ontology,0,matched_linear_drift,0,2.604256806071307,17.278180870415888,0.15072517330400084,14.673924064344579
9cfce6afcc16c70e8b07aaeb,ontology-00000,fictional_ontology,0,matched_linear_drift,1,1.7165758310317933,15.28577640681518,0.11229889704957717,13.569200575783386
9cfce6afcc16c70e8b07aaeb,ontology-00000,fictional_ontology,0,matched_linear_drift,2,2.5899756374490392,15.868642946977275,0.16321342953540893,13.278667309528235
9cfce6afcc16c70e8b07aaeb,ontology-00000,fictional_ontology,0,matched_linear_drift,3,2.2963746029787124,16.341294777683636,0.1405258661703318,14.044920174704924
9cfce6afcc16c70e8b07aaeb,ontology-00000,fictional_ontology,0,polynomial_trend,0,6.289432348657081,8.378853890584029,0.7506315816922176,2.0894215419269493
9cfce6afcc16c70e8b07aaeb,ontology-00000,fictional_ontology,0,polynomial_trend,1,5.703569962585567,8.26094596152995,0.6904257683255985,2.557375998944384
9cfce6afcc16c70e8b07aaeb,ontology-00000,fictional_ontology,0,polynomial_trend,2,4.183256534139856,6.008777958771949,0.696190899853922,1.8255214246320932
9cfce6afcc16c70e8b07aaeb,ontology-00000,fictional_ontology,0,polynomial_trend,3,5.963148532469012,8.62996067672412,0.6909821209906818,2.6668121442551085
9cfce6afcc16c70e8b07aaeb,ontology-00000,fictional_ontology,0,matched_ar1,0,10.432595127589511,20.78079168638606,0.5020306870418285,10.348196558796548
9cfce6afcc16c70e8b07aaeb,ontology-00000,fictional_ontology,0,matched_ar1,1,8.815459002394103,18.190204602981556,0.48462670952855375,9.374745600587453
9cfce6afcc16c70e8b07aaeb,ontology-00000,fictional_ontology,0,matched_ar1,2,7.362392445901158,16.273788942683872,0.45240800847494295,8.911396496782716
9cfce6afcc16c70e8b07aaeb,ontology-00000,fictional_ontology,0,matched_ar1,3,6.825513848213009,16.07806472878034,0.4245233467679156,9.25255088056733
9cfce6afcc16c70e8b07aaeb,ontology-00000,fictional_ontology,0,randomized_boundary,0,17.656085258429737,22.66948068694316,0.7788482454562373,5.013395428513423
9cfce6afcc16c70e8b07aaeb,ontology-00000,fictional_ontology,0,randomized_boundary,1,17.656085258429737,22.66948068694316,0.7788482454562373,5.013395428513421
9cfce6afcc16c70e8b07aaeb,ontology-00000,fictional_ontology,0,randomized_boundary,2,17.656085258429734,22.669480686943153,0.7788482454562374,5.013395428513421
9cfce6afcc16c70e8b07aaeb,ontology-00000,fictional_ontology,0,randomized_boundary,3,17.656085258429737,22.66948068694316,0.7788482454562373,5.013395428513421
e9f3b658c2ec680cddc518e2,ontology-00000,fictional_ontology,1,observed,0,39.49029316604702,46.073862241735846,0.8571083743501511,6.583569075688831
e9f3b658c2ec680cddc518e2,ontology-00000,fictional_ontology,1,temporal_shuffle,0,4.080475415964813,46.07386224173584,0.08856378036110307,41.993386825771026
e9f3b658c2ec680cddc518e2,ontology-00000,fictional_ontology,1,temporal_shuffle,1,2.528135448219138,46.073862241735846,0.05487135927426191,43.54572679351671
e9f3b658c2ec680cddc518e2,ontology-00000,fictional_ontology,1,temporal_shuffle,2,4.558328213175124,46.073862241735846,0.09893523120026128,41.51553402856072
e9f3b658c2ec680cddc518e2,ontology-00000,fictional_ontology,1,temporal_shuffle,3,4.320115670462247,46.07386224173584,0.09376499950874286,41.753746571273595
e9f3b658c2ec680cddc518e2,ontology-00000,fictional_ontology,1,phase_randomized,0,39.49029316604701,46.07386224173584,0.8571083743501511,6.583569075688829
e9f3b658c2ec680cddc518e2,ontology-00000,fictional_ontology,1,phase_randomized,1,39.49029316604702,46.073862241735846,0.8571083743501511,6.58356907568883
e9f3b658c2ec680cddc518e2,ontology-00000,fictional_ontology,1,phase_randomized,2,39.49029316604701,46.07386224173584,0.8571083743501511,6.583569075688829
e9f3b658c2ec680cddc518e2,ontology-00000,fictional_ontology,1,phase_randomized,3,39.49029316604702,46.073862241735846,0.8571083743501511,6.583569075688828
e9f3b658c2ec680cddc518e2,ontology-00000,fictional_ontology,1,gaussian_random_walk,0,30.535260691631535,50.72871629036738,0.6019324541320933,20.193455598735845
e9f3b658c2ec680cddc518e2,ontology-00000,fictional_ontology,1,gaussian_random_walk,1,51.577717917066785,79.40933976821222,0.6495170224008523,27.831621851145442
e9f3b658c2ec680cddc518e2,ontology-00000,fictional_ontology,1,gaussian_random_walk,2,25.808813642096414,48.50684026705724,0.5320654468525363,22.698026624960832
e9f3b658c2ec680cddc518e2,ontology-00000,fictional_ontology,1,gaussian_random_walk,3,34.63503929953218,63.19984320284293,0.5480241333569351,28.564803903310743
e9f3b658c2ec680cddc518e2,ontology-00000,fictional_ontology,1,matched_linear_drift,0,3.727183749087456,31.03883132357285,0.12008131718080498,27.311647574485395
e9f3b658c2ec680cddc518e2,ontology-00000,fictional_ontology,1,matched_linear_drift,1,4.1831700567543795,32.5999278825932,0.12831838376513685,28.416757825838822
e9f3b658c2ec680cddc518e2,ontology-00000,fictional_ontology,1,matched_linear_drift,2,3.129360944378111,30.872488718081645,0.10136406471646978,27.743127773703534
e9f3b658c2ec680cddc518e2,ontology-00000,fictional_ontology,1,matched_linear_drift,3,2.73034828438691,32.01584000714558,0.08528116968905163,29.285491722758668
e9f3b658c2ec680cddc518e2,ontology-00000,fictional_ontology,1,polynomial_trend,0,12.342814850243254,17.612076741413915,0.700815413847235,5.269261891170662
e9f3b658c2ec680cddc518e2,ontology-00000,fictional_ontology,1,polynomial_trend,1,17.91346424293838,25.515618177567312,0.7020587985866417,7.60215393462893
e9f3b658c2ec680cddc518e2,ontology-00000,fictional_ontology,1,polynomial_trend,2,15.81612113473227,21.65028360852719,0.730527203278895,5.834162473794919
e9f3b658c2ec680cddc518e2,ontology-00000,fictional_ontology,1,polynomial_trend,3,19.128527694842035,29.137356795813307,0.6564949535021165,10.008829100971273
e9f3b658c2ec680cddc518e2,ontology-00000,fictional_ontology,1,matched_ar1,0,13.130979830228483,25.64558471888789,0.5120171746584339,12.514604888659406
e9f3b658c2ec680cddc518e2,ontology-00000,fictional_ontology,1,matched_ar1,1,9.951903372460631,25.96353695632739,0.38330306803732006,16.011633583866757
e9f3b658c2ec680cddc518e2,ontology-00000,fictional_ontology,1,matched_ar1,2,13.272162508867954,25.83451657678941,0.5137375986664332,12.56235406792146
e9f3b658c2ec680cddc518e2,ontology-00000,fictional_ontology,1,matched_ar1,3,18.396464937866504,34.6331286791987,0.5311811447435231,16.236663741332194
e9f3b658c2ec680cddc518e2,ontology-00000,fictional_ontology,1,randomized_boundary,0,39.49029316604702,46.073862241735846,0.8571083743501511,6.58356907568883
e9f3b658c2ec680cddc518e2,ontology-00000,fictional_ontology,1,randomized_boundary,1,39.490293166047024,46.07386224173585,0.8571083743501511,6.5835690756888265
e9f3b658c2ec680cddc518e2,ontology-00000,fictional_ontology,1,randomized_boundary,2,39.490293166047024,46.07386224173585,0.8571083743501511,6.583569075688825
e9f3b658c2ec680cddc518e2,ontology-00000,fictional_ontology,1,randomized_boundary,3,39.490293166047024,46.07386224173585,0.8571083743501511,6.583569075688825
182abc451f6c6fad92751644,ontology-00000,fictional_ontology,2,observed,0,68.4471697112138,77.38511196769207,0.8845004933221545,8.937942256478268
182abc451f6c6fad92751644,ontology-00000,fictional_ontology,2,temporal_shuffle,0,4.4170013688785446,77.38511196769205,0.05707818024121517,72.96811059881351
182abc451f6c6fad92751644,ontology-00000,fictional_ontology,2,temporal_shuffle,1,3.1418704243167745,77.38511196769207,0.040600450712386264,74.24324154337529
182abc451f6c6fad92751644,ontology-00000,fictional_ontology,2,temporal_shuffle,2,6.319361692602087,77.38511196769207,0.08166120758784184,71.06575027508998
182abc451f6c6fad92751644,ontology-00000,fictional_ontology,2,temporal_shuffle,3,2.5251821625901547,77.38511196769205,0.032631369243794686,74.8599298051019
182abc451f6c6fad92751644,ontology-00000,fictional_ontology,2,phase_randomized,0,68.4471697112138,77.38511196769207,0.8845004933221545,8.937942256478264
182abc451f6c6fad92751644,ontology-00000,fictional_ontology,2,phase_randomized,1,68.4471697112138,77.38511196769207,0.8845004933221545,8.937942256478266
182abc451f6c6fad92751644,ontology-00000,fictional_ontology,2,phase_randomized,2,68.4471697112138,77.38511196769207,0.8845004933221545,8.937942256478266
182abc451f6c6fad92751644,ontology-00000,fictional_ontology,2,phase_randomized,3,68.4471697112138,77.38511196769207,0.8845004933221545,8.937942256478266
182abc451f6c6fad92751644,ontology-00000,fictional_ontology,2,gaussian_random_walk,0,46.25636244979716,75.8242568109095,0.6100470271030978,29.56789436111235
182abc451f6c6fad92751644,ontology-00000,fictional_ontology,2,gaussian_random_walk,1,42.5479300092773,78.71096835544776,0.5405590973946195,36.16303834617046
182abc451f6c6fad92751644,ontology-00000,fictional_ontology,2,gaussian_random_walk,2,56.9985210527499,93.76019880602955,0.607918090816638,36.76167775327965
182abc451f6c6fad92751644,ontology-00000,fictional_ontology,2,gaussian_random_walk,3,58.394406060128254,91.98959327772374,0.6347936106623604,33.59518721759548
182abc451f6c6fad92751644,ontology-00000,fictional_ontology,2,matched_linear_drift,0,6.3517072023644605,59.1089030400098,0.10745770731128437,52.75719583764534
182abc451f6c6fad92751644,ontology-00000,fictional_ontology,2,matched_linear_drift,1,6.490700478563849,53.81944799216881,0.12060139449048793,47.32874751360496
182abc451f6c6fad92751644,ontology-00000,fictional_ontology,2,matched_linear_drift,2,7.431942839838582,59.17964484551141,0.1255827550036788,51.74770200567283
182abc451f6c6fad92751644,ontology-00000,fictional_ontology,2,matched_linear_drift,3,6.091718843034579,47.214171343011536,0.129023101957634,41.12245249997696
182abc451f6c6fad92751644,ontology-00000,fictional_ontology,2,polynomial_trend,0,28.67355921267273,44.045671974244044,0.650996066751797,15.372112761571316
182abc451f6c6fad92751644,ontology-00000,fictional_ontology,2,polynomial_trend,1,20.824592602994272,29.189678511404182,0.7134231572594493,8.36508590840991
182abc451f6c6fad92751644,ontology-00000,fictional_ontology,2,polynomial_trend,2,41.95900805699368,63.37932223847153,0.662029926718345,21.42031418147785
182abc451f6c6fad92751644,ontology-00000,fictional_ontology,2,polynomial_trend,3,24.505438852039052,33.961992856721935,0.7215547967229728,9.456554004682879
182abc451f6c6fad92751644,ontology-00000,fictional_ontology,2,matched_ar1,0,15.310220278416374,32.338617037225596,0.4734346017577835,17.028396758809222
182abc451f6c6fad92751644,ontology-00000,fictional_ontology,2,matched_ar1,1,23.045124881148517,41.97228589370401,0.5490557492987382,18.927161012555494
182abc451f6c6fad92751644,ontology-00000,fictional_ontology,2,matched_ar1,2,22.242696755932606,47.040281394858624,0.4728436160750448,24.79758463892602
182abc451f6c6fad92751644,ontology-00000,fictional_ontology,2,matched_ar1,3,20.23057817337567,40.97773579445907,0.4936968278298873,20.747157621083403
182abc451f6c6fad92751644,ontology-00000,fictional_ontology,2,randomized_boundary,0,68.4471697112138,77.38511196769207,0.8845004933221545,8.937942256478259
182abc451f6c6fad92751644,ontology-00000,fictional_ontology,2,randomized_boundary,1,68.4471697112138,77.38511196769207,0.8845004933221545,8.937942256478266
182abc451f6c6fad92751644,ontology-00000,fictional_ontology,2,randomized_boundary,2,68.44716971121382,77.38511196769208,0.8845004933221546,8.93794225647826
182abc451f6c6fad92751644,ontology-00000,fictional_ontology,2,randomized_boundary,3,68.4471697112138,77.38511196769207,0.8845004933221545,8.937942256478268
baa6f66d049263e44a86098f,ontology-00000,fictional_ontology,3,observed,0,106.25178900071204,118.69889003563058,0.8951371741455861,12.447101034918543
baa6f66d049263e44a86098f,ontology-00000,fictional_ontology,3,temporal_shuffle,0,3.9549121059911325,118.69889003563055,0.03331886342664167,114.74397792963943
baa6f66d049263e44a86098f,ontology-00000,fictional_ontology,3,temporal_shuffle,1,5.882386906842234,118.69889003563055,0.04955721915408377,112.81650312878833
baa6f66d049263e44a86098f,ontology-00000,fictional_ontology,3,temporal_shuffle,2,4.663433359327419,118.69889003563055,0.0392879272748681,114.03545667630314
baa6f66d049263e44a86098f,ontology-00000,fictional_ontology,3,temporal_shuffle,3,7.862806362957219,118.69889003563055,0.06624161658627974,110.83608367267334
baa6f66d049263e44a86098f,ontology-00000,fictional_ontology,3,phase_randomized,0,106.25178900071205,118.69889003563058,0.8951371741455862,12.447101034918536
baa6f66d049263e44a86098f,ontology-00000,fictional_ontology,3,phase_randomized,1,106.25178900071207,118.6988900356306,0.8951371741455864,12.44710103491854
baa6f66d049263e44a86098f,ontology-00000,fictional_ontology,3,phase_randomized,2,106.25178900071205,118.69889003563058,0.8951371741455862,12.447101034918537
baa6f66d049263e44a86098f,ontology-00000,fictional_ontology,3,phase_randomized,3,106.25178900071205,118.69889003563058,0.8951371741455862,12.447101034918537
baa6f66d049263e44a86098f,ontology-00000,fictional_ontology,3,gaussian_random_walk,0,64.7465689922912,101.4180043479107,0.6384129663031083,36.671435355619494
baa6f66d049263e44a86098f,ontology-00000,fictional_ontology,3,gaussian_random_walk,1,65.31856167070592,106.08305723656234,0.6157303849666332,40.76449556585642
baa6f66d049263e44a86098f,ontology-00000,fictional_ontology,3,gaussian_random_walk,2,74.33645680423471,114.82137855534964,0.6474095481130356,40.48492175111492
baa6f66d049263e44a86098f,ontology-00000,fictional_ontology,3,gaussian_random_walk,3,88.75090910233624,137.99048234346543,0.6431668879990625,49.23957324112919
baa6f66d049263e44a86098f,ontology-00000,fictional_ontology,3,matched_linear_drift,0,4.438807944874797,75.0938186504362,0.059110164120665776,70.65501070556141
baa6f66d049263e44a86098f,ontology-00000,fictional_ontology,3,matched_linear_drift,1,7.371388811285847,79.21165320178014,0.09305939862798102,71.8402643904943
baa6f66d049263e44a86098f,ontology-00000,fictional_ontology,3,matched_linear_drift,2,6.89020055721874,78.71211480165387,0.08753672258179455,71.82191424443513
baa6f66d049263e44a86098f,ontology-00000,fictional_ontology,3,matched_linear_drift,3,5.982490933691224,93.30303968889467,0.06411892853264979,87.32054875520345
baa6f66d049263e44a86098f,ontology-00000,fictional_ontology,3,polynomial_trend,0,33.919337474848085,46.5804079023906,0.7281889318343062,12.661070427542512
baa6f66d049263e44a86098f,ontology-00000,fictional_ontology,3,polynomial_trend,1,25.97867262623453,36.26045989179694,0.7164463082861114,10.281787265562407
baa6f66d049263e44a86098f,ontology-00000,fictional_ontology,3,polynomial_trend,2,27.849249846744282,38.3912982863765,0.7254052634272815,10.542048439632214
baa6f66d049263e44a86098f,ontology-00000,fictional_ontology,3,polynomial_trend,3,25.149905513626933,35.80651331635052,0.7023835381967392,10.656607802723588
baa6f66d049263e44a86098f,ontology-00000,fictional_ontology,3,matched_ar1,0,34.73796829965223,68.02604952514973,0.5106568519286034,33.2880812254975
baa6f66d049263e44a86098f,ontology-00000,fictional_ontology,3,matched_ar1,1,26.9153826136368,58.174317536188475,0.46266778457510155,31.258934922551674
baa6f66d049263e44a86098f,ontology-00000,fictional_ontology,3,matched_ar1,2,37.02539284600273,66.52126122772569,0.556594871514113,29.49586838172295
baa6f66d049263e44a86098f,ontology-00000,fictional_ontology,3,matched_ar1,3,25.64751918345215,51.89944689328932,0.49417711977135564,26.251927709837176
baa6f66d049263e44a86098f,ontology-00000,fictional_ontology,3,randomized_boundary,0,106.25178900071204,118.69889003563058,0.8951371741455861,12.447101034918544
baa6f66d049263e44a86098f,ontology-00000,fictional_ontology,3,randomized_boundary,1,106.25178900071207,118.6988900356306,0.8951371741455864,12.447101034918528
baa6f66d049263e44a86098f,ontology-00000,fictional_ontology,3,randomized_boundary,2,106.25178900071204,118.69889003563058,0.8951371741455861,12.447101034918546
baa6f66d049263e44a86098f,ontology-00000,fictional_ontology,3,randomized_boundary,3,106.25178900071205,118.6988900356306,0.8951371741455861,12.447101034918543
8d9ab915c884decc2b09a822,dependency-00000,dependency_graph,0,observed,0,18.062261357036217,22.40862520271923,0.8060405845354764,4.34636384568301
8d9ab915c884decc2b09a822,dependency-00000,dependency_graph,0,temporal_shuffle,0,1.8842267443147787,22.40862520271922,0.08408488817449333,20.52439845840444
8d9ab915c884decc2b09a822,dependency-00000,dependency_graph,0,temporal_shuffle,1,1.3873881569487536,22.40862520271922,0.061913131412470505,21.02123704577047
8d9ab915c884decc2b09a822,dependency-00000,dependency_graph,0,temporal_shuffle,2,1.3048694569959554,22.408625202719225,0.05823067882083248,21.10375574572327
8d9ab915c884decc2b09a822,dependency-00000,dependency_graph,0,temporal_shuffle,3,2.3949156794967053,22.40862520271922,0.10687472604102857,20.013709523222516
8d9ab915c884decc2b09a822,dependency-00000,dependency_graph,0,phase_randomized,0,18.062261357036213,22.40862520271922,0.8060405845354766,4.34636384568301
8d9ab915c884decc2b09a822,dependency-00000,dependency_graph,0,phase_randomized,1,18.062261357036213,22.40862520271922,0.8060405845354766,4.34636384568301
8d9ab915c884decc2b09a822,dependency-00000,dependency_graph,0,phase_randomized,2,18.062261357036213,22.40862520271922,0.8060405845354766,4.34636384568301
8d9ab915c884decc2b09a822,dependency-00000,dependency_graph,0,phase_randomized,3,18.062261357036213,22.408625202719225,0.8060405845354764,4.346363845683011
8d9ab915c884decc2b09a822,dependency-00000,dependency_graph,0,gaussian_random_walk,0,30.158868915354333,45.746041913765154,0.6592672863852603,15.587172998410818
8d9ab915c884decc2b09a822,dependency-00000,dependency_graph,0,gaussian_random_walk,1,29.863789039582617,44.77861327297269,0.6669208101093137,14.914824233390073
8d9ab915c884decc2b09a822,dependency-00000,dependency_graph,0,gaussian_random_walk,2,20.199929801101838,33.86264620473324,0.5965254362867348,13.662716403631403
8d9ab915c884decc2b09a822,dependency-00000,dependency_graph,0,gaussian_random_walk,3,33.57529893604474,50.4268602363311,0.6658217223656273,16.851561300286363
8d9ab915c884decc2b09a822,dependency-00000,dependency_graph,0,matched_linear_drift,0,1.7069738269565582,14.73673708479784,0.11583119228729694,13.029763257841282
8d9ab915c884decc2b09a822,dependency-00000,dependency_graph,0,matched_linear_drift,1,2.670610898215802,17.343868765033406,0.15398011449440635,14.673257866817604
8d9ab915c884decc2b09a822,dependency-00000,dependency_graph,0,matched_linear_drift,2,2.06422412021778,16.801794956479974,0.12285735694100157,14.737570836262194
8d9ab915c884decc2b09a822,dependency-00000,dependency_graph,0,matched_linear_drift,3,1.8978880178572344,16.516034869495563,0.11491184372361404,14.618146851638329
8d9ab915c884decc2b09a822,dependency-00000,dependency_graph,0,polynomial_trend,0,5.881514496753181,8.945761499507046,0.6574638164763592,3.064247002753865
8d9ab915c884decc2b09a822,dependency-00000,dependency_graph,0,polynomial_trend,1,5.090422224707165,7.470290103240919,0.6814222947645273,2.379867878533754
8d9ab915c884decc2b09a822,dependency-00000,dependency_graph,0,polynomial_trend,2,5.248395946119565,7.823774066875476,0.6708266242426885,2.5753781207559108
8d9ab915c884decc2b09a822,dependency-00000,dependency_graph,0,polynomial_trend,3,7.981238431726693,11.594606362046925,0.688357860759464,3.613367930320232
8d9ab915c884decc2b09a822,dependency-00000,dependency_graph,0,matched_ar1,0,6.902895203971201,16.352721698020947,0.4221251563772781,9.449826494049745
8d9ab915c884decc2b09a822,dependency-00000,dependency_graph,0,matched_ar1,1,7.477371527074057,15.83668354537708,0.47215513940460047,8.359312018303022
8d9ab915c884decc2b09a822,dependency-00000,dependency_graph,0,matched_ar1,2,5.962859933110794,14.535453542241163,0.4102286809133446,8.572593609130369
8d9ab915c884decc2b09a822,dependency-00000,dependency_graph,0,matched_ar1,3,6.218809702460861,14.492552768924869,0.42910381639564005,8.273743066464007
8d9ab915c884decc2b09a822,dependency-00000,dependency_graph,0,randomized_boundary,0,18.062261357036213,22.40862520271922,0.8060405845354766,4.346363845683008
8d9ab915c884decc2b09a822,dependency-00000,dependency_graph,0,randomized_boundary,1,18.06226135703622,22.40862520271923,0.8060405845354767,4.34636384568301
8d9ab915c884decc2b09a822,dependency-00000,dependency_graph,0,randomized_boundary,2,18.062261357036217,22.40862520271923,0.8060405845354764,4.34636384568301
8d9ab915c884decc2b09a822,dependency-00000,dependency_graph,0,randomized_boundary,3,18.062261357036213,22.40862520271922,0.8060405845354766,4.34636384568301
5aed7efb5e48668e7f3f59fd,dependency-00000,dependency_graph,1,observed,0,41.51488654044509,47.833464593764575,0.8679046540537824,6.318578053319483
5aed7efb5e48668e7f3f59fd,dependency-00000,dependency_graph,1,temporal_shuffle,0,0.7846252707966028,47.83346459376457,0.016403270753230875,47.048839322967964
5aed7efb5e48668e7f3f59fd,dependency-00000,dependency_graph,1,temporal_shuffle,1,1.9122918768098827,47.83346459376456,0.039978117684980816,45.92117271695468
5aed7efb5e48668e7f3f59fd,dependency-00000,dependency_graph,1,temporal_shuffle,2,8.906151151504268,47.83346459376456,0.1861908023418661,38.92731344226029
5aed7efb5e48668e7f3f59fd,dependency-00000,dependency_graph,1,temporal_shuffle,3,5.198870323611539,47.83346459376457,0.10868688621583243,42.63459427015303
5aed7efb5e48668e7f3f59fd,dependency-00000,dependency_graph,1,phase_randomized,0,41.51488654044509,47.833464593764575,0.8679046540537824,6.3185780533194835
5aed7efb5e48668e7f3f59fd,dependency-00000,dependency_graph,1,phase_randomized,1,41.51488654044509,47.833464593764575,0.8679046540537824,6.318578053319483
5aed7efb5e48668e7f3f59fd,dependency-00000,dependency_graph,1,phase_randomized,2,41.51488654044509,47.833464593764575,0.8679046540537824,6.318578053319483
5aed7efb5e48668e7f3f59fd,dependency-00000,dependency_graph,1,phase_randomized,3,41.51488654044508,47.83346459376457,0.8679046540537824,6.318578053319483
5aed7efb5e48668e7f3f59fd,dependency-00000,dependency_graph,1,gaussian_random_walk,0,31.129158285140917,60.19018221243479,0.517179997483209,29.061023927293878
5aed7efb5e48668e7f3f59fd,dependency-00000,dependency_graph,1,gaussian_random_walk,1,43.56290042058363,74.13937800985508,0.5875811423019084,30.576477589271448
5aed7efb5e48668e7f3f59fd,dependency-00000,dependency_graph,1,gaussian_random_walk,2,31.897948144707897,55.55502414821576,0.574168558717697,23.65707600350786
5aed7efb5e48668e7f3f59fd,dependency-00000,dependency_graph,1,gaussian_random_walk,3,59.12514145708012,93.4610105357325,0.6326182556572624,34.33586907865238
5aed7efb5e48668e7f3f59fd,dependency-00000,dependency_graph,1,matched_linear_drift,0,4.914095367228162,34.83153700384341,0.14108178363435203,29.917441636615244
5aed7efb5e48668e7f3f59fd,dependency-00000,dependency_graph,1,matched_linear_drift,1,5.35477103592718,39.00537920090529,0.13728288624874846,33.65060816497811
5aed7efb5e48668e7f3f59fd,dependency-00000,dependency_graph,1,matched_linear_drift,2,3.6271474698152004,34.43592153425365,0.1053303442513438,30.808774064438452
5aed7efb5e48668e7f3f59fd,dependency-00000,dependency_graph,1,matched_linear_drift,3,3.880328921087057,32.80435570382731,0.11828700298583629,28.924026782740253
5aed7efb5e48668e7f3f59fd,dependency-00000,dependency_graph,1,polynomial_trend,0,13.493209591326634,19.894140334863863,0.6782504478306209,6.40093074353723
5aed7efb5e48668e7f3f59fd,dependency-00000,dependency_graph,1,polynomial_trend,1,10.716923552374773,16.15814482168696,0.6632521041642634,5.4412212693121855
5aed7efb5e48668e7f3f59fd,dependency-00000,dependency_graph,1,polynomial_trend,2,15.702092099553223,23.760668075290063,0.6608438807275219,8.05857597573684
5aed7efb5e48668e7f3f59fd,dependency-00000,dependency_graph,1,polynomial_trend,3,10.00714888907828,14.068744359814254,0.7113036269009584,4.061595470735973
5aed7efb5e48668e7f3f59fd,dependency-00000,dependency_graph,1,matched_ar1,0,17.95106773305114,30.519082535197544,0.5881915916819662,12.568014802146404
5aed7efb5e48668e7f3f59fd,dependency-00000,dependency_graph,1,matched_ar1,1,11.961908173655678,27.632664494861693,0.4328901462209698,15.670756321206014
5aed7efb5e48668e7f3f59fd,dependency-00000,dependency_graph,1,matched_ar1,2,22.604787973998743,37.31225867214404,0.6058273816287258,14.707470698145297
5aed7efb5e48668e7f3f59fd,dependency-00000,dependency_graph,1,matched_ar1,3,11.487482541288012,24.89784949975929,0.46138452806532837,13.410366958471275
5aed7efb5e48668e7f3f59fd,dependency-00000,dependency_graph,1,randomized_boundary,0,41.51488654044509,47.833464593764575,0.8679046540537824,6.318578053319483
5aed7efb5e48668e7f3f59fd,dependency-00000,dependency_graph,1,randomized_boundary,1,41.51488654044509,47.833464593764575,0.8679046540537824,6.3185780533194835
5aed7efb5e48668e7f3f59fd,dependency-00000,dependency_graph,1,randomized_boundary,2,41.51488654044509,47.833464593764575,0.8679046540537824,6.318578053319484
5aed7efb5e48668e7f3f59fd,dependency-00000,dependency_graph,1,randomized_boundary,3,41.51488654044509,47.833464593764575,0.8679046540537824,6.318578053319484
144f25d35e4429b219365473,dependency-00000,dependency_graph,2,observed,0,72.82350593871479,80.65462170544957,0.9029055545591176,7.831115766734779
144f25d35e4429b219365473,dependency-00000,dependency_graph,2,temporal_shuffle,0,5.007414209933396,80.65462170544957,0.06208465310544084,75.64720749551617
144f25d35e4429b219365473,dependency-00000,dependency_graph,2,temporal_shuffle,1,6.008274996044612,80.65462170544956,0.07449387113843042,74.64634670940495
144f25d35e4429b219365473,dependency-00000,dependency_graph,2,temporal_shuffle,2,10.579073818610514,80.65462170544956,0.13116512848135672,70.07554788683905
144f25d35e4429b219365473,dependency-00000,dependency_graph,2,temporal_shuffle,3,6.5557976157111435,80.65462170544954,0.08128235527100851,74.0988240897384
144f25d35e4429b219365473,dependency-00000,dependency_graph,2,phase_randomized,0,72.82350593871479,80.65462170544957,0.9029055545591176,7.831115766734781
144f25d35e4429b219365473,dependency-00000,dependency_graph,2,phase_randomized,1,72.82350593871479,80.65462170544957,0.9029055545591176,7.831115766734783
144f25d35e4429b219365473,dependency-00000,dependency_graph,2,phase_randomized,2,72.82350593871482,80.6546217054496,0.9029055545591176,7.831115766734781
144f25d35e4429b219365473,dependency-00000,dependency_graph,2,phase_randomized,3,72.82350593871479,80.65462170544957,0.9029055545591176,7.831115766734781
144f25d35e4429b219365473,dependency-00000,dependency_graph,2,gaussian_random_walk,0,36.911321945322705,64.73542152334929,0.5701874040012118,27.82409957802659
144f25d35e4429b219365473,dependency-00000,dependency_graph,2,gaussian_random_walk,1,50.555922460187276,80.65833623368047,0.6267910400943363,30.102413773493197
144f25d35e4429b219365473,dependency-00000,dependency_graph,2,gaussian_random_walk,2,42.23034127679128,67.76468447874811,0.6231909969275408,25.534343201956833
144f25d35e4429b219365473,dependency-00000,dependency_graph,2,gaussian_random_walk,3,48.92035179169639,80.92945129956775,0.604481446570214,32.009099507871355
144f25d35e4429b219365473,dependency-00000,dependency_graph,2,matched_linear_drift,0,5.969316545661412,57.60348027451117,0.1036277064721515,51.63416372884976
144f25d35e4429b219365473,dependency-00000,dependency_graph,2,matched_linear_drift,1,6.192079738209254,52.57131339973878,0.117784383493071,46.379233661529526
144f25d35e4429b219365473,dependency-00000,dependency_graph,2,matched_linear_drift,2,5.630494884637205,50.046492238392446,0.11250528524190656,44.415997353755245
144f25d35e4429b219365473,dependency-00000,dependency_graph,2,matched_linear_drift,3,4.004421051222623,53.757786512894256,0.07449006573702824,49.753365461671635
144f25d35e4429b219365473,dependency-00000,dependency_graph,2,polynomial_trend,0,17.52543360474427,22.881333619571762,0.7659271044303871,5.355900014827495
144f25d35e4429b219365473,dependency-00000,dependency_graph,2,polynomial_trend,1,23.23179767016717,34.505035599752176,0.6732871671152261,11.273237929585012
144f25d35e4429b219365473,dependency-00000,dependency_graph,2,polynomial_trend,2,30.510454410746025,47.168426711028566,0.6468406206902869,16.65797230028254
144f25d35e4429b219365473,dependency-00000,dependency_graph,2,polynomial_trend,3,20.850707236520805,31.79548763579337,0.6557756709177934,10.944780399272567
144f25d35e4429b219365473,dependency-00000,dependency_graph,2,matched_ar1,0,35.020632189612,55.07680738089821,0.6358508028146507,20.056175191286208
144f25d35e4429b219365473,dependency-00000,dependency_graph,2,matched_ar1,1,22.337179548152953,45.5541299414333,0.4903436763444009,23.216950393280353
144f25d35e4429b219365473,dependency-00000,dependency_graph,2,matched_ar1,2,24.304321465322083,41.29132972251,0.5886059283790167,16.98700825718792
144f25d35e4429b219365473,dependency-00000,dependency_graph,2,matched_ar1,3,25.929650175675334,43.832080317496406,0.5915678650854502,17.90243014182107
144f25d35e4429b219365473,dependency-00000,dependency_graph,2,randomized_boundary,0,72.82350593871479,80.65462170544957,0.9029055545591176,7.831115766734779
144f25d35e4429b219365473,dependency-00000,dependency_graph,2,randomized_boundary,1,72.82350593871479,80.65462170544957,0.9029055545591176,7.83111576673478
144f25d35e4429b219365473,dependency-00000,dependency_graph,2,randomized_boundary,2,72.82350593871479,80.65462170544957,0.9029055545591176,7.831115766734784
144f25d35e4429b219365473,dependency-00000,dependency_graph,2,randomized_boundary,3,72.82350593871479,80.65462170544957,0.9029055545591176,7.831115766734784
86aab684d60b75601159cb48,dependency-00000,dependency_graph,3,observed,0,114.72149321047098,124.0646737406051,0.924691048237721,9.343180530134124
86aab684d60b75601159cb48,dependency-00000,dependency_graph,3,temporal_shuffle,0,3.0490130962443573,124.06467374060507,0.024575997375524045,121.01566064436072
86aab684d60b75601159cb48,dependency-00000,dependency_graph,3,temporal_shuffle,1,29.66985632692743,124.06467374060509,0.23914830412532487,94.39481741367766
86aab684d60b75601159cb48,dependency-00000,dependency_graph,3,temporal_shuffle,2,3.034796897688045,124.06467374060507,0.024461410377245748,121.02987684291703
86aab684d60b75601159cb48,dependency-00000,dependency_graph,3,temporal_shuffle,3,4.020371312319354,124.06467374060509,0.03240544782896993,120.04430242828573
86aab684d60b75601159cb48,dependency-00000,dependency_graph,3,phase_randomized,0,114.72149321047098,124.06467374060512,0.9246910482377209,9.343180530134127
86aab684d60b75601159cb48,dependency-00000,dependency_graph,3,phase_randomized,1,114.72149321047098,124.06467374060512,0.9246910482377209,9.343180530134127
86aab684d60b75601159cb48,dependency-00000,dependency_graph,3,phase_randomized,2,114.72149321047098,124.06467374060512,0.9246910482377209,9.343180530134127
86aab684d60b75601159cb48,dependency-00000,dependency_graph,3,phase_randomized,3,114.72149321047098,124.06467374060512,0.9246910482377209,9.343180530134127
86aab684d60b75601159cb48,dependency-00000,dependency_graph,3,gaussian_random_walk,0,62.58022699649066,103.13419131872774,0.6067844833639274,40.553964322237086
86aab684d60b75601159cb48,dependency-00000,dependency_graph,3,gaussian_random_walk,1,59.44664251287688,103.99551104280465,0.5716270050195588,44.54886852992777
86aab684d60b75601159cb48,dependency-00000,dependency_graph,3,gaussian_random_walk,2,66.82881555560095,102.48582773451535,0.6520786047483347,35.6570121789144
86aab684d60b75601159cb48,dependency-00000,dependency_graph,3,gaussian_random_walk,3,41.46531272427198,73.3695802901467,0.5651567388050145,31.904267565874726
86aab684d60b75601159cb48,dependency-00000,dependency_graph,3,matched_linear_drift,0,9.009991055444324,101.3086069864458,0.08893608671028101,92.29861593100146
86aab684d60b75601159cb48,dependency-00000,dependency_graph,3,matched_linear_drift,1,6.573706404294384,73.31197330704651,0.08966756871708077,66.73826690275213
86aab684d60b75601159cb48,dependency-00000,dependency_graph,3,matched_linear_drift,2,6.844570051495596,82.59692410724293,0.08286713004722407,75.75235405574733
86aab684d60b75601159cb48,dependency-00000,dependency_graph,3,matched_linear_drift,3,8.612064945335696,96.12596294652226,0.08959145564166514,87.51389800118656
86aab684d60b75601159cb48,dependency-00000,dependency_graph,3,polynomial_trend,0,36.16398664692986,54.09845890248897,0.6684845997575362,17.934472255559115
86aab684d60b75601159cb48,dependency-00000,dependency_graph,3,polynomial_trend,1,60.09027514551346,90.88104536223082,0.661197006548588,30.790770216717355
86aab684d60b75601159cb48,dependency-00000,dependency_graph,3,polynomial_trend,2,27.038142775932748,37.80056213449533,0.7152841452391732,10.762419358562582
86aab684d60b75601159cb48,dependency-00000,dependency_graph,3,polynomial_trend,3,43.69604551429262,66.32242786677563,0.6588426708694459,22.626382352483006
86aab684d60b75601159cb48,dependency-00000,dependency_graph,3,matched_ar1,0,49.99562826513301,74.45049417989333,0.6715284944157592,24.45486591476032
86aab684d60b75601159cb48,dependency-00000,dependency_graph,3,matched_ar1,1,40.13469663984962,75.89121556061201,0.5288450888995876,35.75651892076238
86aab684d60b75601159cb48,dependency-00000,dependency_graph,3,matched_ar1,2,25.544812147572024,49.7914005001608,0.5130366266257068,24.246588352588773
86aab684d60b75601159cb48,dependency-00000,dependency_graph,3,matched_ar1,3,37.6740867678663,59.950687825796656,0.6284179236998715,22.276601057930357
86aab684d60b75601159cb48,dependency-00000,dependency_graph,3,randomized_boundary,0,114.72149321047098,124.0646737406051,0.924691048237721,9.343180530134124
86aab684d60b75601159cb48,dependency-00000,dependency_graph,3,randomized_boundary,1,114.72149321047097,124.0646737406051,0.9246910482377209,9.343180530134129
86aab684d60b75601159cb48,dependency-00000,dependency_graph,3,randomized_boundary,2,114.72149321047098,124.0646737406051,0.924691048237721,9.34318053013412
86aab684d60b75601159cb48,dependency-00000,dependency_graph,3,randomized_boundary,3,114.72149321047098,124.0646737406051,0.924691048237721,9.343180530134122
1aa3f52259a1e2b427c00d3c,iterative-00001,iterative_state_machine,0,observed,0,19.067242813446935,23.858119248043863,0.7991930384458225,4.790876434596926
1aa3f52259a1e2b427c00d3c,iterative-00001,iterative_state_machine,0,temporal_shuffle,0,1.167019209556667,23.858119248043863,0.04891497093394532,22.691100038487196
1aa3f52259a1e2b427c00d3c,iterative-00001,iterative_state_machine,0,temporal_shuffle,1,1.5812583475188065,23.858119248043863,0.06627757750219371,22.276860900525058
1aa3f52259a1e2b427c00d3c,iterative-00001,iterative_state_machine,0,temporal_shuffle,2,1.6495368187998711,23.85811924804386,0.06913943222641565,22.20858242924399
1aa3f52259a1e2b427c00d3c,iterative-00001,iterative_state_machine,0,temporal_shuffle,3,2.6569790774244018,23.858119248043863,0.11136582267029488,21.20114017061946
1aa3f52259a1e2b427c00d3c,iterative-00001,iterative_state_machine,0,phase_randomized,0,19.06724281344693,23.858119248043856,0.7991930384458225,4.790876434596926
1aa3f52259a1e2b427c00d3c,iterative-00001,iterative_state_machine,0,phase_randomized,1,19.06724281344693,23.858119248043856,0.7991930384458225,4.790876434596926
1aa3f52259a1e2b427c00d3c,iterative-00001,iterative_state_machine,0,phase_randomized,2,19.06724281344693,23.858119248043856,0.7991930384458225,4.790876434596926
1aa3f52259a1e2b427c00d3c,iterative-00001,iterative_state_machine,0,phase_randomized,3,19.06724281344693,23.858119248043856,0.7991930384458225,4.790876434596926
1aa3f52259a1e2b427c00d3c,iterative-00001,iterative_state_machine,0,gaussian_random_walk,0,41.32487491759546,62.95096824281046,0.6564613074448639,21.626093325215002
1aa3f52259a1e2b427c00d3c,iterative-00001,iterative_state_machine,0,gaussian_random_walk,1,40.042354078744815,64.03301607791087,0.6253391848671331,23.990661999166054
1aa3f52259a1e2b427c00d3c,iterative-00001,iterative_state_machine,0,gaussian_random_walk,2,30.5401840020642,55.74994713095874,0.547806510566264,25.209763128894537
1aa3f52259a1e2b427c00d3c,iterative-00001,iterative_state_machine,0,gaussian_random_walk,3,32.46703947458387,52.23635359293987,0.6215410770741859,19.769314118356
1aa3f52259a1e2b427c00d3c,iterative-00001,iterative_state_machine,0,matched_linear_drift,0,2.289212405000326,16.022242415256,0.1428771544999589,13.733030010255671
1aa3f52259a1e2b427c00d3c,iterative-00001,iterative_state_machine,0,matched_linear_drift,1,1.9583146539355183,18.14918664040689,0.1079009595711345,16.19087198647137
1aa3f52259a1e2b427c00d3c,iterative-00001,iterative_state_machine,0,matched_linear_drift,2,1.9743957810335453,17.188109172721667,0.11486986504408546,15.21371339168812
1aa3f52259a1e2b427c00d3c,iterative-00001,iterative_state_machine,0,matched_linear_drift,3,2.1840976866409996,16.93180713383132,0.12899377304369183,14.74770944719032
1aa3f52259a1e2b427c00d3c,iterative-00001,iterative_state_machine,0,polynomial_trend,0,9.591364331176113,14.44852984510627,0.6638297760394437,4.857165513930157
1aa3f52259a1e2b427c00d3c,iterative-00001,iterative_state_machine,0,polynomial_trend,1,18.5090353382663,29.26249393451033,0.6325173575324664,10.75345859624403
1aa3f52259a1e2b427c00d3c,iterative-00001,iterative_state_machine,0,polynomial_trend,2,4.922183919203143,7.057020706068399,0.6974875268497527,2.1348367868652556
1aa3f52259a1e2b427c00d3c,iterative-00001,iterative_state_machine,0,polynomial_trend,3,4.9216178533205435,6.8437335265653285,0.7191422392786472,1.922115673244785
1aa3f52259a1e2b427c00d3c,iterative-00001,iterative_state_machine,0,matched_ar1,0,7.502758516192133,17.936947656876974,0.418285131880596,10.434189140684841
1aa3f52259a1e2b427c00d3c,iterative-00001,iterative_state_machine,0,matched_ar1,1,5.874865496628029,16.57237627452006,0.35449747213745103,10.697510777892033
1aa3f52259a1e2b427c00d3c,iterative-00001,iterative_state_machine,0,matched_ar1,2,5.60399472198055,16.46280156952235,0.3404034664643743,10.858806847541802
1aa3f52259a1e2b427c00d3c,iterative-00001,iterative_state_machine,0,matched_ar1,3,6.313388990848706,16.899590814065988,0.37358235831330905,10.58620182321728
1aa3f52259a1e2b427c00d3c,iterative-00001,iterative_state_machine,0,randomized_boundary,0,19.06724281344694,23.858119248043867,0.7991930384458225,4.790876434596927
1aa3f52259a1e2b427c00d3c,iterative-00001,iterative_state_machine,0,randomized_boundary,1,19.06724281344693,23.858119248043856,0.7991930384458225,4.790876434596926
1aa3f52259a1e2b427c00d3c,iterative-00001,iterative_state_machine,0,randomized_boundary,2,19.06724281344693,23.858119248043856,0.7991930384458225,4.790876434596926
1aa3f52259a1e2b427c00d3c,iterative-00001,iterative_state_machine,0,randomized_boundary,3,19.067242813446935,23.858119248043863,0.7991930384458225,4.790876434596926
e924c81556dc85c39f0cbe95,iterative-00001,iterative_state_machine,1,observed,0,43.76264830552764,50.10759946716338,0.8733734756981577,6.3449511616357395
e924c81556dc85c39f0cbe95,iterative-00001,iterative_state_machine,1,temporal_shuffle,0,3.304682581268912,50.10759946716339,0.06595172421769163,46.802916885894476
e924c81556dc85c39f0cbe95,iterative-00001,iterative_state_machine,1,temporal_shuffle,1,4.419724320260112,50.107599467163396,0.08820467089341316,45.68787514690328
e924c81556dc85c39f0cbe95,iterative-00001,iterative_state_machine,1,temporal_shuffle,2,2.2623020891688475,50.10759946716339,0.045148881870730684,47.84529737799454
e924c81556dc85c39f0cbe95,iterative-00001,iterative_state_machine,1,temporal_shuffle,3,3.8642728000787767,50.10759946716338,0.07711949566873823,46.2433266670846
e924c81556dc85c39f0cbe95,iterative-00001,iterative_state_machine,1,phase_randomized,0,43.76264830552765,50.10759946716339,0.8733734756981578,6.3449511616357395
e924c81556dc85c39f0cbe95,iterative-00001,iterative_state_machine,1,phase_randomized,1,43.762648305527634,50.107599467163375,0.8733734756981577,6.34495116163574
e924c81556dc85c39f0cbe95,iterative-00001,iterative_state_machine,1,phase_randomized,2,43.762648305527634,50.107599467163375,0.8733734756981577,6.34495116163574
e924c81556dc85c39f0cbe95,iterative-00001,iterative_state_machine,1,phase_randomized,3,43.762648305527634,50.107599467163375,0.8733734756981577,6.344951161635739
e924c81556dc85c39f0cbe95,iterative-00001,iterative_state_machine,1,gaussian_random_walk,0,37.588656831322425,64.6563510352914,0.5813606278338441,27.067694203968973
e924c81556dc85c39f0cbe95,iterative-00001,iterative_state_machine,1,gaussian_random_walk,1,48.513164820295685,73.28543988287493,0.661975487870846,24.772275062579233
e924c81556dc85c39f0cbe95,iterative-00001,iterative_state_machine,1,gaussian_random_walk,2,41.613011584221155,66.01008226707914,0.6304038739999358,24.397070682857986
e924c81556dc85c39f0cbe95,iterative-00001,iterative_state_machine,1,gaussian_random_walk,3,40.9211278043402,67.72574756623469,0.6042181780912791,26.804619761894486
e924c81556dc85c39f0cbe95,iterative-00001,iterative_state_machine,1,matched_linear_drift,0,3.094829821202417,33.315734258843456,0.09289394005719426,30.22090443764104
e924c81556dc85c39f0cbe95,iterative-00001,iterative_state_machine,1,matched_linear_drift,1,3.8802216818493114,33.78843388306547,0.11483875503901503,29.90821220121616
e924c81556dc85c39f0cbe95,iterative-00001,iterative_state_machine,1,matched_linear_drift,2,4.316237019522356,34.70489702780191,0.12436968235533566,30.388660008279555
e924c81556dc85c39f0cbe95,iterative-00001,iterative_state_machine,1,matched_linear_drift,3,4.412791520200963,34.62487088756995,0.12744571769031837,30.212079367368986
e924c81556dc85c39f0cbe95,iterative-00001,iterative_state_machine,1,polynomial_trend,0,15.770646363039969,24.32800169265331,0.6482507919177951,8.557355329613339
e924c81556dc85c39f0cbe95,iterative-00001,iterative_state_machine,1,polynomial_trend,1,18.063127725485597,24.72857288128612,0.7304557287717666,6.665445155800521
e924c81556dc85c39f0cbe95,iterative-00001,iterative_state_machine,1,polynomial_trend,2,17.799003111047995,27.13531224699618,0.6559350763696595,9.336309135948184
e924c81556dc85c39f0cbe95,iterative-00001,iterative_state_machine,1,polynomial_trend,3,11.832357579397057,18.12051495851445,0.6529813091121498,6.288157379117393
e924c81556dc85c39f0cbe95,iterative-00001,iterative_state_machine,1,matched_ar1,0,21.43336873462385,39.64282888942762,0.5406619389954771,18.20946015480377
e924c81556dc85c39f0cbe95,iterative-00001,iterative_state_machine,1,matched_ar1,1,13.962128408662824,31.47915031479069,0.4435357456933208,17.517021906127866
e924c81556dc85c39f0cbe95,iterative-00001,iterative_state_machine,1,matched_ar1,2,17.767256449639547,33.18513350477366,0.5353980705572192,15.417877055134113
e924c81556dc85c39f0cbe95,iterative-00001,iterative_state_machine,1,matched_ar1,3,16.5488402609558,30.816023978489696,0.537020618640071,14.267183717533896
e924c81556dc85c39f0cbe95,iterative-00001,iterative_state_machine,1,randomized_boundary,0,43.76264830552765,50.10759946716339,0.8733734756981578,6.3449511616357395
e924c81556dc85c39f0cbe95,iterative-00001,iterative_state_machine,1,randomized_boundary,1,43.76264830552765,50.10759946716339,0.8733734756981578,6.344951161635741
e924c81556dc85c39f0cbe95,iterative-00001,iterative_state_machine,1,randomized_boundary,2,43.76264830552765,50.10759946716339,0.8733734756981578,6.344951161635741
e924c81556dc85c39f0cbe95,iterative-00001,iterative_state_machine,1,randomized_boundary,3,43.76264830552765,50.10759946716338,0.8733734756981579,6.344951161635738
7bb8eb593186f54fd607d810,iterative-00001,iterative_state_machine,2,observed,0,75.86628643607702,83.85097569654471,0.9047752373286132,7.984689260467692
7bb8eb593186f54fd607d810,iterative-00001,iterative_state_machine,2,temporal_shuffle,0,5.186304456183924,83.85097569654471,0.06185145030337004,78.66467124036079
7bb8eb593186f54fd607d810,iterative-00001,iterative_state_machine,2,temporal_shuffle,1,4.005390997433793,83.85097569654472,0.047767971262841775,79.84558469911093
7bb8eb593186f54fd607d810,iterative-00001,iterative_state_machine,2,temporal_shuffle,2,2.9112984761966536,83.85097569654471,0.034719911748344996,80.93967722034806
7bb8eb593186f54fd607d810,iterative-00001,iterative_state_machine,2,temporal_shuffle,3,0.6390049658865677,83.85097569654472,0.007620721888784169,83.21197073065815
7bb8eb593186f54fd607d810,iterative-00001,iterative_state_machine,2,phase_randomized,0,75.86628643607702,83.85097569654471,0.9047752373286132,7.984689260467695
7bb8eb593186f54fd607d810,iterative-00001,iterative_state_machine,2,phase_randomized,1,75.86628643607702,83.85097569654471,0.9047752373286132,7.984689260467695
7bb8eb593186f54fd607d810,iterative-00001,iterative_state_machine,2,phase_randomized,2,75.86628643607699,83.85097569654468,0.9047752373286132,7.984689260467693
7bb8eb593186f54fd607d810,iterative-00001,iterative_state_machine,2,phase_randomized,3,75.866286436077,83.8509756965447,0.9047752373286132,7.984689260467694
7bb8eb593186f54fd607d810,iterative-00001,iterative_state_machine,2,gaussian_random_walk,0,48.006894727688206,84.16808543785334,0.5703693327221367,36.16119071016514
7bb8eb593186f54fd607d810,iterative-00001,iterative_state_machine,2,gaussian_random_walk,1,62.46535912756276,105.34003215604002,0.5929878494344194,42.87467302847726
7bb8eb593186f54fd607d810,iterative-00001,iterative_state_machine,2,gaussian_random_walk,2,45.12370033696997,80.80871369961287,0.5584014182518308,35.685013362642906
7bb8eb593186f54fd607d810,iterative-00001,iterative_state_machine,2,gaussian_random_walk,3,42.50619133361125,72.04915900835442,0.5899609644115689,29.54296767474318
7bb8eb593186f54fd607d810,iterative-00001,iterative_state_machine,2,matched_linear_drift,0,7.672826731014271,60.06425292366785,0.12774364713676234,52.39142619265358
7bb8eb593186f54fd607d810,iterative-00001,iterative_state_machine,2,matched_linear_drift,1,5.2665075668941785,50.401154527638454,0.10449180413131581,45.13464696074428
7bb8eb593186f54fd607d810,iterative-00001,iterative_state_machine,2,matched_linear_drift,2,6.930997759899602,61.36847388072688,0.11294068960180419,54.43747612082728
7bb8eb593186f54fd607d810,iterative-00001,iterative_state_machine,2,matched_linear_drift,3,5.519249229021564,53.89893115222056,0.10239997549179931,48.379681923199
7bb8eb593186f54fd607d810,iterative-00001,iterative_state_machine,2,polynomial_trend,0,19.312912595560686,29.625732238726243,0.6518965485793186,10.312819643165557
7bb8eb593186f54fd607d810,iterative-00001,iterative_state_machine,2,polynomial_trend,1,36.59806850003833,56.0069143285377,0.653456255157235,19.408845828499366
7bb8eb593186f54fd607d810,iterative-00001,iterative_state_machine,2,polynomial_trend,2,23.957781474320925,35.95540057024292,0.6663194150073979,11.997619095921996
7bb8eb593186f54fd607d810,iterative-00001,iterative_state_machine,2,polynomial_trend,3,39.40094278730582,59.62685409938956,0.6607919096591949,20.22591131208374
7bb8eb593186f54fd607d810,iterative-00001,iterative_state_machine,2,matched_ar1,0,24.70237632218234,44.69024938857766,0.5527464415648572,19.987873066395323
7bb8eb593186f54fd607d810,iterative-00001,iterative_state_machine,2,matched_ar1,1,29.52771928537515,55.62793349379441,0.5308074097102514,26.10021420841926
7bb8eb593186f54fd607d810,iterative-00001,iterative_state_machine,2,matched_ar1,2,20.41979960299367,40.33852524068852,0.5062108612338831,19.91872563769485
7bb8eb593186f54fd607d810,iterative-00001,iterative_state_machine,2,matched_ar1,3,26.0330075772831,48.783623468100735,0.5336423522189961,22.750615890817635
7bb8eb593186f54fd607d810,iterative-00001,iterative_state_machine,2,randomized_boundary,0,75.86628643607702,83.85097569654471,0.9047752373286132,7.984689260467692
7bb8eb593186f54fd607d810,iterative-00001,iterative_state_machine,2,randomized_boundary,1,75.86628643607702,83.85097569654471,0.9047752373286132,7.984689260467694
7bb8eb593186f54fd607d810,iterative-00001,iterative_state_machine,2,randomized_boundary,2,75.86628643607703,83.85097569654472,0.9047752373286132,7.98468926046769
7bb8eb593186f54fd607d810,iterative-00001,iterative_state_machine,2,randomized_boundary,3,75.866286436077,83.8509756965447,0.9047752373286132,7.984689260467693
9032137bcd510f01bd5090f0,iterative-00001,iterative_state_machine,3,observed,0,115.56394284214308,126.02145066560726,0.9170180332932942,10.45750782346418
9032137bcd510f01bd5090f0,iterative-00001,iterative_state_machine,3,temporal_shuffle,0,11.371880233299628,126.02145066560726,0.09023765536134355,114.64957043230764
9032137bcd510f01bd5090f0,iterative-00001,iterative_state_machine,3,temporal_shuffle,1,4.155375150700321,126.02145066560726,0.032973554333432,121.86607551490694
9032137bcd510f01bd5090f0,iterative-00001,iterative_state_machine,3,temporal_shuffle,2,4.071140641962294,126.02145066560726,0.032305140279371154,121.95031002364497
9032137bcd510f01bd5090f0,iterative-00001,iterative_state_machine,3,temporal_shuffle,3,26.77801068153189,126.02145066560726,0.21248771967072685,99.24343998407538
9032137bcd510f01bd5090f0,iterative-00001,iterative_state_machine,3,phase_randomized,0,115.56394284214306,126.02145066560725,0.9170180332932942,10.457507823464184
9032137bcd510f01bd5090f0,iterative-00001,iterative_state_machine,3,phase_randomized,1,115.56394284214306,126.02145066560725,0.9170180332932942,10.457507823464184
9032137bcd510f01bd5090f0,iterative-00001,iterative_state_machine,3,phase_randomized,2,115.56394284214306,126.02145066560725,0.9170180332932942,10.45750782346418
9032137bcd510f01bd5090f0,iterative-00001,iterative_state_machine,3,phase_randomized,3,115.56394284214306,126.02145066560725,0.9170180332932942,10.45750782346418
9032137bcd510f01bd5090f0,iterative-00001,iterative_state_machine,3,gaussian_random_walk,0,59.19057470877537,108.7550512317099,0.544255867092241,49.56447652293452
9032137bcd510f01bd5090f0,iterative-00001,iterative_state_machine,3,gaussian_random_walk,1,62.551627154826825,108.26376095730106,0.5777706833914353,45.71213380247424
9032137bcd510f01bd5090f0,iterative-00001,iterative_state_machine,3,gaussian_random_walk,2,58.43049612776818,93.76556731257844,0.6231551496188714,35.33507118481026
9032137bcd510f01bd5090f0,iterative-00001,iterative_state_machine,3,gaussian_random_walk,3,69.90126777836204,111.15822424128378,0.6288447683963716,41.256956462921735
9032137bcd510f01bd5090f0,iterative-00001,iterative_state_machine,3,matched_linear_drift,0,11.071794044206836,92.07958746909857,0.12024156871817517,81.00779342489173
9032137bcd510f01bd5090f0,iterative-00001,iterative_state_machine,3,matched_linear_drift,1,11.011914772070845,91.03590273688295,0.12096232849909884,80.0239879648121
9032137bcd510f01bd5090f0,iterative-00001,iterative_state_machine,3,matched_linear_drift,2,7.703023879825766,92.6383412211093,0.08315157394107672,84.93531734128354
9032137bcd510f01bd5090f0,iterative-00001,iterative_state_machine,3,matched_linear_drift,3,11.464680155507825,80.43393554590467,0.142535362439959,68.96925539039685
9032137bcd510f01bd5090f0,iterative-00001,iterative_state_machine,3,polynomial_trend,0,44.14773127816927,67.04772569812575,0.6584523310595064,22.899994419956474
9032137bcd510f01bd5090f0,iterative-00001,iterative_state_machine,3,polynomial_trend,1,42.363389597250304,65.78177465050464,0.6439988860489843,23.41838505325434
9032137bcd510f01bd5090f0,iterative-00001,iterative_state_machine,3,polynomial_trend,2,35.23267015486117,51.79633305340247,0.6802155302873657,16.563662898541303
9032137bcd510f01bd5090f0,iterative-00001,iterative_state_machine,3,polynomial_trend,3,41.8559721508662,60.736448176487976,0.6891409262069641,18.880476025621775
9032137bcd510f01bd5090f0,iterative-00001,iterative_state_machine,3,matched_ar1,0,41.35203781107605,70.8116858929271,0.5839719431846832,29.459648081851043
9032137bcd510f01bd5090f0,iterative-00001,iterative_state_machine,3,matched_ar1,1,39.62965743886528,64.82414004304265,0.6113410438233587,25.19448260417737
9032137bcd510f01bd5090f0,iterative-00001,iterative_state_machine,3,matched_ar1,2,31.554493096164276,60.74978737856945,0.5194173421468743,29.195294282405175
9032137bcd510f01bd5090f0,iterative-00001,iterative_state_machine,3,matched_ar1,3,57.716470664482344,86.3064471653945,0.6687388087459634,28.58997650091215
9032137bcd510f01bd5090f0,iterative-00001,iterative_state_machine,3,randomized_boundary,0,115.56394284214308,126.02145066560726,0.9170180332932942,10.45750782346418
9032137bcd510f01bd5090f0,iterative-00001,iterative_state_machine,3,randomized_boundary,1,115.56394284214306,126.02145066560725,0.9170180332932942,10.457507823464185
9032137bcd510f01bd5090f0,iterative-00001,iterative_state_machine,3,randomized_boundary,2,115.56394284214306,126.02145066560725,0.9170180332932942,10.457507823464184
9032137bcd510f01bd5090f0,iterative-00001,iterative_state_machine,3,randomized_boundary,3,115.56394284214308,126.02145066560726,0.9170180332932942,10.457507823464185
1f666df1f6ec10544d07a408,ontology-00001,fictional_ontology,0,observed,0,19.542596093639055,24.64904308444656,0.7928338648558064,5.106446990807507
1f666df1f6ec10544d07a408,ontology-00001,fictional_ontology,0,temporal_shuffle,0,1.0610069284349384,24.64904308444655,0.043044548415124055,23.58803615601161
1f666df1f6ec10544d07a408,ontology-00001,fictional_ontology,0,temporal_shuffle,1,1.607984671044778,24.649043084446554,0.06523517629207318,23.041058413401775
1f666df1f6ec10544d07a408,ontology-00001,fictional_ontology,0,temporal_shuffle,2,1.88227331780857,24.64904308444655,0.07636293674200591,22.76676976663798
1f666df1f6ec10544d07a408,ontology-00001,fictional_ontology,0,temporal_shuffle,3,2.1787515667997015,24.64904308444655,0.08839091884157098,22.47029151764685
1f666df1f6ec10544d07a408,ontology-00001,fictional_ontology,0,phase_randomized,0,19.54259609363905,24.64904308444656,0.7928338648558063,5.106446990807509
1f666df1f6ec10544d07a408,ontology-00001,fictional_ontology,0,phase_randomized,1,19.542596093639048,24.649043084446557,0.7928338648558063,5.106446990807509
1f666df1f6ec10544d07a408,ontology-00001,fictional_ontology,0,phase_randomized,2,19.542596093639048,24.649043084446557,0.7928338648558063,5.106446990807509
1f666df1f6ec10544d07a408,ontology-00001,fictional_ontology,0,phase_randomized,3,19.542596093639048,24.649043084446557,0.7928338648558063,5.106446990807509
1f666df1f6ec10544d07a408,ontology-00001,fictional_ontology,0,gaussian_random_walk,0,32.68669314782423,55.53110485551579,0.5886195355354528,22.844411707691563
1f666df1f6ec10544d07a408,ontology-00001,fictional_ontology,0,gaussian_random_walk,1,32.46127357640659,50.298709999844434,0.6453699026576822,17.837436423437843
1f666df1f6ec10544d07a408,ontology-00001,fictional_ontology,0,gaussian_random_walk,2,26.98217876146228,44.36989152964021,0.6081191058003264,17.387712768177934
1f666df1f6ec10544d07a408,ontology-00001,fictional_ontology,0,gaussian_random_walk,3,25.321808271914037,47.12218522266871,0.5373648983437352,21.800376950754675
1f666df1f6ec10544d07a408,ontology-00001,fictional_ontology,0,matched_linear_drift,0,2.4307782540996543,17.39510702526689,0.1397391950833576,14.964328771167235
1f666df1f6ec10544d07a408,ontology-00001,fictional_ontology,0,matched_linear_drift,1,2.557356034859703,18.317651588791257,0.13961156660630958,15.760295553931554
1f666df1f6ec10544d07a408,ontology-00001,fictional_ontology,0,matched_linear_drift,2,2.2445396871577286,15.990587350818114,0.14036630662243266,13.746047663660384
1f666df1f6ec10544d07a408,ontology-00001,fictional_ontology,0,matched_linear_drift,3,2.9160946057391763,17.21188984609496,0.16942326681231817,14.295795240355782
1f666df1f6ec10544d07a408,ontology-00001,fictional_ontology,0,polynomial_trend,0,6.953502081730864,9.612845855263204,0.7233552047361393,2.65934377353234
1f666df1f6ec10544d07a408,ontology-00001,fictional_ontology,0,polynomial_trend,1,7.317040020163073,10.62411706189061,0.6887198227897701,3.307077041727536
1f666df1f6ec10544d07a408,ontology-00001,fictional_ontology,0,polynomial_trend,2,7.971482364859172,11.526636346553861,0.6915705610199475,3.555153981694688
1f666df1f6ec10544d07a408,ontology-00001,fictional_ontology,0,polynomial_trend,3,12.459931532619965,18.676694935532073,0.6671379264708753,6.2167634029121075
1f666df1f6ec10544d07a408,ontology-00001,fictional_ontology,0,matched_ar1,0,7.582164717207555,17.102028827956794,0.44334884436710476,9.51986411074924
1f666df1f6ec10544d07a408,ontology-00001,fictional_ontology,0,matched_ar1,1,9.756158539555617,19.749980324678045,0.4939832029789456,9.993821785122428
1f666df1f6ec10544d07a408,ontology-00001,fictional_ontology,0,matched_ar1,2,8.05487318458385,17.63505636361336,0.4567534698218246,9.58018317902951
1f666df1f6ec10544d07a408,ontology-00001,fictional_ontology,0,matched_ar1,3,8.16621008433724,17.65324809540307,0.4625896628317217,9.48703801106583
1f666df1f6ec10544d07a408,ontology-00001,fictional_ontology,0,randomized_boundary,0,19.54259609363905,24.64904308444656,0.7928338648558063,5.106446990807509
1f666df1f6ec10544d07a408,ontology-00001,fictional_ontology,0,randomized_boundary,1,19.542596093639048,24.649043084446554,0.7928338648558064,5.106446990807507
1f666df1f6ec10544d07a408,ontology-00001,fictional_ontology,0,randomized_boundary,2,19.542596093639048,24.649043084446557,0.7928338648558063,5.10644699080751
1f666df1f6ec10544d07a408,ontology-00001,fictional_ontology,0,randomized_boundary,3,19.542596093639055,24.649043084446564,0.7928338648558063,5.106446990807509
fa2204e0351c9373e98b6103,ontology-00001,fictional_ontology,1,observed,0,44.774170789391654,52.45364349535524,0.8535950566209266,7.679472705963583
fa2204e0351c9373e98b6103,ontology-00001,fictional_ontology,1,temporal_shuffle,0,2.0349792767949966,52.45364349535522,0.03879576595999846,50.418664218560224
fa2204e0351c9373e98b6103,ontology-00001,fictional_ontology,1,temporal_shuffle,1,1.9329217892463455,52.453643495355216,0.036850095826374885,50.52072170610887
fa2204e0351c9373e98b6103,ontology-00001,fictional_ontology,1,temporal_shuffle,2,2.2321867356882272,52.45364349535522,0.042555418212004426,50.22145675966699
fa2204e0351c9373e98b6103,ontology-00001,fictional_ontology,1,temporal_shuffle,3,5.9942599956897125,52.45364349535522,0.11427728554681821,46.45938349966551
fa2204e0351c9373e98b6103,ontology-00001,fictional_ontology,1,phase_randomized,0,44.77417078939165,52.45364349535524,0.8535950566209265,7.679472705963587
fa2204e0351c9373e98b6103,ontology-00001,fictional_ontology,1,phase_randomized,1,44.77417078939165,52.45364349535524,0.8535950566209265,7.679472705963587
fa2204e0351c9373e98b6103,ontology-00001,fictional_ontology,1,phase_randomized,2,44.77417078939166,52.45364349535525,0.8535950566209265,7.679472705963587
fa2204e0351c9373e98b6103,ontology-00001,fictional_ontology,1,phase_randomized,3,44.77417078939165,52.45364349535524,0.8535950566209265,7.679472705963587
fa2204e0351c9373e98b6103,ontology-00001,fictional_ontology,1,gaussian_random_walk,0,35.44518376892226,61.92266968834563,0.5724104588403001,26.477485919423366
fa2204e0351c9373e98b6103,ontology-00001,fictional_ontology,1,gaussian_random_walk,1,49.21298310312675,74.99726940532567,0.656196998815427,25.784286302198915
fa2204e0351c9373e98b6103,ontology-00001,fictional_ontology,1,gaussian_random_walk,2,55.32761184156196,80.66824065349115,0.6858661028597441,25.3406288119292
fa2204e0351c9373e98b6103,ontology-00001,fictional_ontology,1,gaussian_random_walk,3,52.4516467522932,89.4423130147545,0.5864299008416823,36.9906662624613
fa2204e0351c9373e98b6103,ontology-00001,fictional_ontology,1,matched_linear_drift,0,4.064770851389058,44.416630424199155,0.09151461541698763,40.3518595728101
fa2204e0351c9373e98b6103,ontology-00001,fictional_ontology,1,matched_linear_drift,1,3.5546857738951863,37.69569962081859,0.09429950391296103,34.1410138469234
fa2204e0351c9373e98b6103,ontology-00001,fictional_ontology,1,matched_linear_drift,2,2.9114187505912685,33.05229170788254,0.08808523101279943,30.140872957291272
fa2204e0351c9373e98b6103,ontology-00001,fictional_ontology,1,matched_linear_drift,3,4.673435358004628,36.437651267295195,0.12825841390603832,31.76421590929057
fa2204e0351c9373e98b6103,ontology-00001,fictional_ontology,1,polynomial_trend,0,17.66304031289921,25.86887740970967,0.6827911406109001,8.20583709681046
fa2204e0351c9373e98b6103,ontology-00001,fictional_ontology,1,polynomial_trend,1,15.373245846400962,21.632005828742724,0.7106713065865734,6.258759982341761
fa2204e0351c9373e98b6103,ontology-00001,fictional_ontology,1,polynomial_trend,2,20.194802636660455,29.183103944383063,0.6920032452732772,8.988301307722608
fa2204e0351c9373e98b6103,ontology-00001,fictional_ontology,1,polynomial_trend,3,15.351051940129526,21.147286753570935,0.7259111827921539,5.796234813441409
fa2204e0351c9373e98b6103,ontology-00001,fictional_ontology,1,matched_ar1,0,24.34524608133772,40.18591378646812,0.6058154160858111,15.840667705130404
fa2204e0351c9373e98b6103,ontology-00001,fictional_ontology,1,matched_ar1,1,17.08216592443839,34.87079920934008,0.48987021553159477,17.788633284901692
fa2204e0351c9373e98b6103,ontology-00001,fictional_ontology,1,matched_ar1,2,10.827617372622317,29.810490994838684,0.36321499617356134,18.982873622216367
fa2204e0351c9373e98b6103,ontology-00001,fictional_ontology,1,matched_ar1,3,16.796718427431003,31.212486234455426,0.538140995922623,14.415767807024423
fa2204e0351c9373e98b6103,ontology-00001,fictional_ontology,1,randomized_boundary,0,44.77417078939166,52.453643495355244,0.8535950566209266,7.679472705963586
fa2204e0351c9373e98b6103,ontology-00001,fictional_ontology,1,randomized_boundary,1,44.77417078939165,52.45364349535524,0.8535950566209265,7.679472705963589
fa2204e0351c9373e98b6103,ontology-00001,fictional_ontology,1,randomized_boundary,2,44.77417078939166,52.453643495355244,0.8535950566209266,7.679472705963585
fa2204e0351c9373e98b6103,ontology-00001,fictional_ontology,1,randomized_boundary,3,44.774170789391654,52.45364349535524,0.8535950566209266,7.679472705963587
9276506c54a9edc76c114329,ontology-00001,fictional_ontology,2,observed,0,77.86364378455409,88.04192659474496,0.8843927750804308,10.17828281019088
9276506c54a9edc76c114329,ontology-00001,fictional_ontology,2,temporal_shuffle,0,9.848338095123204,88.04192659474492,0.11185963865210367,78.19358849962173
9276506c54a9edc76c114329,ontology-00001,fictional_ontology,2,temporal_shuffle,1,5.7671282999104445,88.04192659474492,0.06550434006807246,82.27479829483448
9276506c54a9edc76c114329,ontology-00001,fictional_ontology,2,temporal_shuffle,2,5.585528662368686,88.04192659474492,0.0634416905490807,82.45639793237623
9276506c54a9edc76c114329,ontology-00001,fictional_ontology,2,temporal_shuffle,3,1.9103548240117654,88.04192659474492,0.021698239667165477,86.13157177073316
9276506c54a9edc76c114329,ontology-00001,fictional_ontology,2,phase_randomized,0,77.86364378455409,88.04192659474496,0.8843927750804308,10.178282810190883
9276506c54a9edc76c114329,ontology-00001,fictional_ontology,2,phase_randomized,1,77.8636437845541,88.04192659474498,0.8843927750804309,10.178282810190883
9276506c54a9edc76c114329,ontology-00001,fictional_ontology,2,phase_randomized,2,77.8636437845541,88.04192659474498,0.8843927750804309,10.178282810190883
9276506c54a9edc76c114329,ontology-00001,fictional_ontology,2,phase_randomized,3,77.86364378455409,88.04192659474496,0.8843927750804308,10.178282810190883
9276506c54a9edc76c114329,ontology-00001,fictional_ontology,2,gaussian_random_walk,0,41.644299213752454,76.24399504109172,0.5461977588045884,34.59969582733926
9276506c54a9edc76c114329,ontology-00001,fictional_ontology,2,gaussian_random_walk,1,51.42376267526595,86.98355516013683,0.5911894792135679,35.55979248487088
9276506c54a9edc76c114329,ontology-00001,fictional_ontology,2,gaussian_random_walk,2,59.86906144335652,92.8144951090047,0.6450399948094759,32.94543366564818
9276506c54a9edc76c114329,ontology-00001,fictional_ontology,2,gaussian_random_walk,3,42.07660709398844,76.11354388096028,0.5528136642776117,34.036936786971836
9276506c54a9edc76c114329,ontology-00001,fictional_ontology,2,matched_linear_drift,0,5.18428890060115,57.3769638089272,0.09035488384964932,52.19267490832605
9276506c54a9edc76c114329,ontology-00001,fictional_ontology,2,matched_linear_drift,1,3.87105540423025,67.20533605110997,0.05760041734314511,63.33428064687971
9276506c54a9edc76c114329,ontology-00001,fictional_ontology,2,matched_linear_drift,2,5.425955088328747,58.41257053359695,0.09289019535971149,52.9866154452682
9276506c54a9edc76c114329,ontology-00001,fictional_ontology,2,matched_linear_drift,3,5.52995191923907,57.65258653070272,0.09591853986107128,52.12263461146365
9276506c54a9edc76c114329,ontology-00001,fictional_ontology,2,polynomial_trend,0,32.089038148797826,47.327420733520825,0.6780221201885605,15.238382584723002
9276506c54a9edc76c114329,ontology-00001,fictional_ontology,2,polynomial_trend,1,23.718564302037187,36.438480157154245,0.6509207903222698,12.719915855117055
9276506c54a9edc76c114329,ontology-00001,fictional_ontology,2,polynomial_trend,2,20.811214219677105,29.23264605405693,0.7119168815985069,8.421431834379824
9276506c54a9edc76c114329,ontology-00001,fictional_ontology,2,polynomial_trend,3,28.019298948115168,41.34011894878009,0.6777749958298558,13.320820000664916
9276506c54a9edc76c114329,ontology-00001,fictional_ontology,2,matched_ar1,0,29.663782071020297,52.068414715069935,0.5697078014252437,22.404632644049634
9276506c54a9edc76c114329,ontology-00001,fictional_ontology,2,matched_ar1,1,21.572797405861667,44.6629676175413,0.4830130767528531,23.090170211679634
9276506c54a9edc76c114329,ontology-00001,fictional_ontology,2,matched_ar1,2,19.60893404389263,41.555768906148145,0.47187032173988974,21.946834862255514
9276506c54a9edc76c114329,ontology-00001,fictional_ontology,2,matched_ar1,3,23.937685007833913,48.702627245429156,0.49150705745716244,24.764942237595243
9276506c54a9edc76c114329,ontology-00001,fictional_ontology,2,randomized_boundary,0,77.86364378455409,88.04192659474496,0.8843927750804308,10.178282810190883
9276506c54a9edc76c114329,ontology-00001,fictional_ontology,2,randomized_boundary,1,77.86364378455407,88.04192659474495,0.8843927750804308,10.178282810190886
9276506c54a9edc76c114329,ontology-00001,fictional_ontology,2,randomized_boundary,2,77.86364378455409,88.04192659474496,0.8843927750804308,10.17828281019088
9276506c54a9edc76c114329,ontology-00001,fictional_ontology,2,randomized_boundary,3,77.8636437845541,88.04192659474498,0.8843927750804309,10.178282810190879
f2ae7087ba3ca07560d59279,ontology-00001,fictional_ontology,3,observed,0,117.67751001022198,130.7017930721324,0.9003511523769034,13.024283061910417
f2ae7087ba3ca07560d59279,ontology-00001,fictional_ontology,3,temporal_shuffle,0,20.025739553973132,130.70179307213235,0.1532170223779656,110.67605351815922
f2ae7087ba3ca07560d59279,ontology-00001,fictional_ontology,3,temporal_shuffle,1,8.42586692744256,130.70179307213235,0.0644663453300327,122.27592614468978
f2ae7087ba3ca07560d59279,ontology-00001,fictional_ontology,3,temporal_shuffle,2,10.367056621980286,130.70179307213235,0.07931839631502885,120.33473645015206
f2ae7087ba3ca07560d59279,ontology-00001,fictional_ontology,3,temporal_shuffle,3,3.1059874108057235,130.70179307213235,0.023763923491788488,127.59580566132662
f2ae7087ba3ca07560d59279,ontology-00001,fictional_ontology,3,phase_randomized,0,117.677510010222,130.7017930721324,0.9003511523769036,13.02428306191042
f2ae7087ba3ca07560d59279,ontology-00001,fictional_ontology,3,phase_randomized,1,117.67751001022197,130.70179307213238,0.9003511523769034,13.024283061910419
f2ae7087ba3ca07560d59279,ontology-00001,fictional_ontology,3,phase_randomized,2,117.67751001022198,130.7017930721324,0.9003511523769034,13.024283061910419
f2ae7087ba3ca07560d59279,ontology-00001,fictional_ontology,3,phase_randomized,3,117.67751001022197,130.70179307213238,0.9003511523769034,13.02428306191042
f2ae7087ba3ca07560d59279,ontology-00001,fictional_ontology,3,gaussian_random_walk,0,68.23814363220706,115.19926528837672,0.5923487746331321,46.961121656169674
f2ae7087ba3ca07560d59279,ontology-00001,fictional_ontology,3,gaussian_random_walk,1,73.5244809260328,109.65035594170259,0.6705357250743745,36.12587501566979
f2ae7087ba3ca07560d59279,ontology-00001,fictional_ontology,3,gaussian_random_walk,2,56.54052721981935,111.69482005167868,0.506205455129068,55.154292831859316
f2ae7087ba3ca07560d59279,ontology-00001,fictional_ontology,3,gaussian_random_walk,3,77.9305415238816,126.29545939749377,0.6170494323046745,48.364917873612164
f2ae7087ba3ca07560d59279,ontology-00001,fictional_ontology,3,matched_linear_drift,0,8.58485959352625,80.88560700823038,0.10613581218043788,72.30074741470413
f2ae7087ba3ca07560d59279,ontology-00001,fictional_ontology,3,matched_linear_drift,1,9.905166220931243,89.35880333077995,0.11084712251869844,79.45363710984871
f2ae7087ba3ca07560d59279,ontology-00001,fictional_ontology,3,matched_linear_drift,2,9.843594576973706,89.41987561903201,0.11008284801146165,79.57628104205831
f2ae7087ba3ca07560d59279,ontology-00001,fictional_ontology,3,matched_linear_drift,3,8.681250635320644,96.38416594395346,0.09006926138022209,87.70291530863281
f2ae7087ba3ca07560d59279,ontology-00001,fictional_ontology,3,polynomial_trend,0,57.675375896654636,86.05188190847254,0.6702395649870849,28.376506011817902
f2ae7087ba3ca07560d59279,ontology-00001,fictional_ontology,3,polynomial_trend,1,43.07967460152979,65.21390865611008,0.660590286478612,22.134234054580283
f2ae7087ba3ca07560d59279,ontology-00001,fictional_ontology,3,polynomial_trend,2,36.013625487376316,54.545366783511476,0.660250862925041,18.53174129613516
f2ae7087ba3ca07560d59279,ontology-00001,fictional_ontology,3,polynomial_trend,3,55.87454470220828,84.18104972056884,0.6637425511760502,28.306505018360546
f2ae7087ba3ca07560d59279,ontology-00001,fictional_ontology,3,matched_ar1,0,49.32481583330997,82.84878609202329,0.5953595479180953,33.52397025871332
f2ae7087ba3ca07560d59279,ontology-00001,fictional_ontology,3,matched_ar1,1,36.5752168798072,69.38183096071523,0.5271584271178501,32.80661408090804
f2ae7087ba3ca07560d59279,ontology-00001,fictional_ontology,3,matched_ar1,2,25.109485821061753,51.96509132944701,0.48319910883776285,26.85560550838526
f2ae7087ba3ca07560d59279,ontology-00001,fictional_ontology,3,matched_ar1,3,49.0981457448779,90.92678622744567,0.5399744979665622,41.82864048256778
f2ae7087ba3ca07560d59279,ontology-00001,fictional_ontology,3,randomized_boundary,0,117.677510010222,130.7017930721324,0.9003511523769036,13.024283061910413
f2ae7087ba3ca07560d59279,ontology-00001,fictional_ontology,3,randomized_boundary,1,117.67751001022198,130.7017930721324,0.9003511523769034,13.024283061910417
f2ae7087ba3ca07560d59279,ontology-00001,fictional_ontology,3,randomized_boundary,2,117.677510010222,130.7017930721324,0.9003511523769036,13.024283061910413
f2ae7087ba3ca07560d59279,ontology-00001,fictional_ontology,3,randomized_boundary,3,117.67751001022197,130.70179307213238,0.9003511523769034,13.024283061910417
92cfc89eb9267c2c7a9f9d31,dependency-00001,dependency_graph,0,observed,0,20.350581592946522,24.94812464815356,0.8157158856608765,4.597543055207035
92cfc89eb9267c2c7a9f9d31,dependency-00001,dependency_graph,0,temporal_shuffle,0,1.8837570879082546,24.948124648153534,0.07550696152416714,23.06436756024528
92cfc89eb9267c2c7a9f9d31,dependency-00001,dependency_graph,0,temporal_shuffle,1,2.3381598825508916,24.948124648153538,0.09372086742094836,22.609964765602648
92cfc89eb9267c2c7a9f9d31,dependency-00001,dependency_graph,0,temporal_shuffle,2,0.607626841599503,24.948124648153534,0.02435561190145307,24.34049780655403
92cfc89eb9267c2c7a9f9d31,dependency-00001,dependency_graph,0,temporal_shuffle,3,2.1551398748724564,24.948124648153534,0.08638484476355071,22.792984773281077
92cfc89eb9267c2c7a9f9d31,dependency-00001,dependency_graph,0,phase_randomized,0,20.350581592946533,24.94812464815357,0.8157158856608765,4.597543055207036
92cfc89eb9267c2c7a9f9d31,dependency-00001,dependency_graph,0,phase_randomized,1,20.350581592946526,24.948124648153563,0.8157158856608765,4.597543055207037
92cfc89eb9267c2c7a9f9d31,dependency-00001,dependency_graph,0,phase_randomized,2,20.350581592946526,24.948124648153563,0.8157158856608765,4.597543055207036
92cfc89eb9267c2c7a9f9d31,dependency-00001,dependency_graph,0,phase_randomized,3,20.350581592946526,24.948124648153563,0.8157158856608765,4.597543055207036
92cfc89eb9267c2c7a9f9d31,dependency-00001,dependency_graph,0,gaussian_random_walk,0,42.0880121974501,65.1722838525937,0.6457961837373158,23.08427165514359
92cfc89eb9267c2c7a9f9d31,dependency-00001,dependency_graph,0,gaussian_random_walk,1,41.59617281546853,65.65539132827752,0.6335530407166002,24.059218512808997
92cfc89eb9267c2c7a9f9d31,dependency-00001,dependency_graph,0,gaussian_random_walk,2,34.00509597792948,51.79956790635472,0.6564745103550906,17.79447192842524
92cfc89eb9267c2c7a9f9d31,dependency-00001,dependency_graph,0,gaussian_random_walk,3,29.40220297896525,51.21712237595953,0.5740697957050034,21.814919396994284
92cfc89eb9267c2c7a9f9d31,dependency-00001,dependency_graph,0,matched_linear_drift,0,1.3841318441611765,17.001768539986106,0.08141105090954895,15.61763669582493
92cfc89eb9267c2c7a9f9d31,dependency-00001,dependency_graph,0,matched_linear_drift,1,1.9337723838336984,18.553684731975338,0.10422578650919101,16.61991234814164
92cfc89eb9267c2c7a9f9d31,dependency-00001,dependency_graph,0,matched_linear_drift,2,2.5002793995096084,20.31776578935804,0.12305877651268107,17.817486389848433
92cfc89eb9267c2c7a9f9d31,dependency-00001,dependency_graph,0,matched_linear_drift,3,1.8249303614063324,19.813974949138164,0.09210319312964056,17.989044587731833
92cfc89eb9267c2c7a9f9d31,dependency-00001,dependency_graph,0,polynomial_trend,0,5.908961745682376,8.639958437577807,0.6839108993837869,2.730996691895432
92cfc89eb9267c2c7a9f9d31,dependency-00001,dependency_graph,0,polynomial_trend,1,5.585528036861013,8.08408357656184,0.6909290315917958,2.4985555397008268
92cfc89eb9267c2c7a9f9d31,dependency-00001,dependency_graph,0,polynomial_trend,2,7.59627463420352,11.619555934850805,0.6537491343726688,4.023281300647284
92cfc89eb9267c2c7a9f9d31,dependency-00001,dependency_graph,0,polynomial_trend,3,7.120939589630263,10.981223113250483,0.6484650677061454,3.860283523620221
92cfc89eb9267c2c7a9f9d31,dependency-00001,dependency_graph,0,matched_ar1,0,6.122105552684935,17.12233060357285,0.3575509487830739,11.000225050887913
92cfc89eb9267c2c7a9f9d31,dependency-00001,dependency_graph,0,matched_ar1,1,7.614979539826615,19.43042157796274,0.39191015538557544,11.815442038136126
92cfc89eb9267c2c7a9f9d31,dependency-00001,dependency_graph,0,matched_ar1,2,7.990935026671425,18.713164768303077,0.4270221058602932,10.722229741631653
92cfc89eb9267c2c7a9f9d31,dependency-00001,dependency_graph,0,matched_ar1,3,11.559694038957609,21.859071372254704,0.5288282307193574,10.299377333297096
92cfc89eb9267c2c7a9f9d31,dependency-00001,dependency_graph,0,randomized_boundary,0,20.350581592946522,24.94812464815356,0.8157158856608765,4.597543055207035
92cfc89eb9267c2c7a9f9d31,dependency-00001,dependency_graph,0,randomized_boundary,1,20.350581592946522,24.94812464815356,0.8157158856608765,4.597543055207037
92cfc89eb9267c2c7a9f9d31,dependency-00001,dependency_graph,0,randomized_boundary,2,20.35058159294652,24.948124648153556,0.8157158856608764,4.597543055207036
92cfc89eb9267c2c7a9f9d31,dependency-00001,dependency_graph,0,randomized_boundary,3,20.35058159294652,24.948124648153556,0.8157158856608764,4.597543055207036
d6c8f9b738a7e327beda3066,dependency-00001,dependency_graph,1,observed,0,47.774032366977686,54.094612030028095,0.8831569462122801,6.320579663050409
d6c8f9b738a7e327beda3066,dependency-00001,dependency_graph,1,temporal_shuffle,0,1.9645884026428484,54.09461203002804,0.03631763550780808,52.13002362738519
d6c8f9b738a7e327beda3066,dependency-00001,dependency_graph,1,temporal_shuffle,1,5.504116129328011,54.094612030028046,0.10174980322019249,48.590495900700034
d6c8f9b738a7e327beda3066,dependency-00001,dependency_graph,1,temporal_shuffle,2,3.1384486995885217,54.094612030028046,0.05801776890175978,50.95616333043952
d6c8f9b738a7e327beda3066,dependency-00001,dependency_graph,1,temporal_shuffle,3,3.4779513864116622,54.094612030028046,0.0642938595156398,50.616660643616385
d6c8f9b738a7e327beda3066,dependency-00001,dependency_graph,1,phase_randomized,0,47.774032366977686,54.094612030028095,0.8831569462122801,6.320579663050411
d6c8f9b738a7e327beda3066,dependency-00001,dependency_graph,1,phase_randomized,1,47.77403236697769,54.0946120300281,0.8831569462122801,6.320579663050412
d6c8f9b738a7e327beda3066,dependency-00001,dependency_graph,1,phase_randomized,2,47.77403236697769,54.0946120300281,0.8831569462122801,6.320579663050411
d6c8f9b738a7e327beda3066,dependency-00001,dependency_graph,1,phase_randomized,3,47.77403236697769,54.0946120300281,0.8831569462122801,6.320579663050411
d6c8f9b738a7e327beda3066,dependency-00001,dependency_graph,1,gaussian_random_walk,0,32.92897509056749,57.025453328687526,0.5774434602171249,24.096478238120035
d6c8f9b738a7e327beda3066,dependency-00001,dependency_graph,1,gaussian_random_walk,1,44.11959073985087,71.8382537301201,0.6141517708044253,27.718662990269223
d6c8f9b738a7e327beda3066,dependency-00001,dependency_graph,1,gaussian_random_walk,2,48.64883185289702,73.29996363859578,0.6636951703381362,24.651131785698773
d6c8f9b738a7e327beda3066,dependency-00001,dependency_graph,1,gaussian_random_walk,3,38.97888930155808,61.248212443104165,0.636408602745216,22.26932314154609
d6c8f9b738a7e327beda3066,dependency-00001,dependency_graph,1,matched_linear_drift,0,3.493808242386445,40.19654968444434,0.08691811286824236,36.7027414420579
d6c8f9b738a7e327beda3066,dependency-00001,dependency_graph,1,matched_linear_drift,1,5.679945356680739,38.49214420656962,0.14756115757540259,32.81219884988888
d6c8f9b738a7e327beda3066,dependency-00001,dependency_graph,1,matched_linear_drift,2,4.291318470657674,38.161547767174966,0.1124513737450894,33.870229296517294
d6c8f9b738a7e327beda3066,dependency-00001,dependency_graph,1,matched_linear_drift,3,3.9652527957132317,37.127485207245876,0.1068010066822238,33.16223241153264
d6c8f9b738a7e327beda3066,dependency-00001,dependency_graph,1,polynomial_trend,0,18.583555036300403,27.3155061101264,0.6803298815470642,8.731951073825996
d6c8f9b738a7e327beda3066,dependency-00001,dependency_graph,1,polynomial_trend,1,16.598535938121866,25.146863756103162,0.6600638592195573,8.548327817981296
d6c8f9b738a7e327beda3066,dependency-00001,dependency_graph,1,polynomial_trend,2,22.09618973462361,33.575947009928726,0.6580958007852931,11.479757275305111
d6c8f9b738a7e327beda3066,dependency-00001,dependency_graph,1,polynomial_trend,3,23.0843921868871,33.71519042329116,0.6846881745902855,10.63079823640406
d6c8f9b738a7e327beda3066,dependency-00001,dependency_graph,1,matched_ar1,0,14.518197276427417,29.411532799780716,0.4936225995176851,14.8933355233533
d6c8f9b738a7e327beda3066,dependency-00001,dependency_graph,1,matched_ar1,1,20.67488599720453,37.84144870206295,0.5463555626525849,17.166562704858418
d6c8f9b738a7e327beda3066,dependency-00001,dependency_graph,1,matched_ar1,2,15.278629886977711,30.14454701309681,0.5068455624939281,14.865917126119097
d6c8f9b738a7e327beda3066,dependency-00001,dependency_graph,1,matched_ar1,3,16.033963035720863,28.61083717878269,0.5604157241372643,12.576874143061826
d6c8f9b738a7e327beda3066,dependency-00001,dependency_graph,1,randomized_boundary,0,47.77403236697769,54.0946120300281,0.8831569462122801,6.320579663050411
d6c8f9b738a7e327beda3066,dependency-00001,dependency_graph,1,randomized_boundary,1,47.77403236697768,54.09461203002809,0.8831569462122801,6.320579663050408
d6c8f9b738a7e327beda3066,dependency-00001,dependency_graph,1,randomized_boundary,2,47.77403236697768,54.09461203002809,0.8831569462122801,6.320579663050411
d6c8f9b738a7e327beda3066,dependency-00001,dependency_graph,1,randomized_boundary,3,47.77403236697768,54.09461203002809,0.8831569462122801,6.320579663050413
0692e149ed7485f175ad30ad,dependency-00001,dependency_graph,2,observed,0,80.46776913520011,89.3796451336135,0.900291884297694,8.911875998413377
0692e149ed7485f175ad30ad,dependency-00001,dependency_graph,2,temporal_shuffle,0,5.647795975842223,89.3796451336134,0.06318883866007018,83.73184915777117
0692e149ed7485f175ad30ad,dependency-00001,dependency_graph,2,temporal_shuffle,1,15.438139606921675,89.37964513361341,0.17272545201811038,73.94150552669173
0692e149ed7485f175ad30ad,dependency-00001,dependency_graph,2,temporal_shuffle,2,2.225299193813859,89.37964513361338,0.0248971585251571,87.15434593979953
0692e149ed7485f175ad30ad,dependency-00001,dependency_graph,2,temporal_shuffle,3,8.777243673500273,89.3796451336134,0.09820181832652383,80.60240146011311
0692e149ed7485f175ad30ad,dependency-00001,dependency_graph,2,phase_randomized,0,80.46776913520011,89.3796451336135,0.900291884297694,8.911875998413382
0692e149ed7485f175ad30ad,dependency-00001,dependency_graph,2,phase_randomized,1,80.46776913520011,89.3796451336135,0.900291884297694,8.911875998413384
0692e149ed7485f175ad30ad,dependency-00001,dependency_graph,2,phase_randomized,2,80.46776913520011,89.3796451336135,0.900291884297694,8.911875998413382
0692e149ed7485f175ad30ad,dependency-00001,dependency_graph,2,phase_randomized,3,80.46776913520011,89.3796451336135,0.900291884297694,8.911875998413382
0692e149ed7485f175ad30ad,dependency-00001,dependency_graph,2,gaussian_random_walk,0,50.07201879566179,85.50982754890116,0.5855703400527469,35.437808753239366
0692e149ed7485f175ad30ad,dependency-00001,dependency_graph,2,gaussian_random_walk,1,51.184180600279596,81.21627912383805,0.6302207039334354,30.03209852355845
0692e149ed7485f175ad30ad,dependency-00001,dependency_graph,2,gaussian_random_walk,2,67.0207341476004,95.09006844485336,0.7048131865260826,28.069334297252958
0692e149ed7485f175ad30ad,dependency-00001,dependency_graph,2,gaussian_random_walk,3,42.19731651612007,79.04387532015375,0.5338467571991762,36.84655880403368
0692e149ed7485f175ad30ad,dependency-00001,dependency_graph,2,matched_linear_drift,0,5.769577278982467,63.2125718647851,0.09127262360601125,57.44299458580263
0692e149ed7485f175ad30ad,dependency-00001,dependency_graph,2,matched_linear_drift,1,7.378398245072981,62.25918593217332,0.11851099776844479,54.88078768710034
0692e149ed7485f175ad30ad,dependency-00001,dependency_graph,2,matched_linear_drift,2,6.596378542409621,62.971232848998895,0.10475225343336261,56.37485430658927
0692e149ed7485f175ad30ad,dependency-00001,dependency_graph,2,matched_linear_drift,3,7.072710169528488,64.00838210032171,0.1104966246208704,56.93567193079322
0692e149ed7485f175ad30ad,dependency-00001,dependency_graph,2,polynomial_trend,0,48.62973569027372,76.09088240647576,0.6391006931749691,27.461146716202034
0692e149ed7485f175ad30ad,dependency-00001,dependency_graph,2,polynomial_trend,1,23.217366724803625,34.50589266225813,0.672852227068982,11.288525937454503
0692e149ed7485f175ad30ad,dependency-00001,dependency_graph,2,polynomial_trend,2,14.89386924286436,22.100749541273956,0.6739078787825507,7.206880298409596
0692e149ed7485f175ad30ad,dependency-00001,dependency_graph,2,polynomial_trend,3,27.27185645103298,37.60641048347826,0.725191692065756,10.334554032445276
0692e149ed7485f175ad30ad,dependency-00001,dependency_graph,2,matched_ar1,0,30.99535850312558,54.95808402074793,0.5639817882192568,23.962725517622353
0692e149ed7485f175ad30ad,dependency-00001,dependency_graph,2,matched_ar1,1,23.759512985657494,42.8072446977674,0.5550348580808487,19.04773171210991
0692e149ed7485f175ad30ad,dependency-00001,dependency_graph,2,matched_ar1,2,32.75920516104554,59.36294848711876,0.5518459914125392,26.603743326073214
0692e149ed7485f175ad30ad,dependency-00001,dependency_graph,2,matched_ar1,3,21.448538402411188,41.9734216770096,0.5110028571761485,20.52488327459841
0692e149ed7485f175ad30ad,dependency-00001,dependency_graph,2,randomized_boundary,0,80.4677691352001,89.37964513361348,0.900291884297694,8.911875998413382
0692e149ed7485f175ad30ad,dependency-00001,dependency_graph,2,randomized_boundary,1,80.46776913520011,89.3796451336135,0.900291884297694,8.911875998413382
0692e149ed7485f175ad30ad,dependency-00001,dependency_graph,2,randomized_boundary,2,80.46776913520009,89.37964513361347,0.900291884297694,8.911875998413379
0692e149ed7485f175ad30ad,dependency-00001,dependency_graph,2,randomized_boundary,3,80.4677691352001,89.37964513361348,0.900291884297694,8.911875998413379
78b11472f5674e973e4c4f17,dependency-00001,dependency_graph,3,observed,0,122.1346154356754,133.63000759117082,0.913975967204428,11.495392155495422
78b11472f5674e973e4c4f17,dependency-00001,dependency_graph,3,temporal_shuffle,0,6.9769129298682255,133.63000759117068,0.052210675249031495,126.65309466130245
78b11472f5674e973e4c4f17,dependency-00001,dependency_graph,3,temporal_shuffle,1,2.386343024169835,133.63000759117068,0.017857837975065023,131.24366456700085
78b11472f5674e973e4c4f17,dependency-00001,dependency_graph,3,temporal_shuffle,2,3.932023368824252,133.63000759117068,0.029424703625355868,129.69798422234643
78b11472f5674e973e4c4f17,dependency-00001,dependency_graph,3,temporal_shuffle,3,7.758929818880633,133.63000759117068,0.058062780648927295,125.87107777229005
78b11472f5674e973e4c4f17,dependency-00001,dependency_graph,3,phase_randomized,0,122.13461543567539,133.63000759117082,0.9139759672044279,11.49539215549543
78b11472f5674e973e4c4f17,dependency-00001,dependency_graph,3,phase_randomized,1,122.1346154356754,133.63000759117082,0.913975967204428,11.495392155495429
78b11472f5674e973e4c4f17,dependency-00001,dependency_graph,3,phase_randomized,2,122.13461543567541,133.63000759117085,0.9139759672044279,11.495392155495427
78b11472f5674e973e4c4f17,dependency-00001,dependency_graph,3,phase_randomized,3,122.13461543567539,133.63000759117082,0.9139759672044279,11.495392155495427
78b11472f5674e973e4c4f17,dependency-00001,dependency_graph,3,gaussian_random_walk,0,96.30551506110957,139.08905045862804,0.6924018443116455,42.78353539751848
78b11472f5674e973e4c4f17,dependency-00001,dependency_graph,3,gaussian_random_walk,1,64.11822165050935,105.30980992074524,0.6088532654152911,41.19158827023588
78b11472f5674e973e4c4f17,dependency-00001,dependency_graph,3,gaussian_random_walk,2,86.65990574955154,143.78583174101618,0.6027012863523398,57.12592599146463
78b11472f5674e973e4c4f17,dependency-00001,dependency_graph,3,gaussian_random_walk,3,62.81462415560381,108.53907742679361,0.5787281930599641,45.7244532711898
78b11472f5674e973e4c4f17,dependency-00001,dependency_graph,3,matched_linear_drift,0,9.410434735371169,102.94747294642572,0.09141006054872661,93.53703821105455
78b11472f5674e973e4c4f17,dependency-00001,dependency_graph,3,matched_linear_drift,1,6.25542059552643,87.7520767399855,0.07128515731954248,81.49665614445907
78b11472f5674e973e4c4f17,dependency-00001,dependency_graph,3,matched_linear_drift,2,10.187137465815205,108.46231381265736,0.09392329102817262,98.27517634684216
78b11472f5674e973e4c4f17,dependency-00001,dependency_graph,3,matched_linear_drift,3,9.408271607972106,106.97443149450787,0.0879487881032126,97.56615988653576
78b11472f5674e973e4c4f17,dependency-00001,dependency_graph,3,polynomial_trend,0,32.93064953965562,47.97764686371322,0.6863748368735014,15.046997324057596
78b11472f5674e973e4c4f17,dependency-00001,dependency_graph,3,polynomial_trend,1,30.793134449907555,42.71965647062426,0.7208188687351019,11.926522020716707
78b11472f5674e973e4c4f17,dependency-00001,dependency_graph,3,polynomial_trend,2,29.469537128777603,43.871075913389035,0.6717304400502241,14.401538784611432
78b11472f5674e973e4c4f17,dependency-00001,dependency_graph,3,polynomial_trend,3,47.89111364623565,69.8660018062327,0.685470935907532,21.97488815999705
78b11472f5674e973e4c4f17,dependency-00001,dependency_graph,3,matched_ar1,0,36.92300773980463,65.1767822097004,0.566505532921343,28.253774469895767
78b11472f5674e973e4c4f17,dependency-00001,dependency_graph,3,matched_ar1,1,33.44010894483699,60.29044919330237,0.5546501874222531,26.85034024846538
78b11472f5674e973e4c4f17,dependency-00001,dependency_graph,3,matched_ar1,2,40.12536399597847,68.26567871268695,0.5877823930361261,28.140314716708478
78b11472f5674e973e4c4f17,dependency-00001,dependency_graph,3,matched_ar1,3,35.278132686696964,61.85614913489038,0.570325394970281,26.578016448193416
78b11472f5674e973e4c4f17,dependency-00001,dependency_graph,3,randomized_boundary,0,122.13461543567536,133.6300075911708,0.9139759672044278,11.49539215549543
78b11472f5674e973e4c4f17,dependency-00001,dependency_graph,3,randomized_boundary,1,122.13461543567539,133.63000759117082,0.9139759672044279,11.49539215549543
78b11472f5674e973e4c4f17,dependency-00001,dependency_graph,3,randomized_boundary,2,122.13461543567539,133.63000759117082,0.9139759672044279,11.49539215549543
78b11472f5674e973e4c4f17,dependency-00001,dependency_graph,3,randomized_boundary,3,122.13461543567539,133.6300075911708,0.913975967204428,11.495392155495422
7849bdfe4a71d1fd0bf8a45f,iterative-00002,iterative_state_machine,0,observed,0,20.538528553591924,25.925467668652193,0.7922143899616556,5.386939115060269
7849bdfe4a71d1fd0bf8a45f,iterative-00002,iterative_state_machine,0,temporal_shuffle,0,2.3421737103372533,25.925467668652185,0.09034258283291437,23.583293958314933
7849bdfe4a71d1fd0bf8a45f,iterative-00002,iterative_state_machine,0,temporal_shuffle,1,0.33987173755828387,25.925467668652185,0.013109570168689386,25.585595931093902
7849bdfe4a71d1fd0bf8a45f,iterative-00002,iterative_state_machine,0,temporal_shuffle,2,2.010596321067614,25.925467668652185,0.0775529431817629,23.914871347584572
7849bdfe4a71d1fd0bf8a45f,iterative-00002,iterative_state_machine,0,temporal_shuffle,3,0.7414212767100636,25.925467668652185,0.028598183307086654,25.184046391942122
7849bdfe4a71d1fd0bf8a45f,iterative-00002,iterative_state_machine,0,phase_randomized,0,20.53852855359192,25.92546766865219,0.7922143899616556,5.386939115060267
7849bdfe4a71d1fd0bf8a45f,iterative-00002,iterative_state_machine,0,phase_randomized,1,20.53852855359192,25.92546766865219,0.7922143899616556,5.386939115060267
7849bdfe4a71d1fd0bf8a45f,iterative-00002,iterative_state_machine,0,phase_randomized,2,20.538528553591924,25.925467668652193,0.7922143899616556,5.386939115060268
7849bdfe4a71d1fd0bf8a45f,iterative-00002,iterative_state_machine,0,phase_randomized,3,20.538528553591924,25.925467668652193,0.7922143899616556,5.386939115060268
7849bdfe4a71d1fd0bf8a45f,iterative-00002,iterative_state_machine,0,gaussian_random_walk,0,26.557025619187975,46.02721082127696,0.576985334225629,19.470185202088985
7849bdfe4a71d1fd0bf8a45f,iterative-00002,iterative_state_machine,0,gaussian_random_walk,1,39.71630791386164,66.37814998333525,0.5983340590816817,26.6618420694736
7849bdfe4a71d1fd0bf8a45f,iterative-00002,iterative_state_machine,0,gaussian_random_walk,2,38.48202600219619,60.25788138724078,0.6386222866830581,21.775855385044586
7849bdfe4a71d1fd0bf8a45f,iterative-00002,iterative_state_machine,0,gaussian_random_walk,3,32.794118809579246,53.08597968963442,0.6177548008214047,20.291860880055175
7849bdfe4a71d1fd0bf8a45f,iterative-00002,iterative_state_machine,0,matched_linear_drift,0,2.671825617835778,20.60377955838197,0.12967648048577737,17.93195394054619
7849bdfe4a71d1fd0bf8a45f,iterative-00002,iterative_state_machine,0,matched_linear_drift,1,1.8579707824980045,19.85416177432383,0.09358092291263609,17.996190991825827
7849bdfe4a71d1fd0bf8a45f,iterative-00002,iterative_state_machine,0,matched_linear_drift,2,1.9699625793443545,19.90085076760097,0.09898886245363427,17.930888188256617
7849bdfe4a71d1fd0bf8a45f,iterative-00002,iterative_state_machine,0,matched_linear_drift,3,1.8943015116188353,18.63701627052251,0.10164188752761799,16.742714758903674
7849bdfe4a71d1fd0bf8a45f,iterative-00002,iterative_state_machine,0,polynomial_trend,0,7.2482945464391815,10.440089362885947,0.6942751440621328,3.191794816446766
7849bdfe4a71d1fd0bf8a45f,iterative-00002,iterative_state_machine,0,polynomial_trend,1,8.125910990356825,11.963172299570981,0.6792438315586438,3.8372613092141554
7849bdfe4a71d1fd0bf8a45f,iterative-00002,iterative_state_machine,0,polynomial_trend,2,8.57791406778647,13.082760457315377,0.6556654534624632,4.504846389528907
7849bdfe4a71d1fd0bf8a45f,iterative-00002,iterative_state_machine,0,polynomial_trend,3,6.863447205832645,9.789168353719742,0.701126690013931,2.925721147887097
7849bdfe4a71d1fd0bf8a45f,iterative-00002,iterative_state_machine,0,matched_ar1,0,7.486496873821145,18.362657631361333,0.40770225226195245,10.876160757540188
7849bdfe4a71d1fd0bf8a45f,iterative-00002,iterative_state_machine,0,matched_ar1,1,7.641205439324928,19.375776268340708,0.3943689962920542,11.73457082901578
7849bdfe4a71d1fd0bf8a45f,iterative-00002,iterative_state_machine,0,matched_ar1,2,8.767122625155523,22.523819420304513,0.38923783136230605,13.756696795148988
7849bdfe4a71d1fd0bf8a45f,iterative-00002,iterative_state_machine,0,matched_ar1,3,6.453422026326798,18.03973013391815,0.3577338451528788,11.586308107591353
7849bdfe4a71d1fd0bf8a45f,iterative-00002,iterative_state_machine,0,randomized_boundary,0,20.538528553591924,25.925467668652193,0.7922143899616556,5.386939115060269
7849bdfe4a71d1fd0bf8a45f,iterative-00002,iterative_state_machine,0,randomized_boundary,1,20.538528553591924,25.925467668652193,0.7922143899616556,5.386939115060269
7849bdfe4a71d1fd0bf8a45f,iterative-00002,iterative_state_machine,0,randomized_boundary,2,20.538528553591924,25.92546766865219,0.7922143899616557,5.386939115060267
7849bdfe4a71d1fd0bf8a45f,iterative-00002,iterative_state_machine,0,randomized_boundary,3,20.53852855359193,25.9254676686522,0.7922143899616557,5.386939115060268
86296e6c0b54e27eb0ffc7c5,iterative-00002,iterative_state_machine,1,observed,0,46.31267810206985,54.66175670562917,0.8472592337541995,8.349078603559317
86296e6c0b54e27eb0ffc7c5,iterative-00002,iterative_state_machine,1,temporal_shuffle,0,1.894630429753442,54.66175670562915,0.03466098683868918,52.76712627587571
86296e6c0b54e27eb0ffc7c5,iterative-00002,iterative_state_machine,1,temporal_shuffle,1,1.7174632228251547,54.66175670562915,0.031419832188603766,52.944293482804
86296e6c0b54e27eb0ffc7c5,iterative-00002,iterative_state_machine,1,temporal_shuffle,2,1.6997446317664693,54.66175670562915,0.0310956825065124,52.96201207386268
86296e6c0b54e27eb0ffc7c5,iterative-00002,iterative_state_machine,1,temporal_shuffle,3,1.997145860291607,54.66175670562916,0.036536437550788364,52.66461084533755
86296e6c0b54e27eb0ffc7c5,iterative-00002,iterative_state_machine,1,phase_randomized,0,46.31267810206985,54.66175670562917,0.8472592337541995,8.349078603559319
86296e6c0b54e27eb0ffc7c5,iterative-00002,iterative_state_machine,1,phase_randomized,1,46.31267810206984,54.66175670562916,0.8472592337541995,8.349078603559319
86296e6c0b54e27eb0ffc7c5,iterative-00002,iterative_state_machine,1,phase_randomized,2,46.31267810206984,54.66175670562916,0.8472592337541995,8.349078603559317
86296e6c0b54e27eb0ffc7c5,iterative-00002,iterative_state_machine,1,phase_randomized,3,46.31267810206984,54.66175670562916,0.8472592337541995,8.34907860355932
86296e6c0b54e27eb0ffc7c5,iterative-00002,iterative_state_machine,1,gaussian_random_walk,0,46.39376794284346,73.22732267553235,0.6335581617316884,26.833554732688896
86296e6c0b54e27eb0ffc7c5,iterative-00002,iterative_state_machine,1,gaussian_random_walk,1,38.32571161048455,69.33003609447086,0.5528009758751743,31.00432448398631
86296e6c0b54e27eb0ffc7c5,iterative-00002,iterative_state_machine,1,gaussian_random_walk,2,42.33529139835116,79.71078927943645,0.5311111805697888,37.375497881085295
86296e6c0b54e27eb0ffc7c5,iterative-00002,iterative_state_machine,1,gaussian_random_walk,3,76.1332000117142,114.68968726432755,0.6638190566885803,38.55648725261335
86296e6c0b54e27eb0ffc7c5,iterative-00002,iterative_state_machine,1,matched_linear_drift,0,3.5951231802719716,36.94402835281612,0.09731270087653902,33.34890517254415
86296e6c0b54e27eb0ffc7c5,iterative-00002,iterative_state_machine,1,matched_linear_drift,1,5.352438407550988,39.50958627876173,0.1354718920564394,34.15714787121074
86296e6c0b54e27eb0ffc7c5,iterative-00002,iterative_state_machine,1,matched_linear_drift,2,3.298306239911276,37.56199073798299,0.08780967608769473,34.26368449807171
86296e6c0b54e27eb0ffc7c5,iterative-00002,iterative_state_machine,1,matched_linear_drift,3,5.0447376545884435,38.4561927201475,0.1311814118287759,33.41145506555905
86296e6c0b54e27eb0ffc7c5,iterative-00002,iterative_state_machine,1,polynomial_trend,0,9.466617065272548,13.780517117582889,0.6869565912874102,4.313900052310341
86296e6c0b54e27eb0ffc7c5,iterative-00002,iterative_state_machine,1,polynomial_trend,1,15.764836782938975,22.478163959638824,0.7013400565653798,6.713327176699849
86296e6c0b54e27eb0ffc7c5,iterative-00002,iterative_state_machine,1,polynomial_trend,2,16.98934634200971,26.162678800698004,0.6493733486326502,9.173332458688295
86296e6c0b54e27eb0ffc7c5,iterative-00002,iterative_state_machine,1,polynomial_trend,3,18.50208105230042,26.427572453873967,0.7001052058259795,7.92549140157355
86296e6c0b54e27eb0ffc7c5,iterative-00002,iterative_state_machine,1,matched_ar1,0,11.763602280415654,28.72632643868512,0.40950597374587605,16.962724158269467
86296e6c0b54e27eb0ffc7c5,iterative-00002,iterative_state_machine,1,matched_ar1,1,15.002754658123088,35.05568745866378,0.42796920402184996,20.052932800540695
86296e6c0b54e27eb0ffc7c5,iterative-00002,iterative_state_machine,1,matched_ar1,2,15.614766632210149,36.04904111862311,0.4331534528429796,20.43427448641296
86296e6c0b54e27eb0ffc7c5,iterative-00002,iterative_state_machine,1,matched_ar1,3,20.83942576679288,39.15364575141034,0.532247390169081,18.31421998461746
86296e6c0b54e27eb0ffc7c5,iterative-00002,iterative_state_machine,1,randomized_boundary,0,46.312678102069846,54.661756705629166,0.8472592337541995,8.349078603559322
86296e6c0b54e27eb0ffc7c5,iterative-00002,iterative_state_machine,1,randomized_boundary,1,46.312678102069846,54.661756705629166,0.8472592337541995,8.34907860355932
86296e6c0b54e27eb0ffc7c5,iterative-00002,iterative_state_machine,1,randomized_boundary,2,46.31267810206985,54.66175670562917,0.8472592337541995,8.349078603559322
86296e6c0b54e27eb0ffc7c5,iterative-00002,iterative_state_machine,1,randomized_boundary,3,46.31267810206985,54.66175670562917,0.8472592337541995,8.349078603559317
dcaaa622780ee454bd9a83db,iterative-00002,iterative_state_machine,2,observed,0,80.18351507559873,91.38608650939963,0.8774149122509076,11.202571433800896
dcaaa622780ee454bd9a83db,iterative-00002,iterative_state_machine,2,temporal_shuffle,0,3.529511555546005,91.3860865093996,0.038621979453983664,87.8565749538536
dcaaa622780ee454bd9a83db,iterative-00002,iterative_state_machine,2,temporal_shuffle,1,2.08766338032434,91.3860865093996,0.02284443354634309,89.29842312907526
dcaaa622780ee454bd9a83db,iterative-00002,iterative_state_machine,2,temporal_shuffle,2,8.595245795178634,91.3860865093996,0.09405420588061358,82.79084071422096
dcaaa622780ee454bd9a83db,iterative-00002,iterative_state_machine,2,temporal_shuffle,3,6.507503209440851,91.3860865093996,0.0712089056223183,84.87858329995875
dcaaa622780ee454bd9a83db,iterative-00002,iterative_state_machine,2,phase_randomized,0,80.18351507559872,91.38608650939962,0.8774149122509076,11.202571433800898
dcaaa622780ee454bd9a83db,iterative-00002,iterative_state_machine,2,phase_randomized,1,80.18351507559873,91.38608650939963,0.8774149122509076,11.202571433800898
dcaaa622780ee454bd9a83db,iterative-00002,iterative_state_machine,2,phase_randomized,2,80.1835150755987,91.3860865093996,0.8774149122509076,11.202571433800898
dcaaa622780ee454bd9a83db,iterative-00002,iterative_state_machine,2,phase_randomized,3,80.1835150755987,91.3860865093996,0.8774149122509076,11.202571433800898
dcaaa622780ee454bd9a83db,iterative-00002,iterative_state_machine,2,gaussian_random_walk,0,53.5093502249304,87.51664249841976,0.6114191392328219,34.007292273489355
dcaaa622780ee454bd9a83db,iterative-00002,iterative_state_machine,2,gaussian_random_walk,1,75.68219460350858,120.79281067411105,0.6265455218828614,45.110616070602475
dcaaa622780ee454bd9a83db,iterative-00002,iterative_state_machine,2,gaussian_random_walk,2,72.01228952656996,114.94987239484352,0.6264668940145802,42.937582868273566
dcaaa622780ee454bd9a83db,iterative-00002,iterative_state_machine,2,gaussian_random_walk,3,83.91870816695825,134.11173098996596,0.625737268078636,50.19302282300772
dcaaa622780ee454bd9a83db,iterative-00002,iterative_state_machine,2,matched_linear_drift,0,5.517554339162773,61.60110932124472,0.08956907432282073,56.08355498208195
dcaaa622780ee454bd9a83db,iterative-00002,iterative_state_machine,2,matched_linear_drift,1,4.349677091458592,61.990027948911475,0.0701673678070179,57.64035085745288
dcaaa622780ee454bd9a83db,iterative-00002,iterative_state_machine,2,matched_linear_drift,2,4.896632717488185,67.58277077099112,0.0724538615630419,62.68613805350293
dcaaa622780ee454bd9a83db,iterative-00002,iterative_state_machine,2,matched_linear_drift,3,5.020281631178001,65.6682538317913,0.076449141529443,60.64797220061331
dcaaa622780ee454bd9a83db,iterative-00002,iterative_state_machine,2,polynomial_trend,0,24.422431124995057,36.307044797963826,0.6726637009676072,11.884613672968769
dcaaa622780ee454bd9a83db,iterative-00002,iterative_state_machine,2,polynomial_trend,1,19.755038530212726,29.35124852625373,0.6730561567949143,9.596209996041004
dcaaa622780ee454bd9a83db,iterative-00002,iterative_state_machine,2,polynomial_trend,2,19.408355708454785,27.279496473191273,0.711463121305344,7.871140764736487
dcaaa622780ee454bd9a83db,iterative-00002,iterative_state_machine,2,polynomial_trend,3,44.56362708993514,64.84759843111613,0.6872055121250561,20.28397134118098
dcaaa622780ee454bd9a83db,iterative-00002,iterative_state_machine,2,matched_ar1,0,29.50528410676779,56.695205404094395,0.5204193881381897,27.18992129732661
dcaaa622780ee454bd9a83db,iterative-00002,iterative_state_machine,2,matched_ar1,1,30.775136732786805,58.50453451891477,0.5260299391466327,27.729397786127965
dcaaa622780ee454bd9a83db,iterative-00002,iterative_state_machine,2,matched_ar1,2,27.118686263981303,50.40355725515887,0.5380311974152513,23.28487099117757
dcaaa622780ee454bd9a83db,iterative-00002,iterative_state_machine,2,matched_ar1,3,23.40574211829488,50.4965447759949,0.46351175554929314,27.090802657700017
dcaaa622780ee454bd9a83db,iterative-00002,iterative_state_machine,2,randomized_boundary,0,80.18351507559873,91.38608650939963,0.8774149122509076,11.202571433800895
dcaaa622780ee454bd9a83db,iterative-00002,iterative_state_machine,2,randomized_boundary,1,80.18351507559873,91.38608650939963,0.8774149122509076,11.202571433800898
dcaaa622780ee454bd9a83db,iterative-00002,iterative_state_machine,2,randomized_boundary,2,80.18351507559873,91.38608650939963,0.8774149122509076,11.202571433800895
dcaaa622780ee454bd9a83db,iterative-00002,iterative_state_machine,2,randomized_boundary,3,80.18351507559873,91.38608650939963,0.8774149122509076,11.202571433800902
1c3846135b6905e05e4675b9,iterative-00002,iterative_state_machine,3,observed,0,122.52388728086521,136.98639390334216,0.8944237729720681,14.46250662247696
1c3846135b6905e05e4675b9,iterative-00002,iterative_state_machine,3,temporal_shuffle,0,5.798641547250277,136.9863939033421,0.04233005470121223,131.18775235609183
1c3846135b6905e05e4675b9,iterative-00002,iterative_state_machine,3,temporal_shuffle,1,24.666140297211737,136.9863939033421,0.18006270253829892,112.32025360613038
1c3846135b6905e05e4675b9,iterative-00002,iterative_state_machine,3,temporal_shuffle,2,5.993387423684956,136.98639390334213,0.04375169863887286,130.99300647965717
1c3846135b6905e05e4675b9,iterative-00002,iterative_state_machine,3,temporal_shuffle,3,3.630105559029788,136.98639390334213,0.02649975268048298,133.35628834431233
1c3846135b6905e05e4675b9,iterative-00002,iterative_state_machine,3,phase_randomized,0,122.52388728086515,136.9863939033421,0.8944237729720681,14.462506622476962
1c3846135b6905e05e4675b9,iterative-00002,iterative_state_machine,3,phase_randomized,1,122.52388728086518,136.98639390334216,0.894423772972068,14.462506622476965
1c3846135b6905e05e4675b9,iterative-00002,iterative_state_machine,3,phase_randomized,2,122.52388728086515,136.9863939033421,0.8944237729720681,14.462506622476962
1c3846135b6905e05e4675b9,iterative-00002,iterative_state_machine,3,phase_randomized,3,122.52388728086515,136.9863939033421,0.8944237729720681,14.462506622476958
1c3846135b6905e05e4675b9,iterative-00002,iterative_state_machine,3,gaussian_random_walk,0,91.50595945886346,156.9320780697738,0.5830927658918711,65.42611861091035
1c3846135b6905e05e4675b9,iterative-00002,iterative_state_machine,3,gaussian_random_walk,1,51.712590322045315,96.70472782550134,0.5347472815947324,44.99213750345602
1c3846135b6905e05e4675b9,iterative-00002,iterative_state_machine,3,gaussian_random_walk,2,72.02765669083146,111.40219378562756,0.6465551013244413,39.37453709479609
1c3846135b6905e05e4675b9,iterative-00002,iterative_state_machine,3,gaussian_random_walk,3,82.38392148101897,127.34868273609368,0.6469161652165986,44.964761255074706
1c3846135b6905e05e4675b9,iterative-00002,iterative_state_machine,3,matched_linear_drift,0,8.26703988163538,100.16411461242632,0.08253494690811927,91.89707473079093
1c3846135b6905e05e4675b9,iterative-00002,iterative_state_machine,3,matched_linear_drift,1,7.368389790437144,97.67434673490128,0.07543833193413363,90.30595694446413
1c3846135b6905e05e4675b9,iterative-00002,iterative_state_machine,3,matched_linear_drift,2,8.537386564112637,96.46699972950648,0.08850059178839886,87.92961316539385
1c3846135b6905e05e4675b9,iterative-00002,iterative_state_machine,3,matched_linear_drift,3,8.948633440431276,92.47818989068007,0.09676479882456174,83.52955645024879
1c3846135b6905e05e4675b9,iterative-00002,iterative_state_machine,3,polynomial_trend,0,53.00607051499544,73.4764778107297,0.7214018975097771,20.470407295734255
1c3846135b6905e05e4675b9,iterative-00002,iterative_state_machine,3,polynomial_trend,1,29.41642821385951,42.74437048043671,0.6881942085759072,13.327942266577196
1c3846135b6905e05e4675b9,iterative-00002,iterative_state_machine,3,polynomial_trend,2,52.180406847112856,79.29493718906431,0.6580547093782065,27.114530341951465
1c3846135b6905e05e4675b9,iterative-00002,iterative_state_machine,3,polynomial_trend,3,26.940883415089463,35.49101431348771,0.7590902637248965,8.550130898398251
1c3846135b6905e05e4675b9,iterative-00002,iterative_state_machine,3,matched_ar1,0,39.55278955860791,71.21123095780982,0.5554290949139971,31.658441399201898
1c3846135b6905e05e4675b9,iterative-00002,iterative_state_machine,3,matched_ar1,1,37.34940679101241,72.2079490845058,0.5172478551814561,34.858542293493386
1c3846135b6905e05e4675b9,iterative-00002,iterative_state_machine,3,matched_ar1,2,33.40632835544187,64.51158084002293,0.517834595284272,31.10525248458106
1c3846135b6905e05e4675b9,iterative-00002,iterative_state_machine,3,matched_ar1,3,43.234131050985575,78.41384572152079,0.5513583813313713,35.17971467053521
1c3846135b6905e05e4675b9,iterative-00002,iterative_state_machine,3,randomized_boundary,0,122.52388728086518,136.98639390334213,0.8944237729720681,14.462506622476958
1c3846135b6905e05e4675b9,iterative-00002,iterative_state_machine,3,randomized_boundary,1,122.52388728086518,136.98639390334213,0.8944237729720681,14.462506622476964
1c3846135b6905e05e4675b9,iterative-00002,iterative_state_machine,3,randomized_boundary,2,122.52388728086521,136.98639390334216,0.8944237729720681,14.46250662247696
1c3846135b6905e05e4675b9,iterative-00002,iterative_state_machine,3,randomized_boundary,3,122.5238872808652,136.98639390334216,0.8944237729720681,14.462506622476962
7837d23e481ad0432ae4a655,ontology-00002,fictional_ontology,0,observed,0,20.990917961626614,26.97668684170329,0.7781132681266378,5.985768880076676
7837d23e481ad0432ae4a655,ontology-00002,fictional_ontology,0,temporal_shuffle,0,0.3416624362069757,26.976686841703298,0.012665099988438878,26.635024405496324
7837d23e481ad0432ae4a655,ontology-00002,fictional_ontology,0,temporal_shuffle,1,1.8839719535376906,26.9766868417033,0.06983703983341852,25.09271488816561
7837d23e481ad0432ae4a655,ontology-00002,fictional_ontology,0,temporal_shuffle,2,0.9417988490992948,26.9766868417033,0.034911583272834175,26.034887992604006
7837d23e481ad0432ae4a655,ontology-00002,fictional_ontology,0,temporal_shuffle,3,0.4492598109097452,26.9766868417033,0.01665363183944567,26.527427030793557
7837d23e481ad0432ae4a655,ontology-00002,fictional_ontology,0,phase_randomized,0,20.990917961626614,26.97668684170329,0.7781132681266378,5.985768880076675
7837d23e481ad0432ae4a655,ontology-00002,fictional_ontology,0,phase_randomized,1,20.990917961626614,26.97668684170329,0.7781132681266378,5.985768880076675
7837d23e481ad0432ae4a655,ontology-00002,fictional_ontology,0,phase_randomized,2,20.990917961626607,26.976686841703284,0.7781132681266377,5.985768880076675
7837d23e481ad0432ae4a655,ontology-00002,fictional_ontology,0,phase_randomized,3,20.990917961626607,26.976686841703284,0.7781132681266377,5.985768880076675
7837d23e481ad0432ae4a655,ontology-00002,fictional_ontology,0,gaussian_random_walk,0,26.045465911124744,48.30933815506056,0.539139365302946,22.26387224393582
7837d23e481ad0432ae4a655,ontology-00002,fictional_ontology,0,gaussian_random_walk,1,42.53457855136651,65.10454160268624,0.6533273640254232,22.569963051319732
7837d23e481ad0432ae4a655,ontology-00002,fictional_ontology,0,gaussian_random_walk,2,49.82646968463375,76.73244654846366,0.649353329991423,26.905976863829913
7837d23e481ad0432ae4a655,ontology-00002,fictional_ontology,0,gaussian_random_walk,3,35.06671148754059,62.12863252635732,0.5644211060442053,27.061921038816735
7837d23e481ad0432ae4a655,ontology-00002,fictional_ontology,0,matched_linear_drift,0,1.4707345221540336,17.95038280230778,0.08193332355925856,16.479648280153746
7837d23e481ad0432ae4a655,ontology-00002,fictional_ontology,0,matched_linear_drift,1,1.9038606125697748,17.577282473906855,0.1083137063647933,15.67342186133708
7837d23e481ad0432ae4a655,ontology-00002,fictional_ontology,0,matched_linear_drift,2,1.9930775829364293,18.788099849648876,0.10608191349236827,16.795022266712447
7837d23e481ad0432ae4a655,ontology-00002,fictional_ontology,0,matched_linear_drift,3,2.0048373776173563,18.83311227885236,0.10645279165401575,16.828274901235005
7837d23e481ad0432ae4a655,ontology-00002,fictional_ontology,0,polynomial_trend,0,6.156742583896217,9.101325786928076,0.6764665641064005,2.9445832030318595
7837d23e481ad0432ae4a655,ontology-00002,fictional_ontology,0,polynomial_trend,1,11.440026312093519,17.467679840342853,0.6549253487960067,6.027653528249333
7837d23e481ad0432ae4a655,ontology-00002,fictional_ontology,0,polynomial_trend,2,5.989736032668792,8.507139834780359,0.7040834109932598,2.5174038021115672
7837d23e481ad0432ae4a655,ontology-00002,fictional_ontology,0,polynomial_trend,3,5.196100880201461,7.79479347092245,0.666611745338077,2.5986925907209883
7837d23e481ad0432ae4a655,ontology-00002,fictional_ontology,0,matched_ar1,0,11.108822030889673,24.424871682476475,0.45481598328558065,13.316049651586802
7837d23e481ad0432ae4a655,ontology-00002,fictional_ontology,0,matched_ar1,1,7.909244632389884,22.642944453615847,0.34930283243824584,14.733699821225965
7837d23e481ad0432ae4a655,ontology-00002,fictional_ontology,0,matched_ar1,2,9.44143332072915,21.870904928483707,0.43168919400463585,12.429471607754557
7837d23e481ad0432ae4a655,ontology-00002,fictional_ontology,0,matched_ar1,3,7.696248624384207,20.758992894030815,0.3707428709895286,13.062744269646608
7837d23e481ad0432ae4a655,ontology-00002,fictional_ontology,0,randomized_boundary,0,20.990917961626614,26.97668684170329,0.7781132681266378,5.985768880076675
7837d23e481ad0432ae4a655,ontology-00002,fictional_ontology,0,randomized_boundary,1,20.99091796162661,26.976686841703284,0.7781132681266378,5.985768880076675
7837d23e481ad0432ae4a655,ontology-00002,fictional_ontology,0,randomized_boundary,2,20.990917961626614,26.97668684170329,0.7781132681266378,5.985768880076675
7837d23e481ad0432ae4a655,ontology-00002,fictional_ontology,0,randomized_boundary,3,20.990917961626614,26.97668684170329,0.7781132681266378,5.985768880076675
f3e43c169c764a0656c78eef,ontology-00002,fictional_ontology,1,observed,0,45.626501875259805,53.72840391337667,0.8492063517989644,8.10190203811686
f3e43c169c764a0656c78eef,ontology-00002,fictional_ontology,1,temporal_shuffle,0,2.907086831324704,53.728403913376695,0.05410707595207253,50.82131708205199
f3e43c169c764a0656c78eef,ontology-00002,fictional_ontology,1,temporal_shuffle,1,3.510681476045555,53.72840391337669,0.06534125751633403,50.21772243733113
f3e43c169c764a0656c78eef,ontology-00002,fictional_ontology,1,temporal_shuffle,2,4.1288188841114675,53.72840391337669,0.07684611087215865,49.59958502926522
f3e43c169c764a0656c78eef,ontology-00002,fictional_ontology,1,temporal_shuffle,3,2.980520102428298,53.728403913376695,0.05547382548779272,50.747883810948395
f3e43c169c764a0656c78eef,ontology-00002,fictional_ontology,1,phase_randomized,0,45.626501875259805,53.72840391337667,0.8492063517989644,8.10190203811686
f3e43c169c764a0656c78eef,ontology-00002,fictional_ontology,1,phase_randomized,1,45.62650187525979,53.72840391337665,0.8492063517989644,8.10190203811686
f3e43c169c764a0656c78eef,ontology-00002,fictional_ontology,1,phase_randomized,2,45.626501875259805,53.72840391337667,0.8492063517989644,8.10190203811686
f3e43c169c764a0656c78eef,ontology-00002,fictional_ontology,1,phase_randomized,3,45.62650187525979,53.72840391337665,0.8492063517989644,8.101902038116862
f3e43c169c764a0656c78eef,ontology-00002,fictional_ontology,1,gaussian_random_walk,0,50.28649979874794,79.32539757236077,0.6339268549253283,29.038897773612838
f3e43c169c764a0656c78eef,ontology-00002,fictional_ontology,1,gaussian_random_walk,1,42.92451222220117,71.33098172724135,0.6017653365032585,28.40646950504017
f3e43c169c764a0656c78eef,ontology-00002,fictional_ontology,1,gaussian_random_walk,2,71.59173333186513,111.90217725681615,0.639770691570743,40.31044392495102
f3e43c169c764a0656c78eef,ontology-00002,fictional_ontology,1,gaussian_random_walk,3,33.69703952985638,64.66118297480011,0.5211324318484687,30.96414344494373
f3e43c169c764a0656c78eef,ontology-00002,fictional_ontology,1,matched_linear_drift,0,3.6235997675251905,35.01371097940446,0.10349088017710095,31.390111211879265
f3e43c169c764a0656c78eef,ontology-00002,fictional_ontology,1,matched_linear_drift,1,3.490918734636357,34.29596834891007,0.10178802065366667,30.805049614273713
f3e43c169c764a0656c78eef,ontology-00002,fictional_ontology,1,matched_linear_drift,2,3.3899575065348406,35.689901846490834,0.09498366011528143,32.29994433995599
f3e43c169c764a0656c78eef,ontology-00002,fictional_ontology,1,matched_linear_drift,3,3.025359691832369,37.30385847493444,0.08110044953835532,34.278498783102066
f3e43c169c764a0656c78eef,ontology-00002,fictional_ontology,1,polynomial_trend,0,15.27990478094197,21.737288968443636,0.7029351637696886,6.457384187501665
f3e43c169c764a0656c78eef,ontology-00002,fictional_ontology,1,polynomial_trend,1,19.03864415457331,28.886785455831042,0.6590779781877806,9.848141301257733
f3e43c169c764a0656c78eef,ontology-00002,fictional_ontology,1,polynomial_trend,2,10.83762870590606,14.047383064532035,0.7715051733208428,3.209754358625975
f3e43c169c764a0656c78eef,ontology-00002,fictional_ontology,1,polynomial_trend,3,12.296965552445386,17.440715665382324,0.7050723025577069,5.143750112936939
f3e43c169c764a0656c78eef,ontology-00002,fictional_ontology,1,matched_ar1,0,16.576254380255897,35.94870523205786,0.461108523193034,19.372450851801965
f3e43c169c764a0656c78eef,ontology-00002,fictional_ontology,1,matched_ar1,1,10.941020979873674,30.965682966709288,0.35332729433535154,20.024661986835614
f3e43c169c764a0656c78eef,ontology-00002,fictional_ontology,1,matched_ar1,2,15.589391294246209,32.28871880971718,0.4828123217312244,16.699327515470976
f3e43c169c764a0656c78eef,ontology-00002,fictional_ontology,1,matched_ar1,3,14.606686623554442,31.104826103201827,0.46959550826908103,16.498139479647385
f3e43c169c764a0656c78eef,ontology-00002,fictional_ontology,1,randomized_boundary,0,45.626501875259805,53.72840391337667,0.8492063517989644,8.101902038116862
f3e43c169c764a0656c78eef,ontology-00002,fictional_ontology,1,randomized_boundary,1,45.626501875259805,53.72840391337667,0.8492063517989644,8.10190203811686
f3e43c169c764a0656c78eef,ontology-00002,fictional_ontology,1,randomized_boundary,2,45.626501875259805,53.72840391337667,0.8492063517989644,8.101902038116862
f3e43c169c764a0656c78eef,ontology-00002,fictional_ontology,1,randomized_boundary,3,45.626501875259805,53.72840391337667,0.8492063517989644,8.101902038116862
52fb4cff42ce2345a1f86567,ontology-00002,fictional_ontology,2,observed,0,81.83017539086735,92.71781658552435,0.8825722865829777,10.887641194656988
52fb4cff42ce2345a1f86567,ontology-00002,fictional_ontology,2,temporal_shuffle,0,3.850265013056758,92.71781658552437,0.04152670063692897,88.86755157246762
52fb4cff42ce2345a1f86567,ontology-00002,fictional_ontology,2,temporal_shuffle,1,10.147039352732005,92.71781658552439,0.10944001623865046,82.57077723279238
52fb4cff42ce2345a1f86567,ontology-00002,fictional_ontology,2,temporal_shuffle,2,2.949590086986362,92.71781658552437,0.031812549039758865,89.76822649853801
52fb4cff42ce2345a1f86567,ontology-00002,fictional_ontology,2,temporal_shuffle,3,2.058977803131814,92.71781658552437,0.022206927200799434,90.65883878239256
52fb4cff42ce2345a1f86567,ontology-00002,fictional_ontology,2,phase_randomized,0,81.83017539086731,92.7178165855243,0.8825722865829776,10.887641194656986
52fb4cff42ce2345a1f86567,ontology-00002,fictional_ontology,2,phase_randomized,1,81.83017539086734,92.71781658552433,0.8825722865829776,10.887641194656986
52fb4cff42ce2345a1f86567,ontology-00002,fictional_ontology,2,phase_randomized,2,81.83017539086734,92.71781658552433,0.8825722865829776,10.887641194656986
52fb4cff42ce2345a1f86567,ontology-00002,fictional_ontology,2,phase_randomized,3,81.83017539086734,92.71781658552433,0.8825722865829776,10.887641194656988
52fb4cff42ce2345a1f86567,ontology-00002,fictional_ontology,2,gaussian_random_walk,0,71.71633531997216,111.5334772201603,0.643002774659383,39.81714190018813
52fb4cff42ce2345a1f86567,ontology-00002,fictional_ontology,2,gaussian_random_walk,1,73.9958131907922,113.72878120670359,0.6506340119507992,39.73296801591138
52fb4cff42ce2345a1f86567,ontology-00002,fictional_ontology,2,gaussian_random_walk,2,42.421267439073894,81.66572674231148,0.5194500695858645,39.24445930323759
52fb4cff42ce2345a1f86567,ontology-00002,fictional_ontology,2,gaussian_random_walk,3,54.064996187525324,93.4377291854709,0.5786206135233449,39.372732997945576
52fb4cff42ce2345a1f86567,ontology-00002,fictional_ontology,2,matched_linear_drift,0,7.655212946922153,60.07559839023766,0.12742632869331738,52.4203854433155
52fb4cff42ce2345a1f86567,ontology-00002,fictional_ontology,2,matched_linear_drift,1,6.69387390805173,58.04457951488395,0.11532298044015063,51.35070560683222
52fb4cff42ce2345a1f86567,ontology-00002,fictional_ontology,2,matched_linear_drift,2,4.676338539123778,62.54254801290017,0.07477051523643113,57.866209473776394
52fb4cff42ce2345a1f86567,ontology-00002,fictional_ontology,2,matched_linear_drift,3,6.184957913476854,63.41337755125777,0.09753396132349962,57.22841963778092
52fb4cff42ce2345a1f86567,ontology-00002,fictional_ontology,2,polynomial_trend,0,34.602648974773345,52.395425487150376,0.6604135504779785,17.79277651237703
52fb4cff42ce2345a1f86567,ontology-00002,fictional_ontology,2,polynomial_trend,1,26.656746181739454,37.27345483241418,0.7151670351350929,10.616708650674726
52fb4cff42ce2345a1f86567,ontology-00002,fictional_ontology,2,polynomial_trend,2,32.180926276258774,43.16312370624832,0.7455652768615596,10.982197429989549
52fb4cff42ce2345a1f86567,ontology-00002,fictional_ontology,2,polynomial_trend,3,54.0830569506941,83.19658018519661,0.6500634621075115,29.11352323450251
52fb4cff42ce2345a1f86567,ontology-00002,fictional_ontology,2,matched_ar1,0,24.912201890650714,43.13847371648804,0.5774938180329957,18.22627182583733
52fb4cff42ce2345a1f86567,ontology-00002,fictional_ontology,2,matched_ar1,1,27.636232468230702,49.08402159273235,0.5630392859317517,21.447789124501647
52fb4cff42ce2345a1f86567,ontology-00002,fictional_ontology,2,matched_ar1,2,38.09108800501535,65.04261456042074,0.5856327926306065,26.951526555405394
52fb4cff42ce2345a1f86567,ontology-00002,fictional_ontology,2,matched_ar1,3,33.78335065068309,59.07827817228295,0.5718404749739782,25.29492752159986
52fb4cff42ce2345a1f86567,ontology-00002,fictional_ontology,2,randomized_boundary,0,81.83017539086735,92.71781658552433,0.8825722865829778,10.887641194656986
52fb4cff42ce2345a1f86567,ontology-00002,fictional_ontology,2,randomized_boundary,1,81.83017539086735,92.71781658552435,0.8825722865829777,10.887641194656988
52fb4cff42ce2345a1f86567,ontology-00002,fictional_ontology,2,randomized_boundary,2,81.83017539086734,92.71781658552433,0.8825722865829776,10.887641194656988
52fb4cff42ce2345a1f86567,ontology-00002,fictional_ontology,2,randomized_boundary,3,81.83017539086735,92.71781658552435,0.8825722865829777,10.88764119465699
46c31aa6316bd140c9e2538a,ontology-00002,fictional_ontology,3,observed,0,126.00459364554922,141.70742955696653,0.889188337121698,15.702835911417315
46c31aa6316bd140c9e2538a,ontology-00002,fictional_ontology,3,temporal_shuffle,0,12.349696386297367,141.7074295569666,0.08714925127713767,129.35773317066923
46c31aa6316bd140c9e2538a,ontology-00002,fictional_ontology,3,temporal_shuffle,1,4.2531306566658875,141.7074295569666,0.030013462737718512,137.4542989003007
46c31aa6316bd140c9e2538a,ontology-00002,fictional_ontology,3,temporal_shuffle,2,3.3904379328168823,141.7074295569666,0.023925618744315178,138.3169916241497
46c31aa6316bd140c9e2538a,ontology-00002,fictional_ontology,3,temporal_shuffle,3,12.384417359319363,141.70742955696662,0.08739426999726085,129.32301219764724
46c31aa6316bd140c9e2538a,ontology-00002,fictional_ontology,3,phase_randomized,0,126.00459364554918,141.7074295569665,0.8891883371216979,15.702835911417317
46c31aa6316bd140c9e2538a,ontology-00002,fictional_ontology,3,phase_randomized,1,126.00459364554919,141.7074295569665,0.889188337121698,15.702835911417315
46c31aa6316bd140c9e2538a,ontology-00002,fictional_ontology,3,phase_randomized,2,126.00459364554919,141.7074295569665,0.889188337121698,15.702835911417315
46c31aa6316bd140c9e2538a,ontology-00002,fictional_ontology,3,phase_randomized,3,126.00459364554922,141.70742955696653,0.889188337121698,15.702835911417315
46c31aa6316bd140c9e2538a,ontology-00002,fictional_ontology,3,gaussian_random_walk,0,69.35880257630483,115.97365206105931,0.598056552877958,46.61484948475448
46c31aa6316bd140c9e2538a,ontology-00002,fictional_ontology,3,gaussian_random_walk,1,97.61282757161352,150.93938865092358,0.646702152725436,53.32656107931005
46c31aa6316bd140c9e2538a,ontology-00002,fictional_ontology,3,gaussian_random_walk,2,79.76353911375634,133.46968094784313,0.597615417578814,53.70614183408679
46c31aa6316bd140c9e2538a,ontology-00002,fictional_ontology,3,gaussian_random_walk,3,120.13868737816098,184.79744963656933,0.650110094129713,64.65876225840834
46c31aa6316bd140c9e2538a,ontology-00002,fictional_ontology,3,matched_linear_drift,0,9.176239231274522,87.91667702881539,0.10437427279316912,78.74043779754086
46c31aa6316bd140c9e2538a,ontology-00002,fictional_ontology,3,matched_linear_drift,1,8.720437113954942,101.99742320040932,0.08549664138887723,93.27698608645437
46c31aa6316bd140c9e2538a,ontology-00002,fictional_ontology,3,matched_linear_drift,2,11.987412627692677,103.53470268048936,0.11578159126690234,91.54729005279668
46c31aa6316bd140c9e2538a,ontology-00002,fictional_ontology,3,matched_linear_drift,3,12.717508067781123,116.66681432843129,0.10900707404232184,103.94930626065016
46c31aa6316bd140c9e2538a,ontology-00002,fictional_ontology,3,polynomial_trend,0,45.0818832508015,65.28362405105753,0.6905542378521068,20.20174080025603
46c31aa6316bd140c9e2538a,ontology-00002,fictional_ontology,3,polynomial_trend,1,44.54462833134011,67.07703051838428,0.6640816981176805,22.532402187044163
46c31aa6316bd140c9e2538a,ontology-00002,fictional_ontology,3,polynomial_trend,2,30.030667390035177,43.77470026028885,0.6860279387744462,13.744032870253676
46c31aa6316bd140c9e2538a,ontology-00002,fictional_ontology,3,polynomial_trend,3,47.154557098210006,71.82890922202006,0.6564843822486195,24.67435212381006
46c31aa6316bd140c9e2538a,ontology-00002,fictional_ontology,3,matched_ar1,0,57.49591568083162,95.10062794880045,0.604579769039862,37.60471226796883
46c31aa6316bd140c9e2538a,ontology-00002,fictional_ontology,3,matched_ar1,1,44.07852355526802,81.9891426088683,0.5376141541758274,37.910619053600286
46c31aa6316bd140c9e2538a,ontology-00002,fictional_ontology,3,matched_ar1,2,54.92374680693263,102.04141377861745,0.5382495672403332,47.11766697168483
46c31aa6316bd140c9e2538a,ontology-00002,fictional_ontology,3,matched_ar1,3,29.09271063993422,67.37159665325697,0.43182456829198185,38.27888601332275
46c31aa6316bd140c9e2538a,ontology-00002,fictional_ontology,3,randomized_boundary,0,126.00459364554918,141.7074295569665,0.8891883371216979,15.702835911417317
46c31aa6316bd140c9e2538a,ontology-00002,fictional_ontology,3,randomized_boundary,1,126.00459364554919,141.7074295569665,0.889188337121698,15.702835911417317
46c31aa6316bd140c9e2538a,ontology-00002,fictional_ontology,3,randomized_boundary,2,126.00459364554919,141.7074295569665,0.889188337121698,15.702835911417315
46c31aa6316bd140c9e2538a,ontology-00002,fictional_ontology,3,randomized_boundary,3,126.00459364554919,141.7074295569665,0.889188337121698,15.702835911417319
280427ebed277a9092a537a8,dependency-00002,dependency_graph,0,observed,0,24.67069159185995,29.624015343816282,0.8327936407516651,4.953323751956334
280427ebed277a9092a537a8,dependency-00002,dependency_graph,0,temporal_shuffle,0,2.0339158801366817,29.624015343816275,0.06865767035734546,27.590099463679593
280427ebed277a9092a537a8,dependency-00002,dependency_graph,0,temporal_shuffle,1,0.8470420363883555,29.624015343816275,0.028593086607523896,28.77697330742792
280427ebed277a9092a537a8,dependency-00002,dependency_graph,0,temporal_shuffle,2,1.6549824701129805,29.624015343816275,0.05586624402213058,27.969032873703295
280427ebed277a9092a537a8,dependency-00002,dependency_graph,0,temporal_shuffle,3,0.8483805100017248,29.624015343816275,0.028638268653166085,28.77563483381455
280427ebed277a9092a537a8,dependency-00002,dependency_graph,0,phase_randomized,0,24.670691591859935,29.624015343816268,0.832793640751665,4.953323751956331
280427ebed277a9092a537a8,dependency-00002,dependency_graph,0,phase_randomized,1,24.670691591859935,29.624015343816268,0.832793640751665,4.953323751956331
280427ebed277a9092a537a8,dependency-00002,dependency_graph,0,phase_randomized,2,24.670691591859935,29.624015343816268,0.832793640751665,4.953323751956332
280427ebed277a9092a537a8,dependency-00002,dependency_graph,0,phase_randomized,3,24.67069159185993,29.62401534381626,0.8327936407516651,4.953323751956331
280427ebed277a9092a537a8,dependency-00002,dependency_graph,0,gaussian_random_walk,0,42.091011609419624,69.22119550867305,0.6080653663969997,27.130183899253417
280427ebed277a9092a537a8,dependency-00002,dependency_graph,0,gaussian_random_walk,1,35.49780646843533,53.26562932986264,0.6664298707259236,17.767822861427312
280427ebed277a9092a537a8,dependency-00002,dependency_graph,0,gaussian_random_walk,2,39.23093128314984,63.48490853168461,0.6179568056488595,24.253977248534767
280427ebed277a9092a537a8,dependency-00002,dependency_graph,0,gaussian_random_walk,3,33.115695388205374,53.33365716309188,0.6209155184490555,20.217961774886504
280427ebed277a9092a537a8,dependency-00002,dependency_graph,0,matched_linear_drift,0,2.1321855258241724,19.674107623029602,0.10837520901473235,17.54192209720543
280427ebed277a9092a537a8,dependency-00002,dependency_graph,0,matched_linear_drift,1,2.205137826153522,22.29495350050851,0.09890748711824973,20.089815674354988
280427ebed277a9092a537a8,dependency-00002,dependency_graph,0,matched_linear_drift,2,2.3577224803657035,20.312633674917997,0.11607172748243941,17.954911194552295
280427ebed277a9092a537a8,dependency-00002,dependency_graph,0,matched_linear_drift,3,2.7584022810013002,19.826148051977405,0.139129510874715,17.067745770976106
280427ebed277a9092a537a8,dependency-00002,dependency_graph,0,polynomial_trend,0,9.20172001560898,13.88007248262095,0.6629446659684471,4.678352467011968
280427ebed277a9092a537a8,dependency-00002,dependency_graph,0,polynomial_trend,1,9.694379457495016,13.845615222810952,0.7001768647682275,4.151235765315937
280427ebed277a9092a537a8,dependency-00002,dependency_graph,0,polynomial_trend,2,10.026402650189233,15.188262739205948,0.6601415067904876,5.161860089016715
280427ebed277a9092a537a8,dependency-00002,dependency_graph,0,polynomial_trend,3,7.418040765501564,11.289910517138104,0.6570504482069158,3.8718697516365395
280427ebed277a9092a537a8,dependency-00002,dependency_graph,0,matched_ar1,0,8.544061680079064,21.209551553783882,0.4028402796925126,12.665489873704816
280427ebed277a9092a537a8,dependency-00002,dependency_graph,0,matched_ar1,1,14.198533633316174,26.715131300944147,0.5314790885124484,12.516597667627973
280427ebed277a9092a537a8,dependency-00002,dependency_graph,0,matched_ar1,2,7.1628424810018645,20.277465547794932,0.35324150664286474,13.114623066793069
280427ebed277a9092a537a8,dependency-00002,dependency_graph,0,matched_ar1,3,12.088650680907534,24.69866536505831,0.4894455025091998,12.610014684150777
280427ebed277a9092a537a8,dependency-00002,dependency_graph,0,randomized_boundary,0,24.670691591859942,29.624015343816275,0.832793640751665,4.953323751956334
280427ebed277a9092a537a8,dependency-00002,dependency_graph,0,randomized_boundary,1,24.670691591859942,29.624015343816275,0.832793640751665,4.953323751956334
280427ebed277a9092a537a8,dependency-00002,dependency_graph,0,randomized_boundary,2,24.670691591859942,29.624015343816275,0.832793640751665,4.953323751956333
280427ebed277a9092a537a8,dependency-00002,dependency_graph,0,randomized_boundary,3,24.670691591859942,29.624015343816275,0.832793640751665,4.953323751956333
4519071df96ddf034bf1ef2e,dependency-00002,dependency_graph,1,observed,0,53.50218379785899,59.022373211540845,0.906472933680639,5.520189413681853
4519071df96ddf034bf1ef2e,dependency-00002,dependency_graph,1,temporal_shuffle,0,3.1340082729866072,59.022373211540845,0.05309864890986464,55.88836493855424
4519071df96ddf034bf1ef2e,dependency-00002,dependency_graph,1,temporal_shuffle,1,9.55226171864598,59.022373211540845,0.16184136961775358,49.470111492894866
4519071df96ddf034bf1ef2e,dependency-00002,dependency_graph,1,temporal_shuffle,2,0.9104470737583941,59.02237321154084,0.015425456894037114,58.11192613778245
4519071df96ddf034bf1ef2e,dependency-00002,dependency_graph,1,temporal_shuffle,3,1.05796179802398,59.02237321154085,0.01792475870518051,57.96441141351687
4519071df96ddf034bf1ef2e,dependency-00002,dependency_graph,1,phase_randomized,0,53.502183797858976,59.022373211540824,0.9064729336806391,5.520189413681848
4519071df96ddf034bf1ef2e,dependency-00002,dependency_graph,1,phase_randomized,1,53.50218379785899,59.02237321154084,0.9064729336806391,5.520189413681848
4519071df96ddf034bf1ef2e,dependency-00002,dependency_graph,1,phase_randomized,2,53.502183797858976,59.022373211540824,0.9064729336806391,5.52018941368185
4519071df96ddf034bf1ef2e,dependency-00002,dependency_graph,1,phase_randomized,3,53.50218379785899,59.02237321154084,0.9064729336806391,5.520189413681849
4519071df96ddf034bf1ef2e,dependency-00002,dependency_graph,1,gaussian_random_walk,0,48.822934981852896,76.54462993503,0.6378361881596804,27.721694953177106
4519071df96ddf034bf1ef2e,dependency-00002,dependency_graph,1,gaussian_random_walk,1,53.10112304433024,86.55527056847771,0.6134938137859506,33.45414752414747
4519071df96ddf034bf1ef2e,dependency-00002,dependency_graph,1,gaussian_random_walk,2,32.75201376992614,51.858706722740266,0.6315624866048624,19.106692952814125
4519071df96ddf034bf1ef2e,dependency-00002,dependency_graph,1,gaussian_random_walk,3,35.13377936256039,61.31279348230043,0.5730252589568063,26.17901411974004
4519071df96ddf034bf1ef2e,dependency-00002,dependency_graph,1,matched_linear_drift,0,3.6722403309332394,40.63400621184761,0.09037357310494598,36.96176588091437
4519071df96ddf034bf1ef2e,dependency-00002,dependency_graph,1,matched_linear_drift,1,3.5541617942725097,38.517994873917566,0.09227276253362836,34.963833079645056
4519071df96ddf034bf1ef2e,dependency-00002,dependency_graph,1,matched_linear_drift,2,3.0139424037089357,39.79067984317594,0.07574493362736108,36.776737439467
4519071df96ddf034bf1ef2e,dependency-00002,dependency_graph,1,matched_linear_drift,3,3.0130865309730694,38.40346933142685,0.0784587065551226,35.39038280045378
4519071df96ddf034bf1ef2e,dependency-00002,dependency_graph,1,polynomial_trend,0,23.594468496358417,35.205307316876635,0.6701963509078007,11.610838820518216
4519071df96ddf034bf1ef2e,dependency-00002,dependency_graph,1,polynomial_trend,1,14.972397286202183,22.28866462265413,0.6717494089342743,7.316267336451948
4519071df96ddf034bf1ef2e,dependency-00002,dependency_graph,1,polynomial_trend,2,9.98536670725516,12.782559184643024,0.7811711694831491,2.7971924773878625
4519071df96ddf034bf1ef2e,dependency-00002,dependency_graph,1,polynomial_trend,3,14.609607382935032,21.279791427938378,0.6865484294058438,6.670184045003344
4519071df96ddf034bf1ef2e,dependency-00002,dependency_graph,1,matched_ar1,0,17.732539855693425,35.42847608508758,0.5005165848258807,17.695936229394157
4519071df96ddf034bf1ef2e,dependency-00002,dependency_graph,1,matched_ar1,1,16.710016139817156,33.10967917496395,0.5046867428559235,16.399663035146794
4519071df96ddf034bf1ef2e,dependency-00002,dependency_graph,1,matched_ar1,2,23.925956128012885,42.989520964798075,0.556553215552335,19.06356483678519
4519071df96ddf034bf1ef2e,dependency-00002,dependency_graph,1,matched_ar1,3,19.20739143615819,35.711571325831855,0.5378478381953634,16.50417988967366
4519071df96ddf034bf1ef2e,dependency-00002,dependency_graph,1,randomized_boundary,0,53.502183797859004,59.02237321154085,0.9064729336806392,5.52018941368185
4519071df96ddf034bf1ef2e,dependency-00002,dependency_graph,1,randomized_boundary,1,53.502183797859004,59.02237321154085,0.9064729336806392,5.52018941368185
4519071df96ddf034bf1ef2e,dependency-00002,dependency_graph,1,randomized_boundary,2,53.502183797859004,59.02237321154085,0.9064729336806392,5.52018941368185
4519071df96ddf034bf1ef2e,dependency-00002,dependency_graph,1,randomized_boundary,3,53.502183797859004,59.02237321154085,0.9064729336806392,5.52018941368185
f6551878cdc2da364ccf8a08,dependency-00002,dependency_graph,2,observed,0,90.03476886062151,97.53191636593004,0.9231313421836194,7.497147505308529
f6551878cdc2da364ccf8a08,dependency-00002,dependency_graph,2,temporal_shuffle,0,3.911946470079771,97.53191636593003,0.04010939819333128,93.61996989585026
f6551878cdc2da364ccf8a08,dependency-00002,dependency_graph,2,temporal_shuffle,1,4.320313329944019,97.53191636593004,0.044296405637459575,93.21160303598603
f6551878cdc2da364ccf8a08,dependency-00002,dependency_graph,2,temporal_shuffle,2,6.6103293290318605,97.53191636593003,0.06777606321432836,90.92158703689817
f6551878cdc2da364ccf8a08,dependency-00002,dependency_graph,2,temporal_shuffle,3,6.554215209662143,97.53191636593004,0.06720072212127341,90.9777011562679
f6551878cdc2da364ccf8a08,dependency-00002,dependency_graph,2,phase_randomized,0,90.03476886062148,97.53191636593,0.9231313421836195,7.497147505308524
f6551878cdc2da364ccf8a08,dependency-00002,dependency_graph,2,phase_randomized,1,90.03476886062148,97.53191636593002,0.9231313421836194,7.497147505308526
f6551878cdc2da364ccf8a08,dependency-00002,dependency_graph,2,phase_randomized,2,90.03476886062148,97.53191636593,0.9231313421836195,7.497147505308524
f6551878cdc2da364ccf8a08,dependency-00002,dependency_graph,2,phase_randomized,3,90.03476886062148,97.53191636593,0.9231313421836195,7.497147505308524
f6551878cdc2da364ccf8a08,dependency-00002,dependency_graph,2,gaussian_random_walk,0,42.65824755518797,75.89326678690406,0.562082110326933,33.2350192317161
f6551878cdc2da364ccf8a08,dependency-00002,dependency_graph,2,gaussian_random_walk,1,48.92317500515426,85.92322525318369,0.569382432526199,37.000050248029424
f6551878cdc2da364ccf8a08,dependency-00002,dependency_graph,2,gaussian_random_walk,2,63.6698919691445,106.61640645796949,0.5971866252521328,42.94651448882499
f6551878cdc2da364ccf8a08,dependency-00002,dependency_graph,2,gaussian_random_walk,3,67.99561302592612,108.7829447161657,0.6250576614131831,40.787331690239576
f6551878cdc2da364ccf8a08,dependency-00002,dependency_graph,2,matched_linear_drift,0,7.015926372019546,66.37955178158454,0.10569409078122084,59.36362540956499
f6551878cdc2da364ccf8a08,dependency-00002,dependency_graph,2,matched_linear_drift,1,3.3143755881354,65.5471917556955,0.0505647229020671,62.232816167560095
f6551878cdc2da364ccf8a08,dependency-00002,dependency_graph,2,matched_linear_drift,2,6.667410249216868,71.72426168486423,0.09295892481279974,65.05685143564736
f6551878cdc2da364ccf8a08,dependency-00002,dependency_graph,2,matched_linear_drift,3,6.552545307397264,67.93726507729792,0.0964499424570872,61.384719769900656
f6551878cdc2da364ccf8a08,dependency-00002,dependency_graph,2,polynomial_trend,0,36.04110948197611,51.45688990444697,0.7004136773307279,15.415780422470856
f6551878cdc2da364ccf8a08,dependency-00002,dependency_graph,2,polynomial_trend,1,28.59665828627053,42.564258992260335,0.6718467315846001,13.967600705989806
f6551878cdc2da364ccf8a08,dependency-00002,dependency_graph,2,polynomial_trend,2,33.24312138281914,48.05457694317046,0.6917784631031627,14.811455560351318
f6551878cdc2da364ccf8a08,dependency-00002,dependency_graph,2,polynomial_trend,3,35.87768567283321,52.88162217663377,0.6784528196392223,17.003936503800556
f6551878cdc2da364ccf8a08,dependency-00002,dependency_graph,2,matched_ar1,0,24.07201290583152,46.03429494318002,0.522914773334609,21.9622820373485
f6551878cdc2da364ccf8a08,dependency-00002,dependency_graph,2,matched_ar1,1,19.52656988847219,44.18605939473322,0.44191697915473466,24.65948950626103
f6551878cdc2da364ccf8a08,dependency-00002,dependency_graph,2,matched_ar1,2,26.65363963728923,49.72046365756509,0.5360698126400881,23.066824020275856
f6551878cdc2da364ccf8a08,dependency-00002,dependency_graph,2,matched_ar1,3,26.073903991588267,47.8048764139389,0.5454235205173684,21.73097242235063
f6551878cdc2da364ccf8a08,dependency-00002,dependency_graph,2,randomized_boundary,0,90.03476886062151,97.53191636593004,0.9231313421836194,7.497147505308529
f6551878cdc2da364ccf8a08,dependency-00002,dependency_graph,2,randomized_boundary,1,90.03476886062153,97.53191636593006,0.9231313421836194,7.4971475053085275
f6551878cdc2da364ccf8a08,dependency-00002,dependency_graph,2,randomized_boundary,2,90.03476886062154,97.53191636593007,0.9231313421836194,7.497147505308526
f6551878cdc2da364ccf8a08,dependency-00002,dependency_graph,2,randomized_boundary,3,90.03476886062151,97.53191636593004,0.9231313421836194,7.497147505308528
9493fa9a1a30c2426c84a293,dependency-00002,dependency_graph,3,observed,0,138.613653306841,147.40703301347702,0.9403462675635561,8.793379706636028
9493fa9a1a30c2426c84a293,dependency-00002,dependency_graph,3,temporal_shuffle,0,7.370809949267815,147.40703301347702,0.05000310906870992,140.0362230642092
9493fa9a1a30c2426c84a293,dependency-00002,dependency_graph,3,temporal_shuffle,1,3.427329852280346,147.407033013477,0.0232507892073711,143.97970316119665
9493fa9a1a30c2426c84a293,dependency-00002,dependency_graph,3,temporal_shuffle,2,9.349228766372898,147.40703301347702,0.06342457734372907,138.05780424710412
9493fa9a1a30c2426c84a293,dependency-00002,dependency_graph,3,temporal_shuffle,3,11.490379710741909,147.407033013477,0.07795001009002994,135.91665330273509
9493fa9a1a30c2426c84a293,dependency-00002,dependency_graph,3,phase_randomized,0,138.61365330684094,147.40703301347696,0.940346267563556,8.793379706636022
9493fa9a1a30c2426c84a293,dependency-00002,dependency_graph,3,phase_randomized,1,138.61365330684094,147.40703301347696,0.940346267563556,8.79337970663602
9493fa9a1a30c2426c84a293,dependency-00002,dependency_graph,3,phase_randomized,2,138.61365330684094,147.40703301347696,0.940346267563556,8.793379706636022
9493fa9a1a30c2426c84a293,dependency-00002,dependency_graph,3,phase_randomized,3,138.61365330684094,147.40703301347696,0.940346267563556,8.79337970663602
9493fa9a1a30c2426c84a293,dependency-00002,dependency_graph,3,gaussian_random_walk,0,57.67103124579782,103.92992666369126,0.5549030303121117,46.25889541789344
9493fa9a1a30c2426c84a293,dependency-00002,dependency_graph,3,gaussian_random_walk,1,87.1768602199167,141.86808571955336,0.6144923981863619,54.69122549963666
9493fa9a1a30c2426c84a293,dependency-00002,dependency_graph,3,gaussian_random_walk,2,59.145102418427385,96.85291098252264,0.6106693316538547,37.70780856409526
9493fa9a1a30c2426c84a293,dependency-00002,dependency_graph,3,gaussian_random_walk,3,43.900970540244494,84.83097628785467,0.5175110845273844,40.93000574761017
9493fa9a1a30c2426c84a293,dependency-00002,dependency_graph,3,matched_linear_drift,0,10.619323421432046,109.58750989021674,0.09690268016921215,98.9681864687847
9493fa9a1a30c2426c84a293,dependency-00002,dependency_graph,3,matched_linear_drift,1,5.839902615322797,106.82259295841493,0.05466917113307873,100.98269034309213
9493fa9a1a30c2426c84a293,dependency-00002,dependency_graph,3,matched_linear_drift,2,7.285478416114294,93.89651841907563,0.07759050642962077,86.61104000296135
9493fa9a1a30c2426c84a293,dependency-00002,dependency_graph,3,matched_linear_drift,3,10.238677079043537,98.12516537185013,0.10434303004987118,87.88648829280659
9493fa9a1a30c2426c84a293,dependency-00002,dependency_graph,3,polynomial_trend,0,62.315581975879915,92.28928115556305,0.6752201468645163,29.973699179683127
9493fa9a1a30c2426c84a293,dependency-00002,dependency_graph,3,polynomial_trend,1,55.027805545020854,83.52424046586272,0.6588243752723657,28.496434920841867
9493fa9a1a30c2426c84a293,dependency-00002,dependency_graph,3,polynomial_trend,2,29.2345921652014,42.26900661245385,0.6916318718639561,13.034414447252448
9493fa9a1a30c2426c84a293,dependency-00002,dependency_graph,3,polynomial_trend,3,65.08459935094695,97.62594142670025,0.6666732059102746,32.541342075753306
9493fa9a1a30c2426c84a293,dependency-00002,dependency_graph,3,matched_ar1,0,42.351288935032855,74.15467717663437,0.5711209400069704,31.80338824160151
9493fa9a1a30c2426c84a293,dependency-00002,dependency_graph,3,matched_ar1,1,45.138992217743855,78.09042644257806,0.5780349048411938,32.95143422483421
9493fa9a1a30c2426c84a293,dependency-00002,dependency_graph,3,matched_ar1,2,55.0686905527203,84.63870996353614,0.6506324420167187,29.570019410815846
9493fa9a1a30c2426c84a293,dependency-00002,dependency_graph,3,matched_ar1,3,30.504941751862074,58.210531129059675,0.5240450681377393,27.705589377197597
9493fa9a1a30c2426c84a293,dependency-00002,dependency_graph,3,randomized_boundary,0,138.613653306841,147.40703301347702,0.9403462675635561,8.793379706636028
9493fa9a1a30c2426c84a293,dependency-00002,dependency_graph,3,randomized_boundary,1,138.613653306841,147.40703301347702,0.9403462675635561,8.793379706636022
9493fa9a1a30c2426c84a293,dependency-00002,dependency_graph,3,randomized_boundary,2,138.613653306841,147.40703301347702,0.9403462675635561,8.793379706636024
9493fa9a1a30c2426c84a293,dependency-00002,dependency_graph,3,randomized_boundary,3,138.613653306841,147.40703301347702,0.9403462675635561,8.793379706636026
d99de10874f8d923dd048f3c,iterative-00003,iterative_state_machine,0,observed,0,22.966968183653886,28.432068984484435,0.8077839216058146,5.465100800830549
d99de10874f8d923dd048f3c,iterative-00003,iterative_state_machine,0,temporal_shuffle,0,3.1407293402013314,28.432068984484438,0.11046432610708871,25.291339644283106
d99de10874f8d923dd048f3c,iterative-00003,iterative_state_machine,0,temporal_shuffle,1,2.2756169140211124,28.432068984484438,0.08003697920341046,26.156452070463327
d99de10874f8d923dd048f3c,iterative-00003,iterative_state_machine,0,temporal_shuffle,2,2.6361997660283327,28.432068984484438,0.09271923782496884,25.795869218456104
d99de10874f8d923dd048f3c,iterative-00003,iterative_state_machine,0,temporal_shuffle,3,1.3758887021599604,28.432068984484438,0.04839214138481416,27.056180282324476
d99de10874f8d923dd048f3c,iterative-00003,iterative_state_machine,0,phase_randomized,0,22.96696818365389,28.43206898448444,0.8077839216058145,5.465100800830551
d99de10874f8d923dd048f3c,iterative-00003,iterative_state_machine,0,phase_randomized,1,22.96696818365389,28.432068984484438,0.8077839216058146,5.46510080083055
d99de10874f8d923dd048f3c,iterative-00003,iterative_state_machine,0,phase_randomized,2,22.96696818365389,28.432068984484438,0.8077839216058146,5.465100800830549
d99de10874f8d923dd048f3c,iterative-00003,iterative_state_machine,0,phase_randomized,3,22.96696818365389,28.432068984484438,0.8077839216058146,5.46510080083055
d99de10874f8d923dd048f3c,iterative-00003,iterative_state_machine,0,gaussian_random_walk,0,29.431501725854144,55.189131761112066,0.5332843765915606,25.757630035257925
d99de10874f8d923dd048f3c,iterative-00003,iterative_state_machine,0,gaussian_random_walk,1,40.837677573832195,65.98472512562651,0.6188959262326615,25.147047551794312
d99de10874f8d923dd048f3c,iterative-00003,iterative_state_machine,0,gaussian_random_walk,2,59.851828713893696,87.52452117455655,0.6838292619108057,27.672692460662862
d99de10874f8d923dd048f3c,iterative-00003,iterative_state_machine,0,gaussian_random_walk,3,26.131995125974527,47.64348333272108,0.5484904397833423,21.511488206746556
d99de10874f8d923dd048f3c,iterative-00003,iterative_state_machine,0,matched_linear_drift,0,2.800288617980786,21.252411894605327,0.13176333264515763,18.45212327662454
d99de10874f8d923dd048f3c,iterative-00003,iterative_state_machine,0,matched_linear_drift,1,3.7625093639595444,22.910210311494367,0.16422849519071597,19.147700947534823
d99de10874f8d923dd048f3c,iterative-00003,iterative_state_machine,0,matched_linear_drift,2,3.031470007910872,23.08604355033898,0.13131180322434935,20.05457354242811
d99de10874f8d923dd048f3c,iterative-00003,iterative_state_machine,0,matched_linear_drift,3,3.368487643579135,23.243032053192117,0.14492462239308054,19.87454440961298
d99de10874f8d923dd048f3c,iterative-00003,iterative_state_machine,0,polynomial_trend,0,9.260539096023734,13.598248396845243,0.6810097025564082,4.337709300821508
d99de10874f8d923dd048f3c,iterative-00003,iterative_state_machine,0,polynomial_trend,1,8.574893710715699,12.685155056570443,0.6759786279690937,4.1102613458547435
d99de10874f8d923dd048f3c,iterative-00003,iterative_state_machine,0,polynomial_trend,2,10.619366664830636,16.273431807423115,0.6525585254848716,5.654065142592478
d99de10874f8d923dd048f3c,iterative-00003,iterative_state_machine,0,polynomial_trend,3,14.335350304634957,21.418311096024667,0.6693034871127472,7.082960791389709
d99de10874f8d923dd048f3c,iterative-00003,iterative_state_machine,0,matched_ar1,0,10.158234789916659,22.859145914289,0.44438382903741197,12.700911124372343
d99de10874f8d923dd048f3c,iterative-00003,iterative_state_machine,0,matched_ar1,1,11.1941870015078,23.79338563765469,0.4704747433586004,12.599198636146891
d99de10874f8d923dd048f3c,iterative-00003,iterative_state_machine,0,matched_ar1,2,6.791322001499873,18.59758779407631,0.3651721974213795,11.806265792576438
d99de10874f8d923dd048f3c,iterative-00003,iterative_state_machine,0,matched_ar1,3,7.15434604663192,19.18351679415762,0.37294236105919804,12.029170747525697
d99de10874f8d923dd048f3c,iterative-00003,iterative_state_machine,0,randomized_boundary,0,22.96696818365389,28.432068984484438,0.8077839216058146,5.46510080083055
d99de10874f8d923dd048f3c,iterative-00003,iterative_state_machine,0,randomized_boundary,1,22.96696818365389,28.432068984484438,0.8077839216058146,5.46510080083055
d99de10874f8d923dd048f3c,iterative-00003,iterative_state_machine,0,randomized_boundary,2,22.96696818365389,28.432068984484438,0.8077839216058146,5.46510080083055
d99de10874f8d923dd048f3c,iterative-00003,iterative_state_machine,0,randomized_boundary,3,22.96696818365389,28.432068984484438,0.8077839216058146,5.46510080083055
af9a710b8c531ffb68cc82eb,iterative-00003,iterative_state_machine,1,observed,0,52.96765040203955,60.015838917562974,0.8825611931342869,7.048188515523418
af9a710b8c531ffb68cc82eb,iterative-00003,iterative_state_machine,1,temporal_shuffle,0,5.480182773553279,60.01583891756299,0.09131227476601286,54.53565614400971
af9a710b8c531ffb68cc82eb,iterative-00003,iterative_state_machine,1,temporal_shuffle,1,2.2769406325942327,60.01583891756299,0.0379389953329122,57.738898284968755
af9a710b8c531ffb68cc82eb,iterative-00003,iterative_state_machine,1,temporal_shuffle,2,3.554246606262973,60.01583891756298,0.059221809948287865,56.46159231130001
af9a710b8c531ffb68cc82eb,iterative-00003,iterative_state_machine,1,temporal_shuffle,3,5.199925939099316,60.01583891756298,0.08664256024550236,54.815912978463665
af9a710b8c531ffb68cc82eb,iterative-00003,iterative_state_machine,1,phase_randomized,0,52.96765040203957,60.01583891756299,0.882561193134287,7.04818851552342
af9a710b8c531ffb68cc82eb,iterative-00003,iterative_state_machine,1,phase_randomized,1,52.96765040203956,60.01583891756298,0.882561193134287,7.04818851552342
af9a710b8c531ffb68cc82eb,iterative-00003,iterative_state_machine,1,phase_randomized,2,52.96765040203957,60.01583891756299,0.882561193134287,7.048188515523421
af9a710b8c531ffb68cc82eb,iterative-00003,iterative_state_machine,1,phase_randomized,3,52.967650402039574,60.015838917562995,0.882561193134287,7.048188515523419
af9a710b8c531ffb68cc82eb,iterative-00003,iterative_state_machine,1,gaussian_random_walk,0,64.31840145300411,91.49831612140723,0.7029462855650955,27.179914668403114
af9a710b8c531ffb68cc82eb,iterative-00003,iterative_state_machine,1,gaussian_random_walk,1,50.71444528303727,80.72949872767066,0.6282021576043121,30.01505344463338
af9a710b8c531ffb68cc82eb,iterative-00003,iterative_state_machine,1,gaussian_random_walk,2,45.22737720837104,77.53263720855097,0.5833334043148345,32.305260000179935
af9a710b8c531ffb68cc82eb,iterative-00003,iterative_state_machine,1,gaussian_random_walk,3,40.037991749674546,68.95890062473886,0.580606584312497,28.920908875064313
af9a710b8c531ffb68cc82eb,iterative-00003,iterative_state_machine,1,matched_linear_drift,0,5.191254708899724,43.05792298496637,0.12056444781863364,37.86666827606665
af9a710b8c531ffb68cc82eb,iterative-00003,iterative_state_machine,1,matched_linear_drift,1,2.892987092844015,38.06143251394019,0.0760083607411372,35.16844542109617
af9a710b8c531ffb68cc82eb,iterative-00003,iterative_state_machine,1,matched_linear_drift,2,3.315319632556781,39.87201805483498,0.08314903017944326,36.5566984222782
af9a710b8c531ffb68cc82eb,iterative-00003,iterative_state_machine,1,matched_linear_drift,3,4.789043989776264,41.81212024451234,0.11453721939405369,37.02307625473608
af9a710b8c531ffb68cc82eb,iterative-00003,iterative_state_machine,1,polynomial_trend,0,23.654790030367774,34.63680872130697,0.6829379178866567,10.982018690939196
af9a710b8c531ffb68cc82eb,iterative-00003,iterative_state_machine,1,polynomial_trend,1,21.962683344697833,31.43593771502721,0.6986489012605178,9.473254370329379
af9a710b8c531ffb68cc82eb,iterative-00003,iterative_state_machine,1,polynomial_trend,2,18.08077730212488,26.32535982116633,0.6868197595380036,8.244582519041451
af9a710b8c531ffb68cc82eb,iterative-00003,iterative_state_machine,1,polynomial_trend,3,24.04863121858336,35.53842902184223,0.6766937053915034,11.489797803258867
af9a710b8c531ffb68cc82eb,iterative-00003,iterative_state_machine,1,matched_ar1,0,25.033416147871826,41.105109777038344,0.609009835605784,16.071693629166518
af9a710b8c531ffb68cc82eb,iterative-00003,iterative_state_machine,1,matched_ar1,1,16.408516774208273,33.11902089775368,0.4954408774602752,16.710504123545405
af9a710b8c531ffb68cc82eb,iterative-00003,iterative_state_machine,1,matched_ar1,2,25.620397831828814,44.92074490472194,0.5703466824998191,19.300347072893125
af9a710b8c531ffb68cc82eb,iterative-00003,iterative_state_machine,1,matched_ar1,3,20.133457919128553,39.91071340452713,0.5044624914383211,19.777255485398577
af9a710b8c531ffb68cc82eb,iterative-00003,iterative_state_machine,1,randomized_boundary,0,52.96765040203956,60.015838917562974,0.882561193134287,7.048188515523417
af9a710b8c531ffb68cc82eb,iterative-00003,iterative_state_machine,1,randomized_boundary,1,52.96765040203955,60.015838917562974,0.8825611931342869,7.048188515523419
af9a710b8c531ffb68cc82eb,iterative-00003,iterative_state_machine,1,randomized_boundary,2,52.96765040203955,60.015838917562974,0.8825611931342869,7.048188515523419
af9a710b8c531ffb68cc82eb,iterative-00003,iterative_state_machine,1,randomized_boundary,3,52.96765040203955,60.015838917562974,0.8825611931342869,7.048188515523419
2e1fd1cb951cf7d72510d00e,iterative-00003,iterative_state_machine,2,observed,0,91.1265463228801,100.05227358098477,0.9107893610145703,8.92572725810468
2e1fd1cb951cf7d72510d00e,iterative-00003,iterative_state_machine,2,temporal_shuffle,0,0.7037855489718987,100.05227358098479,0.007034178472738426,99.3484880320129
2e1fd1cb951cf7d72510d00e,iterative-00003,iterative_state_machine,2,temporal_shuffle,1,10.150103951501315,100.0522735809848,0.10144800900786695,89.90216962948348
2e1fd1cb951cf7d72510d00e,iterative-00003,iterative_state_machine,2,temporal_shuffle,2,2.0826364238714596,100.0522735809848,0.02081548324022564,97.96963715711334
2e1fd1cb951cf7d72510d00e,iterative-00003,iterative_state_machine,2,temporal_shuffle,3,1.9702140075260162,100.05227358098479,0.019691846441962924,98.08205957345878
2e1fd1cb951cf7d72510d00e,iterative-00003,iterative_state_machine,2,phase_randomized,0,91.1265463228801,100.05227358098477,0.9107893610145703,8.92572725810468
2e1fd1cb951cf7d72510d00e,iterative-00003,iterative_state_machine,2,phase_randomized,1,91.1265463228801,100.05227358098477,0.9107893610145703,8.92572725810468
2e1fd1cb951cf7d72510d00e,iterative-00003,iterative_state_machine,2,phase_randomized,2,91.12654632288012,100.0522735809848,0.9107893610145702,8.92572725810468
2e1fd1cb951cf7d72510d00e,iterative-00003,iterative_state_machine,2,phase_randomized,3,91.1265463228801,100.05227358098479,0.9107893610145702,8.925727258104681
2e1fd1cb951cf7d72510d00e,iterative-00003,iterative_state_machine,2,gaussian_random_walk,0,54.34967527548707,91.91913462773869,0.5912770555945358,37.56945935225162
2e1fd1cb951cf7d72510d00e,iterative-00003,iterative_state_machine,2,gaussian_random_walk,1,49.767454212413554,91.66618654387231,0.542920525973821,41.89873233145876
2e1fd1cb951cf7d72510d00e,iterative-00003,iterative_state_machine,2,gaussian_random_walk,2,53.501475753326304,97.19213480261142,0.5504712481311687,43.69065904928512
2e1fd1cb951cf7d72510d00e,iterative-00003,iterative_state_machine,2,gaussian_random_walk,3,65.12874673368435,103.15563858820741,0.6313639043394935,38.026891854523065
2e1fd1cb951cf7d72510d00e,iterative-00003,iterative_state_machine,2,matched_linear_drift,0,4.080104489725014,58.11774753278213,0.07020410568086062,54.037643043057116
2e1fd1cb951cf7d72510d00e,iterative-00003,iterative_state_machine,2,matched_linear_drift,1,6.417348775464695,71.43895717102374,0.08982982156502736,65.02160839555906
2e1fd1cb951cf7d72510d00e,iterative-00003,iterative_state_machine,2,matched_linear_drift,2,6.967720388071596,68.55593285850122,0.10163555650906105,61.588212470429625
2e1fd1cb951cf7d72510d00e,iterative-00003,iterative_state_machine,2,matched_linear_drift,3,7.18783658215467,74.11953924954615,0.09697627177571376,66.93170266739148
2e1fd1cb951cf7d72510d00e,iterative-00003,iterative_state_machine,2,polynomial_trend,0,58.3905865993177,91.71052474975357,0.6366835950251675,33.319938150435874
2e1fd1cb951cf7d72510d00e,iterative-00003,iterative_state_machine,2,polynomial_trend,1,37.61938680396344,54.52342836667361,0.6899673760602618,16.90404156271018
2e1fd1cb951cf7d72510d00e,iterative-00003,iterative_state_machine,2,polynomial_trend,2,26.514693431071226,34.470012358546185,0.7692104416811273,7.955318927474958
2e1fd1cb951cf7d72510d00e,iterative-00003,iterative_state_machine,2,polynomial_trend,3,28.607836090763854,42.365818455729816,0.6752574866612722,13.757982364965962
2e1fd1cb951cf7d72510d00e,iterative-00003,iterative_state_machine,2,matched_ar1,0,24.979992775019703,47.586524010469525,0.5249383789730859,22.606531235449822
2e1fd1cb951cf7d72510d00e,iterative-00003,iterative_state_machine,2,matched_ar1,1,35.88345996637694,64.12339904143906,0.5596000914297703,28.239939075062125
2e1fd1cb951cf7d72510d00e,iterative-00003,iterative_state_machine,2,matched_ar1,2,26.923605303401345,44.716655435131344,0.6020934491055204,17.79305013173
2e1fd1cb951cf7d72510d00e,iterative-00003,iterative_state_machine,2,matched_ar1,3,32.14588617158178,57.54686752362693,0.5586035792197324,25.400981352045147
2e1fd1cb951cf7d72510d00e,iterative-00003,iterative_state_machine,2,randomized_boundary,0,91.1265463228801,100.05227358098477,0.9107893610145703,8.92572725810468
2e1fd1cb951cf7d72510d00e,iterative-00003,iterative_state_machine,2,randomized_boundary,1,91.1265463228801,100.05227358098477,0.9107893610145703,8.92572725810468
2e1fd1cb951cf7d72510d00e,iterative-00003,iterative_state_machine,2,randomized_boundary,2,91.12654632288012,100.0522735809848,0.9107893610145702,8.92572725810468
2e1fd1cb951cf7d72510d00e,iterative-00003,iterative_state_machine,2,randomized_boundary,3,91.12654632288013,100.0522735809848,0.9107893610145704,8.92572725810468
127c2a3353eaee9264085074,iterative-00003,iterative_state_machine,3,observed,0,140.39413769319015,151.7958806978254,0.9248876652500716,11.401743004635264
127c2a3353eaee9264085074,iterative-00003,iterative_state_machine,3,temporal_shuffle,0,8.627714523922712,151.7958806978254,0.056837606424232245,143.16816617390268
127c2a3353eaee9264085074,iterative-00003,iterative_state_machine,3,temporal_shuffle,1,12.174529162735041,151.7958806978254,0.0802032908058318,139.62135153509035
127c2a3353eaee9264085074,iterative-00003,iterative_state_machine,3,temporal_shuffle,2,8.245950016292113,151.7958806978254,0.05432262047154646,143.54993068153328
127c2a3353eaee9264085074,iterative-00003,iterative_state_machine,3,temporal_shuffle,3,1.0007643950768368,151.7958806978254,0.006592829729477459,150.79511630274857
127c2a3353eaee9264085074,iterative-00003,iterative_state_machine,3,phase_randomized,0,140.39413769319015,151.7958806978254,0.9248876652500716,11.401743004635264
127c2a3353eaee9264085074,iterative-00003,iterative_state_machine,3,phase_randomized,1,140.39413769319015,151.7958806978254,0.9248876652500716,11.401743004635264
127c2a3353eaee9264085074,iterative-00003,iterative_state_machine,3,phase_randomized,2,140.3941376931901,151.79588069782537,0.9248876652500715,11.401743004635266
127c2a3353eaee9264085074,iterative-00003,iterative_state_machine,3,phase_randomized,3,140.39413769319015,151.79588069782542,0.9248876652500715,11.401743004635266
127c2a3353eaee9264085074,iterative-00003,iterative_state_machine,3,gaussian_random_walk,0,78.65289846621734,131.96738266080928,0.5960025642728392,53.31448419459194
127c2a3353eaee9264085074,iterative-00003,iterative_state_machine,3,gaussian_random_walk,1,48.30612296946757,95.41721676726337,0.5062621254955834,47.1110937977958
127c2a3353eaee9264085074,iterative-00003,iterative_state_machine,3,gaussian_random_walk,2,71.88029742761316,127.55035594778133,0.5635444675437887,55.67005852016816
127c2a3353eaee9264085074,iterative-00003,iterative_state_machine,3,gaussian_random_walk,3,67.79726837893097,127.31893305499501,0.5324995014657101,59.52166467606405
127c2a3353eaee9264085074,iterative-00003,iterative_state_machine,3,matched_linear_drift,0,7.1664155928053015,96.70693329972802,0.07410446540160794,89.54051770692271
127c2a3353eaee9264085074,iterative-00003,iterative_state_machine,3,matched_linear_drift,1,9.341225917225302,102.66181555717904,0.09099026611332979,93.32058963995374
127c2a3353eaee9264085074,iterative-00003,iterative_state_machine,3,matched_linear_drift,2,9.36582925484601,93.8818772474693,0.09976184466527034,84.5160479926233
127c2a3353eaee9264085074,iterative-00003,iterative_state_machine,3,matched_linear_drift,3,7.44404441704771,102.8046555125182,0.07240960421428845,95.36061109547049
127c2a3353eaee9264085074,iterative-00003,iterative_state_machine,3,polynomial_trend,0,32.65200959672094,48.977897117826814,0.6666682629956435,16.325887521105876
127c2a3353eaee9264085074,iterative-00003,iterative_state_machine,3,polynomial_trend,1,44.64896834520544,65.51030939787785,0.6815563650299568,20.8613410526724
127c2a3353eaee9264085074,iterative-00003,iterative_state_machine,3,polynomial_trend,2,36.48256949364112,55.29302993491446,0.6598041296811702,18.810460441273335
127c2a3353eaee9264085074,iterative-00003,iterative_state_machine,3,polynomial_trend,3,51.55806714813458,76.39578374696954,0.6748810552019473,24.83771659883496
127c2a3353eaee9264085074,iterative-00003,iterative_state_machine,3,matched_ar1,0,38.61890758589681,72.7167733183006,0.5310866506253187,34.0978657324038
127c2a3353eaee9264085074,iterative-00003,iterative_state_machine,3,matched_ar1,1,37.297955861997636,65.63850031791647,0.5682329072319909,28.34054445591883
127c2a3353eaee9264085074,iterative-00003,iterative_state_machine,3,matched_ar1,2,35.44868494491666,69.57461389215997,0.5095060247098432,34.12592894724332
127c2a3353eaee9264085074,iterative-00003,iterative_state_machine,3,matched_ar1,3,38.9794341192756,70.46678267568176,0.5531604060692769,31.48734855640615
127c2a3353eaee9264085074,iterative-00003,iterative_state_machine,3,randomized_boundary,0,140.39413769319012,151.79588069782537,0.9248876652500716,11.401743004635263
127c2a3353eaee9264085074,iterative-00003,iterative_state_machine,3,randomized_boundary,1,140.3941376931901,151.79588069782534,0.9248876652500716,11.401743004635264
127c2a3353eaee9264085074,iterative-00003,iterative_state_machine,3,randomized_boundary,2,140.39413769319012,151.7958806978254,0.9248876652500715,11.401743004635264
127c2a3353eaee9264085074,iterative-00003,iterative_state_machine,3,randomized_boundary,3,140.39413769319012,151.7958806978254,0.9248876652500715,11.401743004635268
26d3e01e282a228c18ede793,ontology-00003,fictional_ontology,0,observed,0,23.88609911089125,29.710498018605612,0.803961586101083,5.824398907714362
26d3e01e282a228c18ede793,ontology-00003,fictional_ontology,0,temporal_shuffle,0,0.939492476780686,29.710498018605616,0.03162156609398965,28.77100554182493
26d3e01e282a228c18ede793,ontology-00003,fictional_ontology,0,temporal_shuffle,1,0.9617064654877148,29.71049801860562,0.03236924755975026,28.748791553117904
26d3e01e282a228c18ede793,ontology-00003,fictional_ontology,0,temporal_shuffle,2,1.3452645048786476,29.710498018605612,0.04527909643373202,28.365233513726967
26d3e01e282a228c18ede793,ontology-00003,fictional_ontology,0,temporal_shuffle,3,1.2807346716360755,29.71049801860562,0.043107142493338226,28.429763346969544
26d3e01e282a228c18ede793,ontology-00003,fictional_ontology,0,phase_randomized,0,23.886099110891237,29.7104980186056,0.8039615861010829,5.824398907714359
26d3e01e282a228c18ede793,ontology-00003,fictional_ontology,0,phase_randomized,1,23.88609911089124,29.7104980186056,0.803961586101083,5.824398907714358
26d3e01e282a228c18ede793,ontology-00003,fictional_ontology,0,phase_randomized,2,23.886099110891244,29.710498018605605,0.8039615861010829,5.824398907714359
26d3e01e282a228c18ede793,ontology-00003,fictional_ontology,0,phase_randomized,3,23.886099110891237,29.710498018605595,0.803961586101083,5.824398907714358
26d3e01e282a228c18ede793,ontology-00003,fictional_ontology,0,gaussian_random_walk,0,41.803448743366886,68.47903926747706,0.6104561219102954,26.675590524110177
26d3e01e282a228c18ede793,ontology-00003,fictional_ontology,0,gaussian_random_walk,1,39.36316812668984,64.84796763548351,0.6070069666323837,25.48479950879367
26d3e01e282a228c18ede793,ontology-00003,fictional_ontology,0,gaussian_random_walk,2,42.88952638488257,69.9510452095526,0.6131363192129333,27.06151882467003
26d3e01e282a228c18ede793,ontology-00003,fictional_ontology,0,gaussian_random_walk,3,35.51730971661969,62.381300002319634,0.5693582806914731,26.86399028569994
26d3e01e282a228c18ede793,ontology-00003,fictional_ontology,0,matched_linear_drift,0,1.9310022473770698,21.829966798513443,0.0884564903464977,19.898964551136373
26d3e01e282a228c18ede793,ontology-00003,fictional_ontology,0,matched_linear_drift,1,2.7169660004657423,21.098271449299883,0.12877671078385433,18.38130544883414
26d3e01e282a228c18ede793,ontology-00003,fictional_ontology,0,matched_linear_drift,2,2.618397788830279,20.69307194470538,0.12653499663206041,18.0746741558751
26d3e01e282a228c18ede793,ontology-00003,fictional_ontology,0,matched_linear_drift,3,2.6381508670883953,23.02708881078834,0.11456727720841571,20.388937943699943
26d3e01e282a228c18ede793,ontology-00003,fictional_ontology,0,polynomial_trend,0,6.963669880057999,10.464191621621644,0.6654761430084395,3.500521741563645
26d3e01e282a228c18ede793,ontology-00003,fictional_ontology,0,polynomial_trend,1,6.76141361080629,9.659647271944031,0.6999648559057101,2.898233661137741
26d3e01e282a228c18ede793,ontology-00003,fictional_ontology,0,polynomial_trend,2,11.706430636681528,18.042635964295364,0.6488204195799009,6.336205327613838
26d3e01e282a228c18ede793,ontology-00003,fictional_ontology,0,polynomial_trend,3,7.25105741028564,10.114852467177606,0.7168722859591976,2.8637950568919646
26d3e01e282a228c18ede793,ontology-00003,fictional_ontology,0,matched_ar1,0,8.086394557821619,22.806474407240565,0.3545657436317453,14.720079849418944
26d3e01e282a228c18ede793,ontology-00003,fictional_ontology,0,matched_ar1,1,7.755357081005185,20.802189450022187,0.3728144626140261,13.046832369017002
26d3e01e282a228c18ede793,ontology-00003,fictional_ontology,0,matched_ar1,2,8.472331297013532,21.182144647542394,0.39997514123276057,12.709813350528863
26d3e01e282a228c18ede793,ontology-00003,fictional_ontology,0,matched_ar1,3,7.306298120416555,24.05963883787725,0.3036744719922479,16.753340717460695
26d3e01e282a228c18ede793,ontology-00003,fictional_ontology,0,randomized_boundary,0,23.88609911089125,29.710498018605612,0.803961586101083,5.824398907714363
26d3e01e282a228c18ede793,ontology-00003,fictional_ontology,0,randomized_boundary,1,23.88609911089125,29.710498018605612,0.803961586101083,5.82439890771436
26d3e01e282a228c18ede793,ontology-00003,fictional_ontology,0,randomized_boundary,2,23.88609911089125,29.710498018605612,0.803961586101083,5.824398907714361
26d3e01e282a228c18ede793,ontology-00003,fictional_ontology,0,randomized_boundary,3,23.886099110891248,29.710498018605612,0.8039615861010828,5.824398907714363
486e65f884c47e022f821256,ontology-00003,fictional_ontology,1,observed,0,52.442795551545515,59.78273965156222,0.8772230221833787,7.3399441000167
486e65f884c47e022f821256,ontology-00003,fictional_ontology,1,temporal_shuffle,0,0.6223429455690805,59.78273965156224,0.01041007737678709,59.16039670599316
486e65f884c47e022f821256,ontology-00003,fictional_ontology,1,temporal_shuffle,1,1.753272773853256,59.78273965156223,0.02932740761082601,58.02946687770898
486e65f884c47e022f821256,ontology-00003,fictional_ontology,1,temporal_shuffle,2,2.440373994215785,59.78273965156223,0.04082071193858399,57.34236565734645
486e65f884c47e022f821256,ontology-00003,fictional_ontology,1,temporal_shuffle,3,1.9132166462032563,59.78273965156223,0.03200282652408119,57.86952300535898
486e65f884c47e022f821256,ontology-00003,fictional_ontology,1,phase_randomized,0,52.4427955515455,59.782739651562196,0.8772230221833788,7.339944100016695
486e65f884c47e022f821256,ontology-00003,fictional_ontology,1,phase_randomized,1,52.442795551545515,59.78273965156221,0.8772230221833788,7.339944100016696
486e65f884c47e022f821256,ontology-00003,fictional_ontology,1,phase_randomized,2,52.4427955515455,59.782739651562196,0.8772230221833788,7.339944100016695
486e65f884c47e022f821256,ontology-00003,fictional_ontology,1,phase_randomized,3,52.44279555154551,59.7827396515622,0.8772230221833788,7.339944100016695
486e65f884c47e022f821256,ontology-00003,fictional_ontology,1,gaussian_random_walk,0,65.41516851244776,97.51965979004231,0.6707895480079112,32.104491277594555
486e65f884c47e022f821256,ontology-00003,fictional_ontology,1,gaussian_random_walk,1,41.24144360417904,71.89485509145055,0.5736355341661062,30.653411487271512
486e65f884c47e022f821256,ontology-00003,fictional_ontology,1,gaussian_random_walk,2,45.317908220503355,76.67658339260385,0.5910267022262063,31.35867517210049
486e65f884c47e022f821256,ontology-00003,fictional_ontology,1,gaussian_random_walk,3,60.06346403447657,93.30859527907995,0.6437077297630582,33.245131244603385
486e65f884c47e022f821256,ontology-00003,fictional_ontology,1,matched_linear_drift,0,3.9338105118502256,44.69396207635542,0.08801659841948407,40.76015156450519
486e65f884c47e022f821256,ontology-00003,fictional_ontology,1,matched_linear_drift,1,4.872214540143652,42.31069280751228,0.11515326781126563,37.43847826736863
486e65f884c47e022f821256,ontology-00003,fictional_ontology,1,matched_linear_drift,2,4.232884056433695,39.81353877579311,0.10631770464491631,35.580654719359416
486e65f884c47e022f821256,ontology-00003,fictional_ontology,1,matched_linear_drift,3,3.344566815740014,37.77567711858525,0.08853757419730066,34.431110302845234
486e65f884c47e022f821256,ontology-00003,fictional_ontology,1,polynomial_trend,0,20.457802320081296,30.934592312329443,0.6613244523648542,10.476789992248147
486e65f884c47e022f821256,ontology-00003,fictional_ontology,1,polynomial_trend,1,14.098762602206087,20.522636154198594,0.6869859454835051,6.423873551992509
486e65f884c47e022f821256,ontology-00003,fictional_ontology,1,polynomial_trend,2,18.456103781264105,25.735389823704477,0.7171487942360394,7.279286042440372
486e65f884c47e022f821256,ontology-00003,fictional_ontology,1,polynomial_trend,3,14.727121204703867,22.008509307713293,0.6691557796484868,7.2813881030094265
486e65f884c47e022f821256,ontology-00003,fictional_ontology,1,matched_ar1,0,19.60127110667902,35.92857466808691,0.5455621684900737,16.327303561407888
486e65f884c47e022f821256,ontology-00003,fictional_ontology,1,matched_ar1,1,15.260644373902217,35.2030909827261,0.4335029665829771,19.942446608823886
486e65f884c47e022f821256,ontology-00003,fictional_ontology,1,matched_ar1,2,15.139007554274716,35.238803803944776,0.42961184603490976,20.099796249670057
486e65f884c47e022f821256,ontology-00003,fictional_ontology,1,matched_ar1,3,19.658532362891137,37.86918435590235,0.5191168676392981,18.210651993011208
486e65f884c47e022f821256,ontology-00003,fictional_ontology,1,randomized_boundary,0,52.442795551545515,59.78273965156222,0.8772230221833787,7.339944100016699
486e65f884c47e022f821256,ontology-00003,fictional_ontology,1,randomized_boundary,1,52.44279555154553,59.782739651562224,0.8772230221833788,7.339944100016697
486e65f884c47e022f821256,ontology-00003,fictional_ontology,1,randomized_boundary,2,52.44279555154552,59.782739651562224,0.8772230221833787,7.3399441000167
486e65f884c47e022f821256,ontology-00003,fictional_ontology,1,randomized_boundary,3,52.44279555154553,59.78273965156223,0.8772230221833787,7.339944100016699
2a27c0af4afe841ba49c0b4b,ontology-00003,fictional_ontology,2,observed,0,90.73815573813343,100.40017424858,0.9037649228922208,9.662018510446574
2a27c0af4afe841ba49c0b4b,ontology-00003,fictional_ontology,2,temporal_shuffle,0,3.7004425335767017,100.40017424858004,0.03685693337956569,96.69973171500334
2a27c0af4afe841ba49c0b4b,ontology-00003,fictional_ontology,2,temporal_shuffle,1,4.178156292383296,100.40017424858003,0.041615030289077294,96.22201795619674
2a27c0af4afe841ba49c0b4b,ontology-00003,fictional_ontology,2,temporal_shuffle,2,8.565650287059015,100.40017424858004,0.08531509383491093,91.83452396152103
2a27c0af4afe841ba49c0b4b,ontology-00003,fictional_ontology,2,temporal_shuffle,3,3.5944870726602662,100.40017424858004,0.03580160193507934,96.80568717591977
2a27c0af4afe841ba49c0b4b,ontology-00003,fictional_ontology,2,phase_randomized,0,90.7381557381334,100.40017424857997,0.9037649228922207,9.662018510446572
2a27c0af4afe841ba49c0b4b,ontology-00003,fictional_ontology,2,phase_randomized,1,90.73815573813337,100.40017424857994,0.9037649228922207,9.66201851044657
2a27c0af4afe841ba49c0b4b,ontology-00003,fictional_ontology,2,phase_randomized,2,90.73815573813337,100.40017424857994,0.9037649228922207,9.66201851044657
2a27c0af4afe841ba49c0b4b,ontology-00003,fictional_ontology,2,phase_randomized,3,90.7381557381334,100.40017424857997,0.9037649228922207,9.662018510446572
2a27c0af4afe841ba49c0b4b,ontology-00003,fictional_ontology,2,gaussian_random_walk,0,81.6628851917421,126.1099410283008,0.6475531153679299,44.44705583655869
2a27c0af4afe841ba49c0b4b,ontology-00003,fictional_ontology,2,gaussian_random_walk,1,70.14607813394711,114.43848710714327,0.6129588035209929,44.29240897319616
2a27c0af4afe841ba49c0b4b,ontology-00003,fictional_ontology,2,gaussian_random_walk,2,74.07206948732593,116.07150263123381,0.6381589607111177,41.999433143907886
2a27c0af4afe841ba49c0b4b,ontology-00003,fictional_ontology,2,gaussian_random_walk,3,91.61695111915527,143.32790660240914,0.6392122322228582,51.710955483253876
2a27c0af4afe841ba49c0b4b,ontology-00003,fictional_ontology,2,matched_linear_drift,0,5.936920837430124,77.08379230758207,0.07701905497514241,71.14687147015195
2a27c0af4afe841ba49c0b4b,ontology-00003,fictional_ontology,2,matched_linear_drift,1,6.676053947143336,65.82746048363967,0.10141746162002648,59.15140653649634
2a27c0af4afe841ba49c0b4b,ontology-00003,fictional_ontology,2,matched_linear_drift,2,6.3011617261000685,63.01520619197851,0.09999430465883602,56.71404446587844
2a27c0af4afe841ba49c0b4b,ontology-00003,fictional_ontology,2,matched_linear_drift,3,4.254304914452199,68.75853876937546,0.061873114097460054,64.50423385492326
2a27c0af4afe841ba49c0b4b,ontology-00003,fictional_ontology,2,polynomial_trend,0,21.251180257446038,31.877096143040696,0.6666598538990675,10.625915885594658
2a27c0af4afe841ba49c0b4b,ontology-00003,fictional_ontology,2,polynomial_trend,1,28.002446482644217,43.06979542163622,0.6501643717717107,15.067348938992003
2a27c0af4afe841ba49c0b4b,ontology-00003,fictional_ontology,2,polynomial_trend,2,46.1972211602651,69.2435484824712,0.6671700421586538,23.046327322206096
2a27c0af4afe841ba49c0b4b,ontology-00003,fictional_ontology,2,polynomial_trend,3,24.09082987106072,33.82586987214738,0.7122013406341811,9.735040001086663
2a27c0af4afe841ba49c0b4b,ontology-00003,fictional_ontology,2,matched_ar1,0,25.603295384101216,49.0684182613978,0.521787664882676,23.465122877296587
2a27c0af4afe841ba49c0b4b,ontology-00003,fictional_ontology,2,matched_ar1,1,29.023458030731863,55.19826337377394,0.5258038252797936,26.174805343042074
2a27c0af4afe841ba49c0b4b,ontology-00003,fictional_ontology,2,matched_ar1,2,34.5253830081942,60.26435836452596,0.5728988733167569,25.73897535633176
2a27c0af4afe841ba49c0b4b,ontology-00003,fictional_ontology,2,matched_ar1,3,19.752258463714647,48.91087801937903,0.40384182953919956,29.15861955566438
2a27c0af4afe841ba49c0b4b,ontology-00003,fictional_ontology,2,randomized_boundary,0,90.73815573813343,100.40017424858,0.9037649228922208,9.662018510446577
2a27c0af4afe841ba49c0b4b,ontology-00003,fictional_ontology,2,randomized_boundary,1,90.73815573813343,100.40017424858,0.9037649228922208,9.662018510446575
2a27c0af4afe841ba49c0b4b,ontology-00003,fictional_ontology,2,randomized_boundary,2,90.73815573813343,100.40017424858,0.9037649228922208,9.662018510446575
2a27c0af4afe841ba49c0b4b,ontology-00003,fictional_ontology,2,randomized_boundary,3,90.73815573813343,100.40017424858,0.9037649228922208,9.662018510446575
3ae7d65cd136e39d8d73ca13,ontology-00003,fictional_ontology,3,observed,0,143.08681083300638,156.31691602084754,0.9153635734082887,13.230105187841147
3ae7d65cd136e39d8d73ca13,ontology-00003,fictional_ontology,3,temporal_shuffle,0,3.986168844848204,156.31691602084754,0.02550055967273932,152.33074717599933
3ae7d65cd136e39d8d73ca13,ontology-00003,fictional_ontology,3,temporal_shuffle,1,8.203944819488992,156.31691602084754,0.05248277044049958,148.11297120135856
3ae7d65cd136e39d8d73ca13,ontology-00003,fictional_ontology,3,temporal_shuffle,2,3.841305222334496,156.31691602084754,0.024573829372517765,152.47561079851306
3ae7d65cd136e39d8d73ca13,ontology-00003,fictional_ontology,3,temporal_shuffle,3,18.457198670699327,156.31691602084754,0.1180755041779211,137.8597173501482
3ae7d65cd136e39d8d73ca13,ontology-00003,fictional_ontology,3,phase_randomized,0,143.0868108330063,156.31691602084743,0.9153635734082888,13.230105187841144
3ae7d65cd136e39d8d73ca13,ontology-00003,fictional_ontology,3,phase_randomized,1,143.08681083300633,156.31691602084746,0.9153635734082889,13.23010518784114
3ae7d65cd136e39d8d73ca13,ontology-00003,fictional_ontology,3,phase_randomized,2,143.08681083300633,156.31691602084746,0.9153635734082889,13.23010518784114
3ae7d65cd136e39d8d73ca13,ontology-00003,fictional_ontology,3,phase_randomized,3,143.08681083300633,156.31691602084746,0.9153635734082889,13.23010518784114
3ae7d65cd136e39d8d73ca13,ontology-00003,fictional_ontology,3,gaussian_random_walk,0,81.21723741690641,134.40351301786052,0.6042791262912427,53.1862756009541
3ae7d65cd136e39d8d73ca13,ontology-00003,fictional_ontology,3,gaussian_random_walk,1,84.80078828000603,141.6525813910933,0.598653321014156,56.85179311108726
3ae7d65cd136e39d8d73ca13,ontology-00003,fictional_ontology,3,gaussian_random_walk,2,104.95686601978437,170.64900033789667,0.6150453024158513,65.69213431811228
3ae7d65cd136e39d8d73ca13,ontology-00003,fictional_ontology,3,gaussian_random_walk,3,92.52324310285272,150.49293368354648,0.614801245734293,57.96969058069377
3ae7d65cd136e39d8d73ca13,ontology-00003,fictional_ontology,3,matched_linear_drift,0,7.5845015311216475,116.0491155619317,0.06535596152022409,108.46461403081005
3ae7d65cd136e39d8d73ca13,ontology-00003,fictional_ontology,3,matched_linear_drift,1,8.99994207662756,103.40454807872509,0.0870362304545408,94.40460600209752
3ae7d65cd136e39d8d73ca13,ontology-00003,fictional_ontology,3,matched_linear_drift,2,12.003087966399764,110.2920580735439,0.10883002979594396,98.28897010714414
3ae7d65cd136e39d8d73ca13,ontology-00003,fictional_ontology,3,matched_linear_drift,3,10.02355620003236,105.42460886297188,0.0950779548355803,95.40105266293952
3ae7d65cd136e39d8d73ca13,ontology-00003,fictional_ontology,3,polynomial_trend,0,56.49975546536026,77.27673016537881,0.7311354316421768,20.776974700018542
3ae7d65cd136e39d8d73ca13,ontology-00003,fictional_ontology,3,polynomial_trend,1,50.2472605644629,74.32957967716764,0.6760062519215041,24.082319112704745
3ae7d65cd136e39d8d73ca13,ontology-00003,fictional_ontology,3,polynomial_trend,2,33.532022955628435,49.32984640016389,0.6797512135678783,15.79782344453545
3ae7d65cd136e39d8d73ca13,ontology-00003,fictional_ontology,3,polynomial_trend,3,59.57144097672756,87.6668290556842,0.6795208817110173,28.095388078956642
3ae7d65cd136e39d8d73ca13,ontology-00003,fictional_ontology,3,matched_ar1,0,48.40246803498048,87.1226176749139,0.5555671916974264,38.720149639933425
3ae7d65cd136e39d8d73ca13,ontology-00003,fictional_ontology,3,matched_ar1,1,44.705549893075144,75.94810441601439,0.5886328597247853,31.242554522939237
3ae7d65cd136e39d8d73ca13,ontology-00003,fictional_ontology,3,matched_ar1,2,57.63499226058657,101.12504705974756,0.5699378535422008,43.49005479916099
3ae7d65cd136e39d8d73ca13,ontology-00003,fictional_ontology,3,matched_ar1,3,45.68141603352058,77.1450946645976,0.5921493288993797,31.46367863107701
3ae7d65cd136e39d8d73ca13,ontology-00003,fictional_ontology,3,randomized_boundary,0,143.08681083300635,156.3169160208475,0.9153635734082889,13.230105187841147
3ae7d65cd136e39d8d73ca13,ontology-00003,fictional_ontology,3,randomized_boundary,1,143.08681083300638,156.31691602084754,0.9153635734082887,13.230105187841147
3ae7d65cd136e39d8d73ca13,ontology-00003,fictional_ontology,3,randomized_boundary,2,143.08681083300638,156.31691602084751,0.9153635734082889,13.230105187841145
3ae7d65cd136e39d8d73ca13,ontology-00003,fictional_ontology,3,randomized_boundary,3,143.08681083300638,156.31691602084754,0.9153635734082887,13.230105187841152
2909ad00758d69845c59466c,dependency-00003,dependency_graph,0,observed,0,25.004488295010272,30.495968454284192,0.8199276678979364,5.4914801592739195
2909ad00758d69845c59466c,dependency-00003,dependency_graph,0,temporal_shuffle,0,2.0082056853758132,30.49596845428419,0.06585151372996298,28.487762768908375
2909ad00758d69845c59466c,dependency-00003,dependency_graph,0,temporal_shuffle,1,1.1205496206682168,30.495968454284192,0.03674418873917735,29.375418833615974
2909ad00758d69845c59466c,dependency-00003,dependency_graph,0,temporal_shuffle,2,3.1442128157037517,30.49596845428419,0.10310257306362215,27.351755638580435
2909ad00758d69845c59466c,dependency-00003,dependency_graph,0,temporal_shuffle,3,1.1283985992716705,30.49596845428419,0.0370015663205852,29.36756985501252
2909ad00758d69845c59466c,dependency-00003,dependency_graph,0,phase_randomized,0,25.00448829501027,30.49596845428419,0.8199276678979364,5.4914801592739195
2909ad00758d69845c59466c,dependency-00003,dependency_graph,0,phase_randomized,1,25.00448829501027,30.49596845428419,0.8199276678979364,5.4914801592739195
2909ad00758d69845c59466c,dependency-00003,dependency_graph,0,phase_randomized,2,25.00448829501027,30.49596845428419,0.8199276678979364,5.4914801592739195
2909ad00758d69845c59466c,dependency-00003,dependency_graph,0,phase_randomized,3,25.00448829501027,30.49596845428419,0.8199276678979364,5.4914801592739195
2909ad00758d69845c59466c,dependency-00003,dependency_graph,0,gaussian_random_walk,0,33.06131243163529,56.23456494345793,0.5879179907389234,23.173252511822646
2909ad00758d69845c59466c,dependency-00003,dependency_graph,0,gaussian_random_walk,1,62.96653089238971,95.49304275016547,0.6593834386147529,32.52651185777576
2909ad00758d69845c59466c,dependency-00003,dependency_graph,0,gaussian_random_walk,2,45.101112291851095,77.98562160117372,0.5783259960727466,32.884509309322624
2909ad00758d69845c59466c,dependency-00003,dependency_graph,0,gaussian_random_walk,3,41.25956666585161,63.132351777922146,0.6535407838280529,21.872785112070538
2909ad00758d69845c59466c,dependency-00003,dependency_graph,0,matched_linear_drift,0,1.7861715204102595,21.83373388769972,0.08180788176668763,20.04756236728946
2909ad00758d69845c59466c,dependency-00003,dependency_graph,0,matched_linear_drift,1,2.3491953723712777,23.05401914520907,0.1018996018687471,20.704823772837795
2909ad00758d69845c59466c,dependency-00003,dependency_graph,0,matched_linear_drift,2,2.3292846556772733,21.82151954868403,0.10674255064962895,19.492234893006756
2909ad00758d69845c59466c,dependency-00003,dependency_graph,0,matched_linear_drift,3,1.6071375812655422,21.44863609583762,0.074929593382277,19.84149851457208
2909ad00758d69845c59466c,dependency-00003,dependency_graph,0,polynomial_trend,0,8.406029481233054,12.41244052385209,0.677226163950578,4.006411042619037
2909ad00758d69845c59466c,dependency-00003,dependency_graph,0,polynomial_trend,1,13.662849997500729,19.59952923903026,0.6971009268065835,5.936679241529533
2909ad00758d69845c59466c,dependency-00003,dependency_graph,0,polynomial_trend,2,9.774090125228827,14.58804397862726,0.6700069001401909,4.8139538533984325
2909ad00758d69845c59466c,dependency-00003,dependency_graph,0,polynomial_trend,3,8.403318467391362,12.544139173318953,0.6698999709174938,4.140820705927592
2909ad00758d69845c59466c,dependency-00003,dependency_graph,0,matched_ar1,0,8.787151314768,22.18747822089265,0.3960410113887415,13.40032690612465
2909ad00758d69845c59466c,dependency-00003,dependency_graph,0,matched_ar1,1,10.106077014718842,23.75170858106121,0.42548842245298846,13.645631566342367
2909ad00758d69845c59466c,dependency-00003,dependency_graph,0,matched_ar1,2,7.577709771986462,19.969003388132485,0.37947360840701094,12.391293616146022
2909ad00758d69845c59466c,dependency-00003,dependency_graph,0,matched_ar1,3,8.55205260833699,23.02293567302084,0.3714579552232608,14.47088306468385
2909ad00758d69845c59466c,dependency-00003,dependency_graph,0,randomized_boundary,0,25.004488295010272,30.495968454284192,0.8199276678979364,5.4914801592739195
2909ad00758d69845c59466c,dependency-00003,dependency_graph,0,randomized_boundary,1,25.004488295010272,30.495968454284196,0.8199276678979363,5.491480159273921
2909ad00758d69845c59466c,dependency-00003,dependency_graph,0,randomized_boundary,2,25.004488295010276,30.495968454284196,0.8199276678979364,5.4914801592739195
2909ad00758d69845c59466c,dependency-00003,dependency_graph,0,randomized_boundary,3,25.004488295010276,30.495968454284196,0.8199276678979364,5.491480159273919
1e95cec5dd9ea510e7662d55,dependency-00003,dependency_graph,1,observed,0,54.56879707946163,61.773466008313946,0.8833695210192244,7.204668928852315
1e95cec5dd9ea510e7662d55,dependency-00003,dependency_graph,1,temporal_shuffle,0,3.119990442362088,61.77346600831394,0.050506967537521305,58.65347556595185
1e95cec5dd9ea510e7662d55,dependency-00003,dependency_graph,1,temporal_shuffle,1,1.2248750232312084,61.77346600831393,0.019828497612006352,60.548590985082726
1e95cec5dd9ea510e7662d55,dependency-00003,dependency_graph,1,temporal_shuffle,2,6.101153076222938,61.77346600831394,0.09876656549272789,55.672312932091
1e95cec5dd9ea510e7662d55,dependency-00003,dependency_graph,1,temporal_shuffle,3,0.5334634195619647,61.77346600831393,0.008635801971839612,61.24000258875197
1e95cec5dd9ea510e7662d55,dependency-00003,dependency_graph,1,phase_randomized,0,54.568797079461625,61.77346600831393,0.8833695210192245,7.2046689288523105
1e95cec5dd9ea510e7662d55,dependency-00003,dependency_graph,1,phase_randomized,1,54.56879707946162,61.77346600831393,0.8833695210192244,7.204668928852312
1e95cec5dd9ea510e7662d55,dependency-00003,dependency_graph,1,phase_randomized,2,54.56879707946162,61.77346600831393,0.8833695210192244,7.204668928852312
1e95cec5dd9ea510e7662d55,dependency-00003,dependency_graph,1,phase_randomized,3,54.56879707946163,61.773466008313946,0.8833695210192244,7.204668928852312
1e95cec5dd9ea510e7662d55,dependency-00003,dependency_graph,1,gaussian_random_walk,0,53.14585843838974,84.55492470671078,0.6285365237179588,31.40906626832104
1e95cec5dd9ea510e7662d55,dependency-00003,dependency_graph,1,gaussian_random_walk,1,61.99958265224525,91.0005528209763,0.6813099561517597,29.000970168731047
1e95cec5dd9ea510e7662d55,dependency-00003,dependency_graph,1,gaussian_random_walk,2,54.60765108673628,86.23475551526916,0.6332441109207665,31.62710442853287
1e95cec5dd9ea510e7662d55,dependency-00003,dependency_graph,1,gaussian_random_walk,3,68.26555139432037,101.72777778649166,0.6710610698446349,33.46222639217129
1e95cec5dd9ea510e7662d55,dependency-00003,dependency_graph,1,matched_linear_drift,0,4.475721114573194,48.12677350823009,0.09299856999156213,43.6510523936569
1e95cec5dd9ea510e7662d55,dependency-00003,dependency_graph,1,matched_linear_drift,1,3.587745629048136,35.14745862896569,0.10207695716843115,31.55971299991755
1e95cec5dd9ea510e7662d55,dependency-00003,dependency_graph,1,matched_linear_drift,2,5.240879514559108,41.488643593846405,0.12632082084593468,36.2477640792873
1e95cec5dd9ea510e7662d55,dependency-00003,dependency_graph,1,matched_linear_drift,3,4.505896514644978,43.268705647002,0.10413753883477174,38.76280913235702
1e95cec5dd9ea510e7662d55,dependency-00003,dependency_graph,1,polynomial_trend,0,15.971772917245797,23.318637921671318,0.6849359285433363,7.346865004425522
1e95cec5dd9ea510e7662d55,dependency-00003,dependency_graph,1,polynomial_trend,1,18.38948294200982,27.855467190187557,0.6601749960412708,9.465984248177737
1e95cec5dd9ea510e7662d55,dependency-00003,dependency_graph,1,polynomial_trend,2,22.794933815735497,34.31916414628436,0.6642042247466403,11.524230330548859
1e95cec5dd9ea510e7662d55,dependency-00003,dependency_graph,1,polynomial_trend,3,17.9424994699016,25.979395243018715,0.6906434619459888,8.036895773117116
1e95cec5dd9ea510e7662d55,dependency-00003,dependency_graph,1,matched_ar1,0,23.832779013488476,45.41904288617087,0.5247309828438734,21.586263872682395
1e95cec5dd9ea510e7662d55,dependency-00003,dependency_graph,1,matched_ar1,1,24.586835810490165,44.051672601998675,0.5581362604010326,19.46483679150851
1e95cec5dd9ea510e7662d55,dependency-00003,dependency_graph,1,matched_ar1,2,24.796336860685507,43.23227876682147,0.5735607182408207,18.435941906135966
1e95cec5dd9ea510e7662d55,dependency-00003,dependency_graph,1,matched_ar1,3,16.69390879320658,33.24028089928114,0.5022192454928264,16.546372106074557
1e95cec5dd9ea510e7662d55,dependency-00003,dependency_graph,1,randomized_boundary,0,54.56879707946163,61.773466008313946,0.8833695210192244,7.204668928852316
1e95cec5dd9ea510e7662d55,dependency-00003,dependency_graph,1,randomized_boundary,1,54.56879707946163,61.773466008313946,0.8833695210192244,7.204668928852312
1e95cec5dd9ea510e7662d55,dependency-00003,dependency_graph,1,randomized_boundary,2,54.56879707946163,61.773466008313946,0.8833695210192244,7.2046689288523105
1e95cec5dd9ea510e7662d55,dependency-00003,dependency_graph,1,randomized_boundary,3,54.56879707946163,61.773466008313946,0.8833695210192244,7.204668928852313
6925abf428ee0f7379167cc9,dependency-00003,dependency_graph,2,observed,0,95.10207771299042,103.66857734353977,0.9173664783480008,8.56649963054934
6925abf428ee0f7379167cc9,dependency-00003,dependency_graph,2,temporal_shuffle,0,7.861504267386843,103.66857734353975,0.0758330486328097,95.8070730761529
6925abf428ee0f7379167cc9,dependency-00003,dependency_graph,2,temporal_shuffle,1,3.4902577436631166,103.66857734353977,0.03366746060474048,100.17831959987664
6925abf428ee0f7379167cc9,dependency-00003,dependency_graph,2,temporal_shuffle,2,11.018831938986859,103.66857734353977,0.1062890243248188,92.6497454045529
6925abf428ee0f7379167cc9,dependency-00003,dependency_graph,2,temporal_shuffle,3,4.538738215025682,103.66857734353977,0.04378123372895422,99.12983912851408
6925abf428ee0f7379167cc9,dependency-00003,dependency_graph,2,phase_randomized,0,95.10207771299042,103.66857734353975,0.917366478348001,8.566499630549336
6925abf428ee0f7379167cc9,dependency-00003,dependency_graph,2,phase_randomized,1,95.10207771299042,103.66857734353975,0.917366478348001,8.566499630549336
6925abf428ee0f7379167cc9,dependency-00003,dependency_graph,2,phase_randomized,2,95.10207771299042,103.66857734353977,0.9173664783480008,8.566499630549337
6925abf428ee0f7379167cc9,dependency-00003,dependency_graph,2,phase_randomized,3,95.10207771299042,103.66857734353977,0.9173664783480008,8.566499630549337
6925abf428ee0f7379167cc9,dependency-00003,dependency_graph,2,gaussian_random_walk,0,58.66918027081533,91.88248382333902,0.6385240998014119,33.21330355252369
6925abf428ee0f7379167cc9,dependency-00003,dependency_graph,2,gaussian_random_walk,1,60.3344114331441,98.1457933443928,0.614742714661556,37.8113819112487
6925abf428ee0f7379167cc9,dependency-00003,dependency_graph,2,gaussian_random_walk,2,64.6944056683692,98.47028671765042,0.6569941839803028,33.77588104928123
6925abf428ee0f7379167cc9,dependency-00003,dependency_graph,2,gaussian_random_walk,3,54.54419067899995,93.26988338688983,0.5847996019545445,38.72569270788988
6925abf428ee0f7379167cc9,dependency-00003,dependency_graph,2,matched_linear_drift,0,5.333353499369645,63.82785404438625,0.08355840219319924,58.49450054501661
6925abf428ee0f7379167cc9,dependency-00003,dependency_graph,2,matched_linear_drift,1,6.580379623261025,72.58842361402937,0.09065329284805156,66.00804399076834
6925abf428ee0f7379167cc9,dependency-00003,dependency_graph,2,matched_linear_drift,2,7.848633703076693,75.62543091678586,0.10378299479328464,67.77679721370916
6925abf428ee0f7379167cc9,dependency-00003,dependency_graph,2,matched_linear_drift,3,6.819557839256994,69.34541443768899,0.09834187155063838,62.525856598432
6925abf428ee0f7379167cc9,dependency-00003,dependency_graph,2,polynomial_trend,0,36.64671791779493,50.60153533806466,0.724221462312581,13.954817420269727
6925abf428ee0f7379167cc9,dependency-00003,dependency_graph,2,polynomial_trend,1,23.63380249407163,34.499831822784884,0.6850410928224597,10.866029328713257
6925abf428ee0f7379167cc9,dependency-00003,dependency_graph,2,polynomial_trend,2,35.70418403448423,54.9036088986171,0.6503066874968858,19.199424864132872
6925abf428ee0f7379167cc9,dependency-00003,dependency_graph,2,polynomial_trend,3,28.447530141975413,43.82649339927141,0.6490943704487281,15.378963257295997
6925abf428ee0f7379167cc9,dependency-00003,dependency_graph,2,matched_ar1,0,30.62635004506915,53.36765385619361,0.5738747693049427,22.741303811124467
6925abf428ee0f7379167cc9,dependency-00003,dependency_graph,2,matched_ar1,1,25.786639713296502,49.90502526295098,0.5167142903430261,24.118385549654477
6925abf428ee0f7379167cc9,dependency-00003,dependency_graph,2,matched_ar1,2,24.138767171494706,44.894996709625914,0.5376716547641293,20.75622953813121
6925abf428ee0f7379167cc9,dependency-00003,dependency_graph,2,matched_ar1,3,37.830024901938124,67.75857157622407,0.5583061156975802,29.928546674285947
6925abf428ee0f7379167cc9,dependency-00003,dependency_graph,2,randomized_boundary,0,95.10207771299045,103.6685773435398,0.9173664783480009,8.566499630549337
6925abf428ee0f7379167cc9,dependency-00003,dependency_graph,2,randomized_boundary,1,95.10207771299042,103.66857734353975,0.917366478348001,8.566499630549334
6925abf428ee0f7379167cc9,dependency-00003,dependency_graph,2,randomized_boundary,2,95.10207771299044,103.66857734353977,0.917366478348001,8.566499630549336
6925abf428ee0f7379167cc9,dependency-00003,dependency_graph,2,randomized_boundary,3,95.10207771299044,103.66857734353977,0.917366478348001,8.566499630549337
f0819baac6e5a8f48125f42e,dependency-00003,dependency_graph,3,observed,0,147.55487089557965,157.70069830291376,0.9356640299217581,10.145827407334114
f0819baac6e5a8f48125f42e,dependency-00003,dependency_graph,3,temporal_shuffle,0,12.063955953779399,157.7006983029138,0.07649906489701636,145.63674234913438
f0819baac6e5a8f48125f42e,dependency-00003,dependency_graph,3,temporal_shuffle,1,1.2171094634739612,157.70069830291376,0.007717844477366358,156.4835888394398
f0819baac6e5a8f48125f42e,dependency-00003,dependency_graph,3,temporal_shuffle,2,8.98503143135909,157.70069830291376,0.05697521652123894,148.71566687155467
f0819baac6e5a8f48125f42e,dependency-00003,dependency_graph,3,temporal_shuffle,3,14.617448438117677,157.7006983029138,0.09269108250897069,143.0832498647961
f0819baac6e5a8f48125f42e,dependency-00003,dependency_graph,3,phase_randomized,0,147.55487089557965,157.70069830291376,0.9356640299217581,10.14582740733411
f0819baac6e5a8f48125f42e,dependency-00003,dependency_graph,3,phase_randomized,1,147.55487089557965,157.70069830291376,0.9356640299217581,10.14582740733411
f0819baac6e5a8f48125f42e,dependency-00003,dependency_graph,3,phase_randomized,2,147.55487089557965,157.70069830291376,0.9356640299217581,10.14582740733411
f0819baac6e5a8f48125f42e,dependency-00003,dependency_graph,3,phase_randomized,3,147.55487089557965,157.70069830291376,0.9356640299217581,10.14582740733411
f0819baac6e5a8f48125f42e,dependency-00003,dependency_graph,3,gaussian_random_walk,0,52.8332147452171,89.06938298701067,0.5931692010589315,36.236168241793564
f0819baac6e5a8f48125f42e,dependency-00003,dependency_graph,3,gaussian_random_walk,1,78.33768811592302,127.09198895869456,0.6163857278320123,48.75430084277154
f0819baac6e5a8f48125f42e,dependency-00003,dependency_graph,3,gaussian_random_walk,2,62.73254119735252,97.35232933568541,0.6443866482232934,34.61978813833289
f0819baac6e5a8f48125f42e,dependency-00003,dependency_graph,3,gaussian_random_walk,3,77.27883808281277,126.46539000590784,0.6110670917885335,49.18655192309506
f0819baac6e5a8f48125f42e,dependency-00003,dependency_graph,3,matched_linear_drift,0,7.8946196108690785,112.20897415414518,0.0703564012627366,104.3143545432761
f0819baac6e5a8f48125f42e,dependency-00003,dependency_graph,3,matched_linear_drift,1,10.285224717703965,103.19709391850432,0.09966583677081353,92.91186920080035
f0819baac6e5a8f48125f42e,dependency-00003,dependency_graph,3,matched_linear_drift,2,7.924164579185797,104.95443295132262,0.07550099939905339,97.03026837213682
f0819baac6e5a8f48125f42e,dependency-00003,dependency_graph,3,matched_linear_drift,3,9.323112240865559,102.54806321431124,0.09091456190041879,93.22495097344569
f0819baac6e5a8f48125f42e,dependency-00003,dependency_graph,3,polynomial_trend,0,59.40426262662127,88.49901669107433,0.6712420640105548,29.094754064453067
f0819baac6e5a8f48125f42e,dependency-00003,dependency_graph,3,polynomial_trend,1,41.563653378880254,62.71599937593634,0.6627280724610108,21.152345997056088
f0819baac6e5a8f48125f42e,dependency-00003,dependency_graph,3,polynomial_trend,2,50.93043745193372,70.09755555353507,0.7265650998776556,19.167118101601346
f0819baac6e5a8f48125f42e,dependency-00003,dependency_graph,3,polynomial_trend,3,42.20235109127948,63.72516654899086,0.6622556421070317,21.52281545771138
f0819baac6e5a8f48125f42e,dependency-00003,dependency_graph,3,matched_ar1,0,53.36040737178156,77.29460251110567,0.6903510159601992,23.934195139324096
f0819baac6e5a8f48125f42e,dependency-00003,dependency_graph,3,matched_ar1,1,19.812275496801455,49.407747575621165,0.40099531893207074,29.59547207881971
f0819baac6e5a8f48125f42e,dependency-00003,dependency_graph,3,matched_ar1,2,37.06080810772322,66.68435166375835,0.5557646911616455,29.623543556035134
f0819baac6e5a8f48125f42e,dependency-00003,dependency_graph,3,matched_ar1,3,36.77366907611281,65.09057302134838,0.5649615200660747,28.316903945235566
f0819baac6e5a8f48125f42e,dependency-00003,dependency_graph,3,randomized_boundary,0,147.55487089557968,157.7006983029138,0.9356640299217581,10.145827407334112
f0819baac6e5a8f48125f42e,dependency-00003,dependency_graph,3,randomized_boundary,1,147.55487089557968,157.7006983029138,0.9356640299217581,10.14582740733411
f0819baac6e5a8f48125f42e,dependency-00003,dependency_graph,3,randomized_boundary,2,147.5548708955797,157.70069830291382,0.9356640299217581,10.145827407334114
f0819baac6e5a8f48125f42e,dependency-00003,dependency_graph,3,randomized_boundary,3,147.55487089557968,157.7006983029138,0.9356640299217581,10.145827407334114
6050a62d4af70e97de1fcab1,iterative-00004,iterative_state_machine,0,observed,0,25.85278619151154,31.806337422592584,0.8128187111901751,5.953551231081042
6050a62d4af70e97de1fcab1,iterative-00004,iterative_state_machine,0,temporal_shuffle,0,1.1405422081025773,31.806337422592584,0.03585896084006299,30.665795214490007
6050a62d4af70e97de1fcab1,iterative-00004,iterative_state_machine,0,temporal_shuffle,1,1.2775497540049257,31.806337422592584,0.04016651578051424,30.528787668587658
6050a62d4af70e97de1fcab1,iterative-00004,iterative_state_machine,0,temporal_shuffle,2,1.8191615154863032,31.806337422592588,0.05719493858460174,29.987175907106284
6050a62d4af70e97de1fcab1,iterative-00004,iterative_state_machine,0,temporal_shuffle,3,0.589127552821828,31.806337422592588,0.018522332357681668,31.21720986977076
6050a62d4af70e97de1fcab1,iterative-00004,iterative_state_machine,0,phase_randomized,0,25.852786191511548,31.80633742259259,0.8128187111901751,5.953551231081044
6050a62d4af70e97de1fcab1,iterative-00004,iterative_state_machine,0,phase_randomized,1,25.852786191511548,31.80633742259259,0.8128187111901751,5.953551231081043
6050a62d4af70e97de1fcab1,iterative-00004,iterative_state_machine,0,phase_randomized,2,25.852786191511548,31.80633742259259,0.8128187111901751,5.953551231081043
6050a62d4af70e97de1fcab1,iterative-00004,iterative_state_machine,0,phase_randomized,3,25.852786191511548,31.80633742259259,0.8128187111901751,5.953551231081043
6050a62d4af70e97de1fcab1,iterative-00004,iterative_state_machine,0,gaussian_random_walk,0,48.04171737048381,79.63965554594175,0.6032386383536023,31.59793817545794
6050a62d4af70e97de1fcab1,iterative-00004,iterative_state_machine,0,gaussian_random_walk,1,49.65974287361732,82.21990903060902,0.603986837970471,32.5601661569917
6050a62d4af70e97de1fcab1,iterative-00004,iterative_state_machine,0,gaussian_random_walk,2,42.23952482462123,68.08881294847745,0.6203592483920041,25.849288123856233
6050a62d4af70e97de1fcab1,iterative-00004,iterative_state_machine,0,gaussian_random_walk,3,33.93792098980536,61.579010822684424,0.551128063546343,27.641089832879057
6050a62d4af70e97de1fcab1,iterative-00004,iterative_state_machine,0,matched_linear_drift,0,1.8354874764951274,22.841655599582385,0.0803570244062644,21.006168123087257
6050a62d4af70e97de1fcab1,iterative-00004,iterative_state_machine,0,matched_linear_drift,1,2.012169071686771,21.550926747079707,0.0933680994465555,19.538757675392937
6050a62d4af70e97de1fcab1,iterative-00004,iterative_state_machine,0,matched_linear_drift,2,2.3477842739760586,20.892662723209455,0.11237362633380034,18.544878449233398
6050a62d4af70e97de1fcab1,iterative-00004,iterative_state_machine,0,matched_linear_drift,3,2.1937857037028525,20.822552781297098,0.10535623209817577,18.628767077594244
6050a62d4af70e97de1fcab1,iterative-00004,iterative_state_machine,0,polynomial_trend,0,5.62484426291717,8.172790869679584,0.6882403272772956,2.547946606762415
6050a62d4af70e97de1fcab1,iterative-00004,iterative_state_machine,0,polynomial_trend,1,7.544026506790662,10.722206907284582,0.7035889693254577,3.17818040049392
6050a62d4af70e97de1fcab1,iterative-00004,iterative_state_machine,0,polynomial_trend,2,13.897113797662755,21.518656422626577,0.6458169843285442,7.621542624963821
6050a62d4af70e97de1fcab1,iterative-00004,iterative_state_machine,0,polynomial_trend,3,8.287593056636823,12.061546834485396,0.6871086412351034,3.7739537778485737
6050a62d4af70e97de1fcab1,iterative-00004,iterative_state_machine,0,matched_ar1,0,10.27868733269679,23.19069109941992,0.4432247098040945,12.912003766723128
6050a62d4af70e97de1fcab1,iterative-00004,iterative_state_machine,0,matched_ar1,1,8.765355013448909,23.298224304587215,0.3762241662221051,14.532869291138308
6050a62d4af70e97de1fcab1,iterative-00004,iterative_state_machine,0,matched_ar1,2,8.259092826624723,22.09228956737453,0.3738450377194763,13.833196740749807
6050a62d4af70e97de1fcab1,iterative-00004,iterative_state_machine,0,matched_ar1,3,9.15119935525449,23.301257889486713,0.3927341347259805,14.150058534232222
6050a62d4af70e97de1fcab1,iterative-00004,iterative_state_machine,0,randomized_boundary,0,25.85278619151154,31.806337422592584,0.8128187111901751,5.953551231081043
6050a62d4af70e97de1fcab1,iterative-00004,iterative_state_machine,0,randomized_boundary,1,25.85278619151154,31.806337422592584,0.8128187111901751,5.953551231081043
6050a62d4af70e97de1fcab1,iterative-00004,iterative_state_machine,0,randomized_boundary,2,25.85278619151154,31.806337422592584,0.8128187111901751,5.953551231081042
6050a62d4af70e97de1fcab1,iterative-00004,iterative_state_machine,0,randomized_boundary,3,25.852786191511537,31.80633742259258,0.8128187111901751,5.953551231081043
fa2a2abf2be0020781211cae,iterative-00004,iterative_state_machine,1,observed,0,55.87399339218187,64.36569214383596,0.8680710411273453,8.491698751654091
fa2a2abf2be0020781211cae,iterative-00004,iterative_state_machine,1,temporal_shuffle,0,3.5945272381434465,64.36569214383596,0.055845390897232505,60.771164905692515
fa2a2abf2be0020781211cae,iterative-00004,iterative_state_machine,1,temporal_shuffle,1,1.4914560181752334,64.36569214383596,0.023171599162521615,62.87423612566073
fa2a2abf2be0020781211cae,iterative-00004,iterative_state_machine,1,temporal_shuffle,2,0.8738259346796184,64.36569214383596,0.01357595802321068,63.49186620915634
fa2a2abf2be0020781211cae,iterative-00004,iterative_state_machine,1,temporal_shuffle,3,2.4140656541534486,64.36569214383597,0.0375054718398555,61.95162648968252
fa2a2abf2be0020781211cae,iterative-00004,iterative_state_machine,1,phase_randomized,0,55.87399339218189,64.36569214383599,0.8680710411273452,8.491698751654095
fa2a2abf2be0020781211cae,iterative-00004,iterative_state_machine,1,phase_randomized,1,55.87399339218189,64.36569214383599,0.8680710411273452,8.491698751654095
fa2a2abf2be0020781211cae,iterative-00004,iterative_state_machine,1,phase_randomized,2,55.87399339218189,64.36569214383599,0.8680710411273452,8.491698751654095
fa2a2abf2be0020781211cae,iterative-00004,iterative_state_machine,1,phase_randomized,3,55.87399339218189,64.36569214383599,0.8680710411273452,8.491698751654095
fa2a2abf2be0020781211cae,iterative-00004,iterative_state_machine,1,gaussian_random_walk,0,53.01301186063188,88.95731785189784,0.5959376152605177,35.944305991265956
fa2a2abf2be0020781211cae,iterative-00004,iterative_state_machine,1,gaussian_random_walk,1,58.98808097507654,98.63884906531425,0.5980207751209391,39.6507680902377
fa2a2abf2be0020781211cae,iterative-00004,iterative_state_machine,1,gaussian_random_walk,2,57.90966508827705,90.83387620453999,0.6375337870408161,32.92421111626294
fa2a2abf2be0020781211cae,iterative-00004,iterative_state_machine,1,gaussian_random_walk,3,56.12583877528651,97.51813767190129,0.5755425617757518,41.392298896614776
fa2a2abf2be0020781211cae,iterative-00004,iterative_state_machine,1,matched_linear_drift,0,4.009981988595751,42.638150170126536,0.09404680954956753,38.62816818153078
fa2a2abf2be0020781211cae,iterative-00004,iterative_state_machine,1,matched_linear_drift,1,4.551059894452477,46.63463408114171,0.09758969881770449,42.08357418668923
fa2a2abf2be0020781211cae,iterative-00004,iterative_state_machine,1,matched_linear_drift,2,4.254202051390541,45.5886892032459,0.09331705135070309,41.334487151855356
fa2a2abf2be0020781211cae,iterative-00004,iterative_state_machine,1,matched_linear_drift,3,4.981992456999405,46.55864408295898,0.10700467238956546,41.57665162595957
fa2a2abf2be0020781211cae,iterative-00004,iterative_state_machine,1,polynomial_trend,0,14.795860702639601,21.814364185661866,0.6782622943631159,7.018503483022266
fa2a2abf2be0020781211cae,iterative-00004,iterative_state_machine,1,polynomial_trend,1,11.556597103227734,16.79691092582121,0.6880191931876144,5.240313822593476
fa2a2abf2be0020781211cae,iterative-00004,iterative_state_machine,1,polynomial_trend,2,14.781879230419936,20.669550353515216,0.7151524332945163,5.887671123095281
fa2a2abf2be0020781211cae,iterative-00004,iterative_state_machine,1,polynomial_trend,3,17.15609912542973,27.164949853016264,0.6315527625950983,10.008850727586534
fa2a2abf2be0020781211cae,iterative-00004,iterative_state_machine,1,matched_ar1,0,17.22198237096763,39.4788114024235,0.4362335581843383,22.256829031455872
fa2a2abf2be0020781211cae,iterative-00004,iterative_state_machine,1,matched_ar1,1,23.60897824800881,46.12445906613654,0.5118537696920538,22.515480818127728
fa2a2abf2be0020781211cae,iterative-00004,iterative_state_machine,1,matched_ar1,2,22.38282152554578,42.71645424926766,0.5239859421602043,20.333632723721884
fa2a2abf2be0020781211cae,iterative-00004,iterative_state_machine,1,matched_ar1,3,21.27712669265005,45.153781180263536,0.47121472746008175,23.876654487613486
fa2a2abf2be0020781211cae,iterative-00004,iterative_state_machine,1,randomized_boundary,0,55.87399339218187,64.36569214383597,0.8680710411273451,8.491698751654093
fa2a2abf2be0020781211cae,iterative-00004,iterative_state_machine,1,randomized_boundary,1,55.87399339218187,64.36569214383597,0.8680710411273451,8.491698751654095
fa2a2abf2be0020781211cae,iterative-00004,iterative_state_machine,1,randomized_boundary,2,55.87399339218187,64.36569214383597,0.8680710411273451,8.491698751654093
fa2a2abf2be0020781211cae,iterative-00004,iterative_state_machine,1,randomized_boundary,3,55.87399339218187,64.36569214383597,0.8680710411273451,8.491698751654095
1600fd0b41f53799a066c16e,iterative-00004,iterative_state_machine,2,observed,0,96.65351608815713,107.32109249617777,0.9006013062306409,10.667576408020633
1600fd0b41f53799a066c16e,iterative-00004,iterative_state_machine,2,temporal_shuffle,0,6.0820380855400735,107.32109249617777,0.05667141420272706,101.23905441063769
1600fd0b41f53799a066c16e,iterative-00004,iterative_state_machine,2,temporal_shuffle,1,2.1997381442330832,107.32109249617777,0.02049679231798192,105.12135435194469
1600fd0b41f53799a066c16e,iterative-00004,iterative_state_machine,2,temporal_shuffle,2,2.7113939083729424,107.32109249617778,0.025264315199451666,104.60969858780484
1600fd0b41f53799a066c16e,iterative-00004,iterative_state_machine,2,temporal_shuffle,3,6.881322863936171,107.3210924961778,0.06411901615874109,100.43976963224162
1600fd0b41f53799a066c16e,iterative-00004,iterative_state_machine,2,phase_randomized,0,96.65351608815715,107.32109249617778,0.9006013062306409,10.667576408020633
1600fd0b41f53799a066c16e,iterative-00004,iterative_state_machine,2,phase_randomized,1,96.65351608815718,107.32109249617781,0.9006013062306409,10.667576408020633
1600fd0b41f53799a066c16e,iterative-00004,iterative_state_machine,2,phase_randomized,2,96.65351608815718,107.32109249617781,0.9006013062306409,10.667576408020635
1600fd0b41f53799a066c16e,iterative-00004,iterative_state_machine,2,phase_randomized,3,96.65351608815718,107.32109249617781,0.9006013062306409,10.667576408020633
1600fd0b41f53799a066c16e,iterative-00004,iterative_state_machine,2,gaussian_random_walk,0,49.81464533391768,95.06913671440657,0.5239833562764316,45.25449138048888
1600fd0b41f53799a066c16e,iterative-00004,iterative_state_machine,2,gaussian_random_walk,1,69.14954241474948,119.41325792224491,0.5790775967252791,50.263715507495434
1600fd0b41f53799a066c16e,iterative-00004,iterative_state_machine,2,gaussian_random_walk,2,71.04926345810777,114.24824707004073,0.6218849328563483,43.19898361193296
1600fd0b41f53799a066c16e,iterative-00004,iterative_state_machine,2,gaussian_random_walk,3,72.19612537268017,122.71231397979938,0.5883364352868852,50.5161886071192
1600fd0b41f53799a066c16e,iterative-00004,iterative_state_machine,2,matched_linear_drift,0,5.180000469099271,77.6397867236926,0.06671837581849693,72.45978625459333
1600fd0b41f53799a066c16e,iterative-00004,iterative_state_machine,2,matched_linear_drift,1,6.007583129247234,79.42452341661806,0.0756388942711649,73.41694028737082
1600fd0b41f53799a066c16e,iterative-00004,iterative_state_machine,2,matched_linear_drift,2,7.994979931547874,67.93929259256575,0.11767829228799954,59.94431266101787
1600fd0b41f53799a066c16e,iterative-00004,iterative_state_machine,2,matched_linear_drift,3,4.941906285108715,70.82630256740039,0.0697750144503993,65.88439628229168
1600fd0b41f53799a066c16e,iterative-00004,iterative_state_machine,2,polynomial_trend,0,23.981365042314586,32.8402159803806,0.730243828379251,8.858850938066013
1600fd0b41f53799a066c16e,iterative-00004,iterative_state_machine,2,polynomial_trend,1,44.455769010360186,68.80180559583742,0.6461424758458636,24.346036585477236
1600fd0b41f53799a066c16e,iterative-00004,iterative_state_machine,2,polynomial_trend,2,30.46761145248658,43.134047065743296,0.7063471555555404,12.666435613256716
1600fd0b41f53799a066c16e,iterative-00004,iterative_state_machine,2,polynomial_trend,3,45.814873556382246,67.03142608430957,0.6834834977068523,21.21655252792732
1600fd0b41f53799a066c16e,iterative-00004,iterative_state_machine,2,matched_ar1,0,28.89851792561585,61.648563508443566,0.46876222706564485,32.75004558282772
1600fd0b41f53799a066c16e,iterative-00004,iterative_state_machine,2,matched_ar1,1,25.87108992658022,62.91114648091335,0.4112322119964745,37.040056554333134
1600fd0b41f53799a066c16e,iterative-00004,iterative_state_machine,2,matched_ar1,2,37.672500645655276,68.90521627581954,0.5467292997798113,31.232715630164265
1600fd0b41f53799a066c16e,iterative-00004,iterative_state_machine,2,matched_ar1,3,27.23908474848525,54.42624214610521,0.5004770433233834,27.187157397619956
1600fd0b41f53799a066c16e,iterative-00004,iterative_state_machine,2,randomized_boundary,0,96.65351608815715,107.32109249617778,0.9006013062306409,10.66757640802063
1600fd0b41f53799a066c16e,iterative-00004,iterative_state_machine,2,randomized_boundary,1,96.65351608815715,107.32109249617778,0.9006013062306409,10.66757640802063
1600fd0b41f53799a066c16e,iterative-00004,iterative_state_machine,2,randomized_boundary,2,96.65351608815715,107.32109249617778,0.9006013062306409,10.667576408020633
1600fd0b41f53799a066c16e,iterative-00004,iterative_state_machine,2,randomized_boundary,3,96.65351608815715,107.32109249617778,0.9006013062306409,10.66757640802063
64dd9786c062c9e622ceab77,iterative-00004,iterative_state_machine,3,observed,0,146.61164453142854,160.42376935192448,0.9139022547824815,13.81212482049594
64dd9786c062c9e622ceab77,iterative-00004,iterative_state_machine,3,temporal_shuffle,0,3.784859808837994,160.42376935192448,0.02359288666590971,156.63890954308647
64dd9786c062c9e622ceab77,iterative-00004,iterative_state_machine,3,temporal_shuffle,1,6.836753003926063,160.42376935192448,0.04261683310113576,153.58701634799843
64dd9786c062c9e622ceab77,iterative-00004,iterative_state_machine,3,temporal_shuffle,2,7.7721182277246985,160.42376935192448,0.04844742309149254,152.6516511241998
64dd9786c062c9e622ceab77,iterative-00004,iterative_state_machine,3,temporal_shuffle,3,12.801448241138903,160.4237693519245,0.07979770262757095,147.6223211107856
64dd9786c062c9e622ceab77,iterative-00004,iterative_state_machine,3,phase_randomized,0,146.61164453142857,160.4237693519245,0.9139022547824815,13.812124820495942
64dd9786c062c9e622ceab77,iterative-00004,iterative_state_machine,3,phase_randomized,1,146.61164453142857,160.4237693519245,0.9139022547824815,13.812124820495946
64dd9786c062c9e622ceab77,iterative-00004,iterative_state_machine,3,phase_randomized,2,146.61164453142857,160.4237693519245,0.9139022547824815,13.812124820495942
64dd9786c062c9e622ceab77,iterative-00004,iterative_state_machine,3,phase_randomized,3,146.61164453142857,160.4237693519245,0.9139022547824815,13.812124820495942
64dd9786c062c9e622ceab77,iterative-00004,iterative_state_machine,3,gaussian_random_walk,0,109.98854566822274,158.20656953320287,0.6952211023394917,48.218023864980125
64dd9786c062c9e622ceab77,iterative-00004,iterative_state_machine,3,gaussian_random_walk,1,73.4761503713022,124.59533681475546,0.5897183012598962,51.11918644345326
64dd9786c062c9e622ceab77,iterative-00004,iterative_state_machine,3,gaussian_random_walk,2,88.71645390013498,136.260860175103,0.651078040943887,47.54440627496804
64dd9786c062c9e622ceab77,iterative-00004,iterative_state_machine,3,gaussian_random_walk,3,109.77429363680403,166.56423088002026,0.6590508241585,56.789937243216215
64dd9786c062c9e622ceab77,iterative-00004,iterative_state_machine,3,matched_linear_drift,0,11.374685647033697,110.3391433736828,0.10308839908708857,98.9644577266491
64dd9786c062c9e622ceab77,iterative-00004,iterative_state_machine,3,matched_linear_drift,1,9.958915618472638,108.92241512730749,0.09143127800492444,98.96349950883484
64dd9786c062c9e622ceab77,iterative-00004,iterative_state_machine,3,matched_linear_drift,2,6.746821462187319,119.91785536558632,0.05626202571434164,113.171033903399
64dd9786c062c9e622ceab77,iterative-00004,iterative_state_machine,3,matched_linear_drift,3,4.4827511990032605,108.31901471693189,0.04138471173060383,103.83626351792863
64dd9786c062c9e622ceab77,iterative-00004,iterative_state_machine,3,polynomial_trend,0,45.20316195571459,64.59282790288219,0.6998170450700701,19.3896659471676
64dd9786c062c9e622ceab77,iterative-00004,iterative_state_machine,3,polynomial_trend,1,50.253129995000855,77.51752966762967,0.6482808496409802,27.264399672628816
64dd9786c062c9e622ceab77,iterative-00004,iterative_state_machine,3,polynomial_trend,2,55.1625960405034,81.51813192080762,0.6766911206220008,26.355535880304213
64dd9786c062c9e622ceab77,iterative-00004,iterative_state_machine,3,polynomial_trend,3,73.30530304097124,108.85350340985319,0.6734308106277799,35.54820036888195
64dd9786c062c9e622ceab77,iterative-00004,iterative_state_machine,3,matched_ar1,0,42.349577167698854,78.46485359371793,0.5397267085589701,36.11527642601908
64dd9786c062c9e622ceab77,iterative-00004,iterative_state_machine,3,matched_ar1,1,51.61881619500012,89.38743031410206,0.5774728730159789,37.76861411910193
64dd9786c062c9e622ceab77,iterative-00004,iterative_state_machine,3,matched_ar1,2,26.813309303471275,66.22510587320257,0.40488133540789184,39.411796569731294
64dd9786c062c9e622ceab77,iterative-00004,iterative_state_machine,3,matched_ar1,3,40.02604918339917,76.10528361417781,0.5259299654714463,36.07923443077864
64dd9786c062c9e622ceab77,iterative-00004,iterative_state_machine,3,randomized_boundary,0,146.61164453142854,160.42376935192448,0.9139022547824815,13.812124820495944
64dd9786c062c9e622ceab77,iterative-00004,iterative_state_machine,3,randomized_boundary,1,146.61164453142857,160.4237693519245,0.9139022547824815,13.812124820495939
64dd9786c062c9e622ceab77,iterative-00004,iterative_state_machine,3,randomized_boundary,2,146.61164453142857,160.4237693519245,0.9139022547824815,13.812124820495942
64dd9786c062c9e622ceab77,iterative-00004,iterative_state_machine,3,randomized_boundary,3,146.61164453142857,160.4237693519245,0.9139022547824815,13.812124820495939
eac79a0c8e88daf97b87bc9d,ontology-00004,fictional_ontology,0,observed,0,26.145905712396292,31.904617069375043,0.8195022574802665,5.7587113569787505
eac79a0c8e88daf97b87bc9d,ontology-00004,fictional_ontology,0,temporal_shuffle,0,1.5631686845147783,31.90461706937504,0.04899506178418453,30.34144838486026
eac79a0c8e88daf97b87bc9d,ontology-00004,fictional_ontology,0,temporal_shuffle,1,2.9200949747137694,31.90461706937504,0.09152578037104049,28.98452209466127
eac79a0c8e88daf97b87bc9d,ontology-00004,fictional_ontology,0,temporal_shuffle,2,1.3007825230522896,31.904617069375043,0.04077098058327423,30.60383454632275
eac79a0c8e88daf97b87bc9d,ontology-00004,fictional_ontology,0,temporal_shuffle,3,2.2715366899287046,31.904617069375046,0.07119774185000742,29.63308037944634
eac79a0c8e88daf97b87bc9d,ontology-00004,fictional_ontology,0,phase_randomized,0,26.145905712396285,31.904617069375035,0.8195022574802665,5.758711356978751
eac79a0c8e88daf97b87bc9d,ontology-00004,fictional_ontology,0,phase_randomized,1,26.145905712396278,31.90461706937503,0.8195022574802664,5.7587113569787505
eac79a0c8e88daf97b87bc9d,ontology-00004,fictional_ontology,0,phase_randomized,2,26.145905712396292,31.904617069375043,0.8195022574802665,5.7587113569787505
eac79a0c8e88daf97b87bc9d,ontology-00004,fictional_ontology,0,phase_randomized,3,26.1459057123963,31.90461706937505,0.8195022574802665,5.758711356978751
eac79a0c8e88daf97b87bc9d,ontology-00004,fictional_ontology,0,gaussian_random_walk,0,25.927912441378876,50.34723447103461,0.5149818597542934,24.41932202965573
eac79a0c8e88daf97b87bc9d,ontology-00004,fictional_ontology,0,gaussian_random_walk,1,56.110275082934805,88.5027051672074,0.6339950284788035,32.39243008427259
eac79a0c8e88daf97b87bc9d,ontology-00004,fictional_ontology,0,gaussian_random_walk,2,43.88901004033285,73.24110455985199,0.5992401439613344,29.35209451951914
eac79a0c8e88daf97b87bc9d,ontology-00004,fictional_ontology,0,gaussian_random_walk,3,35.89152614829497,60.326666627719845,0.5949529147662697,24.435140479424874
eac79a0c8e88daf97b87bc9d,ontology-00004,fictional_ontology,0,matched_linear_drift,0,2.195480846637219,22.162003245511308,0.09906509002438178,19.966522398874087
eac79a0c8e88daf97b87bc9d,ontology-00004,fictional_ontology,0,matched_linear_drift,1,2.30412497339663,20.921917281077967,0.11012972388914415,18.617792307681338
eac79a0c8e88daf97b87bc9d,ontology-00004,fictional_ontology,0,matched_linear_drift,2,3.3991334124574113,23.937268142344642,0.1420017268572264,20.53813472988723
eac79a0c8e88daf97b87bc9d,ontology-00004,fictional_ontology,0,matched_linear_drift,3,2.5761853704475777,22.40506990318458,0.11498225096282372,19.828884532737
eac79a0c8e88daf97b87bc9d,ontology-00004,fictional_ontology,0,polynomial_trend,0,11.814087321890662,18.63813695879504,0.6338663219402829,6.824049636904379
eac79a0c8e88daf97b87bc9d,ontology-00004,fictional_ontology,0,polynomial_trend,1,6.051011731362699,8.32162984679193,0.727142620227866,2.270618115429231
eac79a0c8e88daf97b87bc9d,ontology-00004,fictional_ontology,0,polynomial_trend,2,10.218853213808002,15.39373774879673,0.6638318373721009,5.174884534988728
eac79a0c8e88daf97b87bc9d,ontology-00004,fictional_ontology,0,polynomial_trend,3,10.67530080895689,15.44967379157252,0.690972570228638,4.774372982615629
eac79a0c8e88daf97b87bc9d,ontology-00004,fictional_ontology,0,matched_ar1,0,12.31691359106702,25.345085463222944,0.4859685168132304,13.028171872155923
eac79a0c8e88daf97b87bc9d,ontology-00004,fictional_ontology,0,matched_ar1,1,9.196672648916726,24.41871491084722,0.3766239412063164,15.222042261930495
eac79a0c8e88daf97b87bc9d,ontology-00004,fictional_ontology,0,matched_ar1,2,5.2907153596373355,18.565114288037197,0.28498156690834453,13.274398928399862
eac79a0c8e88daf97b87bc9d,ontology-00004,fictional_ontology,0,matched_ar1,3,9.220580597235497,25.62283009008487,0.35985800806615564,16.402249492849375
eac79a0c8e88daf97b87bc9d,ontology-00004,fictional_ontology,0,randomized_boundary,0,26.145905712396292,31.904617069375043,0.8195022574802665,5.758711356978752
eac79a0c8e88daf97b87bc9d,ontology-00004,fictional_ontology,0,randomized_boundary,1,26.145905712396292,31.904617069375043,0.8195022574802665,5.7587113569787505
eac79a0c8e88daf97b87bc9d,ontology-00004,fictional_ontology,0,randomized_boundary,2,26.145905712396292,31.904617069375043,0.8195022574802665,5.7587113569787505
eac79a0c8e88daf97b87bc9d,ontology-00004,fictional_ontology,0,randomized_boundary,3,26.145905712396296,31.904617069375046,0.8195022574802665,5.7587113569787505
f9ebec592d7259fd4398374e,ontology-00004,fictional_ontology,1,observed,0,57.08312442904682,64.4781090967212,0.8853101498900745,7.394984667674384
f9ebec592d7259fd4398374e,ontology-00004,fictional_ontology,1,temporal_shuffle,0,4.124444166376486,64.4781090967212,0.06396658066057058,60.353664930344706
f9ebec592d7259fd4398374e,ontology-00004,fictional_ontology,1,temporal_shuffle,1,5.489378424074111,64.4781090967212,0.08513553671122241,58.988730672647094
f9ebec592d7259fd4398374e,ontology-00004,fictional_ontology,1,temporal_shuffle,2,1.50971108876412,64.4781090967212,0.023414320145453693,62.96839800795708
f9ebec592d7259fd4398374e,ontology-00004,fictional_ontology,1,temporal_shuffle,3,4.156691743605926,64.4781090967212,0.06446671284002184,60.32141735311528
f9ebec592d7259fd4398374e,ontology-00004,fictional_ontology,1,phase_randomized,0,57.08312442904682,64.4781090967212,0.8853101498900745,7.394984667674386
f9ebec592d7259fd4398374e,ontology-00004,fictional_ontology,1,phase_randomized,1,57.08312442904682,64.4781090967212,0.8853101498900745,7.394984667674385
f9ebec592d7259fd4398374e,ontology-00004,fictional_ontology,1,phase_randomized,2,57.083124429046826,64.47810909672121,0.8853101498900744,7.394984667674385
f9ebec592d7259fd4398374e,ontology-00004,fictional_ontology,1,phase_randomized,3,57.083124429046805,64.4781090967212,0.8853101498900743,7.394984667674386
f9ebec592d7259fd4398374e,ontology-00004,fictional_ontology,1,gaussian_random_walk,0,48.45749236344236,77.94517979816703,0.6216868379663664,29.48768743472467
f9ebec592d7259fd4398374e,ontology-00004,fictional_ontology,1,gaussian_random_walk,1,79.26679827406122,117.0221852999093,0.6773655616745917,37.75538702584808
f9ebec592d7259fd4398374e,ontology-00004,fictional_ontology,1,gaussian_random_walk,2,68.80026468230913,110.2290293846553,0.624157402694926,41.42876470234617
f9ebec592d7259fd4398374e,ontology-00004,fictional_ontology,1,gaussian_random_walk,3,41.70282881416507,74.03042739340823,0.5633201142085849,32.32759857924316
f9ebec592d7259fd4398374e,ontology-00004,fictional_ontology,1,matched_linear_drift,0,4.463197156460072,40.12354088874154,0.11123637290228346,35.66034373228147
f9ebec592d7259fd4398374e,ontology-00004,fictional_ontology,1,matched_linear_drift,1,5.026778439496591,46.96202339945934,0.10703922181416194,41.93524495996275
f9ebec592d7259fd4398374e,ontology-00004,fictional_ontology,1,matched_linear_drift,2,3.9608415945569453,45.354016579726874,0.08733166085950216,41.39317498516993
f9ebec592d7259fd4398374e,ontology-00004,fictional_ontology,1,matched_linear_drift,3,3.170206657479156,44.771568064989424,0.07080847945458049,41.60136140751027
f9ebec592d7259fd4398374e,ontology-00004,fictional_ontology,1,polynomial_trend,0,11.574954559233387,16.16928605558836,0.7158605840381493,4.59433149635497
f9ebec592d7259fd4398374e,ontology-00004,fictional_ontology,1,polynomial_trend,1,10.491721989416746,14.707157187753557,0.7133752536590181,4.215435198336811
f9ebec592d7259fd4398374e,ontology-00004,fictional_ontology,1,polynomial_trend,2,18.79723192785516,28.796788878349073,0.6527544445064116,9.999556950493911
f9ebec592d7259fd4398374e,ontology-00004,fictional_ontology,1,polynomial_trend,3,20.542881109007084,30.34181389608041,0.6770485502075021,9.798932787073326
f9ebec592d7259fd4398374e,ontology-00004,fictional_ontology,1,matched_ar1,0,19.897248722030113,38.755225381207964,0.5134081540312264,18.85797665917785
f9ebec592d7259fd4398374e,ontology-00004,fictional_ontology,1,matched_ar1,1,21.3377468351932,40.7262266766427,0.5239313478415328,19.388479841449502
f9ebec592d7259fd4398374e,ontology-00004,fictional_ontology,1,matched_ar1,2,18.01733336222754,42.13454346885641,0.4276143012097659,24.11721010662887
f9ebec592d7259fd4398374e,ontology-00004,fictional_ontology,1,matched_ar1,3,16.441960593678814,38.57628719381859,0.42621936401161625,22.134326600139772
f9ebec592d7259fd4398374e,ontology-00004,fictional_ontology,1,randomized_boundary,0,57.08312442904681,64.4781090967212,0.8853101498900744,7.394984667674384
f9ebec592d7259fd4398374e,ontology-00004,fictional_ontology,1,randomized_boundary,1,57.0831244290468,64.47810909672118,0.8853101498900744,7.394984667674385
f9ebec592d7259fd4398374e,ontology-00004,fictional_ontology,1,randomized_boundary,2,57.083124429046805,64.4781090967212,0.8853101498900743,7.394984667674386
f9ebec592d7259fd4398374e,ontology-00004,fictional_ontology,1,randomized_boundary,3,57.083124429046805,64.4781090967212,0.8853101498900743,7.394984667674386
5e78b252123ee86ef41e0bf6,ontology-00004,fictional_ontology,2,observed,0,99.46310988554839,109.79503275004738,0.9058980847701916,10.331922864498988
5e78b252123ee86ef41e0bf6,ontology-00004,fictional_ontology,2,temporal_shuffle,0,3.7788030545743356,109.79503275004737,0.034416885353793066,106.01622969547303
5e78b252123ee86ef41e0bf6,ontology-00004,fictional_ontology,2,temporal_shuffle,1,3.4296991566319432,109.79503275004735,0.03123728888937796,106.36533359341541
5e78b252123ee86ef41e0bf6,ontology-00004,fictional_ontology,2,temporal_shuffle,2,7.8810887673459264,109.79503275004737,0.07178001199095708,101.91394398270144
5e78b252123ee86ef41e0bf6,ontology-00004,fictional_ontology,2,temporal_shuffle,3,1.8203582390387276,109.79503275004735,0.01657960468196083,107.97467451100863
5e78b252123ee86ef41e0bf6,ontology-00004,fictional_ontology,2,phase_randomized,0,99.46310988554836,109.79503275004735,0.9058980847701916,10.331922864498987
5e78b252123ee86ef41e0bf6,ontology-00004,fictional_ontology,2,phase_randomized,1,99.46310988554835,109.79503275004734,0.9058980847701916,10.331922864498985
5e78b252123ee86ef41e0bf6,ontology-00004,fictional_ontology,2,phase_randomized,2,99.4631098855484,109.7950327500474,0.9058980847701916,10.331922864498988
5e78b252123ee86ef41e0bf6,ontology-00004,fictional_ontology,2,phase_randomized,3,99.46310988554838,109.79503275004737,0.9058980847701916,10.331922864498987
5e78b252123ee86ef41e0bf6,ontology-00004,fictional_ontology,2,gaussian_random_walk,0,53.327417792998986,89.74669121994495,0.5941992631495222,36.41927342694596
5e78b252123ee86ef41e0bf6,ontology-00004,fictional_ontology,2,gaussian_random_walk,1,72.04970841339092,115.35554797011957,0.6245881509925633,43.30583955672866
5e78b252123ee86ef41e0bf6,ontology-00004,fictional_ontology,2,gaussian_random_walk,2,74.4236136214239,118.52692685104559,0.6279046930403677,44.10331322962169
5e78b252123ee86ef41e0bf6,ontology-00004,fictional_ontology,2,gaussian_random_walk,3,78.86492621565819,125.28515086068796,0.629483427795468,46.42022464502978
5e78b252123ee86ef41e0bf6,ontology-00004,fictional_ontology,2,matched_linear_drift,0,6.402672445890717,75.30102031819904,0.08502769841411159,68.89834787230832
5e78b252123ee86ef41e0bf6,ontology-00004,fictional_ontology,2,matched_linear_drift,1,8.162669135550146,73.27395744920534,0.1113993213920326,65.1112883136552
5e78b252123ee86ef41e0bf6,ontology-00004,fictional_ontology,2,matched_linear_drift,2,7.861709749149804,77.72987235773618,0.10114142106097715,69.86816260858637
5e78b252123ee86ef41e0bf6,ontology-00004,fictional_ontology,2,matched_linear_drift,3,8.344209841488267,68.53815999988838,0.12174546036108726,60.193950158400106
5e78b252123ee86ef41e0bf6,ontology-00004,fictional_ontology,2,polynomial_trend,0,27.08162789909055,37.197981119919405,0.7280402614266724,10.11635322082886
5e78b252123ee86ef41e0bf6,ontology-00004,fictional_ontology,2,polynomial_trend,1,30.86355900422585,44.69895656948665,0.6904760507383877,13.8353975652608
5e78b252123ee86ef41e0bf6,ontology-00004,fictional_ontology,2,polynomial_trend,2,35.004015356724736,53.383355263814124,0.6557102899160066,18.37933990708939
5e78b252123ee86ef41e0bf6,ontology-00004,fictional_ontology,2,polynomial_trend,3,30.98079115514279,42.827806257102424,0.7233802957162915,11.847015101959634
5e78b252123ee86ef41e0bf6,ontology-00004,fictional_ontology,2,matched_ar1,0,26.805748582655674,58.22591645778014,0.4603748676432193,31.420167875124463
5e78b252123ee86ef41e0bf6,ontology-00004,fictional_ontology,2,matched_ar1,1,36.404950371648745,64.40928613504877,0.5652127597768659,28.00433576340003
5e78b252123ee86ef41e0bf6,ontology-00004,fictional_ontology,2,matched_ar1,2,27.282157179845917,61.40107613486285,0.4443270199356557,34.11891895501693
5e78b252123ee86ef41e0bf6,ontology-00004,fictional_ontology,2,matched_ar1,3,28.135049397714948,55.69985695409456,0.5051188806625241,27.564807556379606
5e78b252123ee86ef41e0bf6,ontology-00004,fictional_ontology,2,randomized_boundary,0,99.46310988554835,109.79503275004734,0.9058980847701916,10.331922864498985
5e78b252123ee86ef41e0bf6,ontology-00004,fictional_ontology,2,randomized_boundary,1,99.46310988554836,109.79503275004735,0.9058980847701916,10.331922864498988
5e78b252123ee86ef41e0bf6,ontology-00004,fictional_ontology,2,randomized_boundary,2,99.46310988554838,109.79503275004737,0.9058980847701916,10.331922864498988
5e78b252123ee86ef41e0bf6,ontology-00004,fictional_ontology,2,randomized_boundary,3,99.46310988554836,109.79503275004735,0.9058980847701916,10.331922864498988
b4b7829426897733a1b625a7,ontology-00004,fictional_ontology,3,observed,0,154.03133845586083,166.29878335188084,0.926232503637368,12.267444896019999
b4b7829426897733a1b625a7,ontology-00004,fictional_ontology,3,temporal_shuffle,0,14.534274220624717,166.29878335188084,0.08739856015585416,151.76450913125612
b4b7829426897733a1b625a7,ontology-00004,fictional_ontology,3,temporal_shuffle,1,7.930902116059219,166.29878335188081,0.047690680329739894,158.36788123582159
b4b7829426897733a1b625a7,ontology-00004,fictional_ontology,3,temporal_shuffle,2,5.787516308462203,166.29878335188084,0.034801916116343895,160.51126704341863
b4b7829426897733a1b625a7,ontology-00004,fictional_ontology,3,temporal_shuffle,3,12.006295463503303,166.29878335188084,0.07219713350577264,154.29248788837754
b4b7829426897733a1b625a7,ontology-00004,fictional_ontology,3,phase_randomized,0,154.0313384558608,166.29878335188081,0.9262325036373679,12.267444896019999
b4b7829426897733a1b625a7,ontology-00004,fictional_ontology,3,phase_randomized,1,154.03133845586078,166.2987833518808,0.9262325036373679,12.267444896019999
b4b7829426897733a1b625a7,ontology-00004,fictional_ontology,3,phase_randomized,2,154.03133845586092,166.29878335188093,0.926232503637368,12.267444896019999
b4b7829426897733a1b625a7,ontology-00004,fictional_ontology,3,phase_randomized,3,154.0313384558609,166.2987833518809,0.926232503637368,12.267444896019999
b4b7829426897733a1b625a7,ontology-00004,fictional_ontology,3,gaussian_random_walk,0,95.15419989990251,150.25791738378092,0.6332724528376407,55.103717483878405
b4b7829426897733a1b625a7,ontology-00004,fictional_ontology,3,gaussian_random_walk,1,84.28283710931905,138.61998835652022,0.6080135924737629,54.337151247201184
b4b7829426897733a1b625a7,ontology-00004,fictional_ontology,3,gaussian_random_walk,2,112.65338453387216,163.88623585206406,0.6873877110434186,51.2328513181919
b4b7829426897733a1b625a7,ontology-00004,fictional_ontology,3,gaussian_random_walk,3,100.25186967900173,165.46803123226806,0.6058685108682886,65.21616155326632
b4b7829426897733a1b625a7,ontology-00004,fictional_ontology,3,matched_linear_drift,0,11.407792490500565,112.6915026618512,0.1012302810863341,101.28371017135063
b4b7829426897733a1b625a7,ontology-00004,fictional_ontology,3,matched_linear_drift,1,8.664211757050275,107.93261001023549,0.0802742725875769,99.26839825318523
b4b7829426897733a1b625a7,ontology-00004,fictional_ontology,3,matched_linear_drift,2,7.615166059985606,114.21315196895917,0.06667503635706731,106.59798590897356
b4b7829426897733a1b625a7,ontology-00004,fictional_ontology,3,matched_linear_drift,3,7.389927517802225,108.34197050590984,0.0682092773769434,100.95204298810762
b4b7829426897733a1b625a7,ontology-00004,fictional_ontology,3,polynomial_trend,0,56.52222571302061,83.92217965785392,0.6735075988666953,27.399953944833314
b4b7829426897733a1b625a7,ontology-00004,fictional_ontology,3,polynomial_trend,1,48.34239219424021,70.56532496243177,0.6850729054245437,22.222932768191562
b4b7829426897733a1b625a7,ontology-00004,fictional_ontology,3,polynomial_trend,2,33.713939463156535,50.238319893702744,0.6710801542426282,16.52438043054621
b4b7829426897733a1b625a7,ontology-00004,fictional_ontology,3,polynomial_trend,3,47.55313460947956,68.72876267659537,0.6918956890471291,21.17562806711581
b4b7829426897733a1b625a7,ontology-00004,fictional_ontology,3,matched_ar1,0,54.30156752735157,92.76875709120698,0.585343268897784,38.467189563855406
b4b7829426897733a1b625a7,ontology-00004,fictional_ontology,3,matched_ar1,1,52.355243501014755,86.86807769894068,0.6026983086060992,34.512834197925926
b4b7829426897733a1b625a7,ontology-00004,fictional_ontology,3,matched_ar1,2,38.824080694028,75.31589935739962,0.5154831984385462,36.49181866337162
b4b7829426897733a1b625a7,ontology-00004,fictional_ontology,3,matched_ar1,3,31.95388794230881,72.84418545311439,0.43866079006231307,40.890297510805574
b4b7829426897733a1b625a7,ontology-00004,fictional_ontology,3,randomized_boundary,0,154.0313384558608,166.29878335188081,0.9262325036373679,12.267444896019997
b4b7829426897733a1b625a7,ontology-00004,fictional_ontology,3,randomized_boundary,1,154.0313384558608,166.29878335188081,0.9262325036373679,12.267444896019999
b4b7829426897733a1b625a7,ontology-00004,fictional_ontology,3,randomized_boundary,2,154.0313384558608,166.29878335188081,0.9262325036373679,12.267444896019999
b4b7829426897733a1b625a7,ontology-00004,fictional_ontology,3,randomized_boundary,3,154.0313384558608,166.29878335188081,0.9262325036373679,12.267444896019999
dedc8db97691e3e695630f73,dependency-00004,dependency_graph,0,observed,0,26.907942771408724,33.06541693278193,0.8137790255634575,6.157474161373209
dedc8db97691e3e695630f73,dependency-00004,dependency_graph,0,temporal_shuffle,0,2.774256083941998,33.06541693278195,0.0839020445313522,30.29116084883995
dedc8db97691e3e695630f73,dependency-00004,dependency_graph,0,temporal_shuffle,1,2.4898279711899485,33.06541693278195,0.07530006278921182,30.575588961592004
dedc8db97691e3e695630f73,dependency-00004,dependency_graph,0,temporal_shuffle,2,1.2456073888371084,33.06541693278195,0.037671002043291324,31.819809543944842
dedc8db97691e3e695630f73,dependency-00004,dependency_graph,0,temporal_shuffle,3,1.2941730616392966,33.06541693278195,0.039139777498351104,31.77124387114265
dedc8db97691e3e695630f73,dependency-00004,dependency_graph,0,phase_randomized,0,26.907942771408717,33.06541693278192,0.8137790255634574,6.157474161373207
dedc8db97691e3e695630f73,dependency-00004,dependency_graph,0,phase_randomized,1,26.907942771408713,33.06541693278192,0.8137790255634573,6.157474161373207
dedc8db97691e3e695630f73,dependency-00004,dependency_graph,0,phase_randomized,2,26.907942771408713,33.06541693278192,0.8137790255634573,6.157474161373207
dedc8db97691e3e695630f73,dependency-00004,dependency_graph,0,phase_randomized,3,26.907942771408717,33.06541693278192,0.8137790255634574,6.157474161373207
dedc8db97691e3e695630f73,dependency-00004,dependency_graph,0,gaussian_random_walk,0,67.12315456966448,106.83821542798107,0.6282691478959769,39.71506085831659
dedc8db97691e3e695630f73,dependency-00004,dependency_graph,0,gaussian_random_walk,1,35.24947833899189,62.653959740219285,0.5626057552490858,27.404481401227393
dedc8db97691e3e695630f73,dependency-00004,dependency_graph,0,gaussian_random_walk,2,52.23945394261742,84.43317683059067,0.618707668046558,32.19372288797325
dedc8db97691e3e695630f73,dependency-00004,dependency_graph,0,gaussian_random_walk,3,36.721125420608516,65.4056488262706,0.5614366049352489,28.684523405662087
dedc8db97691e3e695630f73,dependency-00004,dependency_graph,0,matched_linear_drift,0,2.972957565337246,25.647453231008928,0.11591628761575462,22.67449566567168
dedc8db97691e3e695630f73,dependency-00004,dependency_graph,0,matched_linear_drift,1,3.58541475203825,26.244321124309263,0.13661678406751382,22.658906372271012
dedc8db97691e3e695630f73,dependency-00004,dependency_graph,0,matched_linear_drift,2,3.577019598455376,26.131721228877428,0.13688419400795201,22.554701630422052
dedc8db97691e3e695630f73,dependency-00004,dependency_graph,0,matched_linear_drift,3,3.7741932954262967,25.75633167116737,0.1465345820053744,21.982138375741073
dedc8db97691e3e695630f73,dependency-00004,dependency_graph,0,polynomial_trend,0,5.425076467527434,7.6082736483761995,0.7130495981417919,2.1831971808487656
dedc8db97691e3e695630f73,dependency-00004,dependency_graph,0,polynomial_trend,1,11.094529191117598,15.131867009101699,0.733189710459676,4.037337817984101
dedc8db97691e3e695630f73,dependency-00004,dependency_graph,0,polynomial_trend,2,7.489059143453436,10.852965749857058,0.6900472475509354,3.363906606403622
dedc8db97691e3e695630f73,dependency-00004,dependency_graph,0,polynomial_trend,3,8.800387931421778,13.380481804098373,0.6577033667596531,4.580093872676596
dedc8db97691e3e695630f73,dependency-00004,dependency_graph,0,matched_ar1,0,11.43734196962686,28.913363473229108,0.3955728630540234,17.476021503602247
dedc8db97691e3e695630f73,dependency-00004,dependency_graph,0,matched_ar1,1,12.070755454181313,29.28328559484785,0.41220632210427444,17.212530140666537
dedc8db97691e3e695630f73,dependency-00004,dependency_graph,0,matched_ar1,2,7.664288485839901,24.577195856994155,0.3118455225907639,16.912907371154255
dedc8db97691e3e695630f73,dependency-00004,dependency_graph,0,matched_ar1,3,10.9526815679266,26.488965183379722,0.41348091524537045,15.536283615453122
dedc8db97691e3e695630f73,dependency-00004,dependency_graph,0,randomized_boundary,0,26.90794277140872,33.06541693278193,0.8137790255634574,6.157474161373209
dedc8db97691e3e695630f73,dependency-00004,dependency_graph,0,randomized_boundary,1,26.907942771408727,33.065416932781936,0.8137790255634574,6.157474161373209
dedc8db97691e3e695630f73,dependency-00004,dependency_graph,0,randomized_boundary,2,26.907942771408727,33.065416932781936,0.8137790255634574,6.157474161373209
dedc8db97691e3e695630f73,dependency-00004,dependency_graph,0,randomized_boundary,3,26.90794277140872,33.06541693278193,0.8137790255634574,6.157474161373209
3ae2e5bb12d69c3ca6b80e70,dependency-00004,dependency_graph,1,observed,0,60.377034768564215,68.2343171204207,0.88484852368362,7.857282351856485
3ae2e5bb12d69c3ca6b80e70,dependency-00004,dependency_graph,1,temporal_shuffle,0,3.4244173724571043,68.23431712042074,0.05018614557853127,64.80989974796364
3ae2e5bb12d69c3ca6b80e70,dependency-00004,dependency_graph,1,temporal_shuffle,1,3.9902838528327154,68.23431712042074,0.05847913515116762,64.24403326758802
3ae2e5bb12d69c3ca6b80e70,dependency-00004,dependency_graph,1,temporal_shuffle,2,4.220140330656873,68.23431712042074,0.061847769696428835,64.01417678976387
3ae2e5bb12d69c3ca6b80e70,dependency-00004,dependency_graph,1,temporal_shuffle,3,4.652027995235711,68.23431712042074,0.0681772485100973,63.58228912518503
3ae2e5bb12d69c3ca6b80e70,dependency-00004,dependency_graph,1,phase_randomized,0,60.3770347685642,68.23431712042068,0.88484852368362,7.857282351856484
3ae2e5bb12d69c3ca6b80e70,dependency-00004,dependency_graph,1,phase_randomized,1,60.37703476856419,68.23431712042067,0.88484852368362,7.857282351856483
3ae2e5bb12d69c3ca6b80e70,dependency-00004,dependency_graph,1,phase_randomized,2,60.3770347685642,68.23431712042068,0.88484852368362,7.857282351856485
3ae2e5bb12d69c3ca6b80e70,dependency-00004,dependency_graph,1,phase_randomized,3,60.37703476856419,68.23431712042067,0.88484852368362,7.857282351856484
3ae2e5bb12d69c3ca6b80e70,dependency-00004,dependency_graph,1,gaussian_random_walk,0,81.82704502592816,129.08692997553086,0.6338910146940432,47.259884949602714
3ae2e5bb12d69c3ca6b80e70,dependency-00004,dependency_graph,1,gaussian_random_walk,1,45.414115163989436,81.77657327531719,0.5553438270284784,36.362458111327754
3ae2e5bb12d69c3ca6b80e70,dependency-00004,dependency_graph,1,gaussian_random_walk,2,69.04812963521022,105.99502170286132,0.6514280437507215,36.946892067651106
3ae2e5bb12d69c3ca6b80e70,dependency-00004,dependency_graph,1,gaussian_random_walk,3,38.03918996512714,70.52597450213625,0.5393642588231791,32.486784537009115
3ae2e5bb12d69c3ca6b80e70,dependency-00004,dependency_graph,1,matched_linear_drift,0,6.582609704567462,47.81690505112766,0.13766281396776064,41.2342953465602
3ae2e5bb12d69c3ca6b80e70,dependency-00004,dependency_graph,1,matched_linear_drift,1,7.598453627581846,50.57428526574726,0.15024342089374212,42.97583163816541
3ae2e5bb12d69c3ca6b80e70,dependency-00004,dependency_graph,1,matched_linear_drift,2,3.8346283296636896,43.85395755384053,0.08744087292363127,40.01932922417684
3ae2e5bb12d69c3ca6b80e70,dependency-00004,dependency_graph,1,matched_linear_drift,3,4.506531257843092,44.859186612673014,0.10045949554889984,40.35265535482992
3ae2e5bb12d69c3ca6b80e70,dependency-00004,dependency_graph,1,polynomial_trend,0,25.90354938954478,39.193773475343285,0.6609098102238266,13.290224085798506
3ae2e5bb12d69c3ca6b80e70,dependency-00004,dependency_graph,1,polynomial_trend,1,21.892325530601568,30.02154401124858,0.7292205065268753,8.129218480647014
3ae2e5bb12d69c3ca6b80e70,dependency-00004,dependency_graph,1,polynomial_trend,2,16.67469941758553,23.830935355729025,0.6997081385467685,7.156235938143496
3ae2e5bb12d69c3ca6b80e70,dependency-00004,dependency_graph,1,polynomial_trend,3,21.34310750104811,28.5127783932274,0.748545343659589,7.169670892179289
3ae2e5bb12d69c3ca6b80e70,dependency-00004,dependency_graph,1,matched_ar1,0,21.519844981735933,45.040408588025045,0.4777897371796366,23.520563606289116
3ae2e5bb12d69c3ca6b80e70,dependency-00004,dependency_graph,1,matched_ar1,1,17.60457017213627,38.39047626527872,0.4585660790058568,20.78590609314245
3ae2e5bb12d69c3ca6b80e70,dependency-00004,dependency_graph,1,matched_ar1,2,18.547508076325734,39.40280521407104,0.47071542179698106,20.8552971377453
3ae2e5bb12d69c3ca6b80e70,dependency-00004,dependency_graph,1,matched_ar1,3,18.036721674375173,41.01975174638186,0.4397082114463577,22.983030072006684
3ae2e5bb12d69c3ca6b80e70,dependency-00004,dependency_graph,1,randomized_boundary,0,60.377034768564215,68.2343171204207,0.88484852368362,7.857282351856486
3ae2e5bb12d69c3ca6b80e70,dependency-00004,dependency_graph,1,randomized_boundary,1,60.37703476856421,68.2343171204207,0.88484852368362,7.857282351856488
3ae2e5bb12d69c3ca6b80e70,dependency-00004,dependency_graph,1,randomized_boundary,2,60.377034768564215,68.2343171204207,0.88484852368362,7.857282351856486
3ae2e5bb12d69c3ca6b80e70,dependency-00004,dependency_graph,1,randomized_boundary,3,60.377034768564215,68.2343171204207,0.88484852368362,7.857282351856487
f15bbcc9708e6fcf059711f1,dependency-00004,dependency_graph,2,observed,0,102.25858105804969,111.97812586554046,0.9132013977518996,9.719544807490777
f15bbcc9708e6fcf059711f1,dependency-00004,dependency_graph,2,temporal_shuffle,0,7.239559068165846,111.97812586554053,0.06465154700712583,104.73856679737469
f15bbcc9708e6fcf059711f1,dependency-00004,dependency_graph,2,temporal_shuffle,1,6.757096111196303,111.97812586554053,0.060343000554501064,105.22102975434423
f15bbcc9708e6fcf059711f1,dependency-00004,dependency_graph,2,temporal_shuffle,2,7.6369748854979616,111.97812586554053,0.06820059566515854,104.34115098004257
f15bbcc9708e6fcf059711f1,dependency-00004,dependency_graph,2,temporal_shuffle,3,4.453615039562204,111.97812586554055,0.03977218769413904,107.52451082597834
f15bbcc9708e6fcf059711f1,dependency-00004,dependency_graph,2,phase_randomized,0,102.25858105804966,111.97812586554043,0.9132013977518995,9.719544807490777
f15bbcc9708e6fcf059711f1,dependency-00004,dependency_graph,2,phase_randomized,1,102.25858105804969,111.97812586554046,0.9132013977518996,9.719544807490777
f15bbcc9708e6fcf059711f1,dependency-00004,dependency_graph,2,phase_randomized,2,102.25858105804966,111.97812586554043,0.9132013977518995,9.719544807490777
f15bbcc9708e6fcf059711f1,dependency-00004,dependency_graph,2,phase_randomized,3,102.25858105804966,111.97812586554043,0.9132013977518995,9.719544807490777
f15bbcc9708e6fcf059711f1,dependency-00004,dependency_graph,2,gaussian_random_walk,0,62.75416722313699,120.65713582851643,0.5201032395823331,57.902968605379435
f15bbcc9708e6fcf059711f1,dependency-00004,dependency_graph,2,gaussian_random_walk,1,61.38254645971833,109.44670081651034,0.5608441917552859,48.06415435679201
f15bbcc9708e6fcf059711f1,dependency-00004,dependency_graph,2,gaussian_random_walk,2,57.288800250283174,94.74841870331176,0.6046412281525575,37.45961845302858
f15bbcc9708e6fcf059711f1,dependency-00004,dependency_graph,2,gaussian_random_walk,3,75.29816074128169,126.48299998925565,0.5953223812502711,51.184839247973954
f15bbcc9708e6fcf059711f1,dependency-00004,dependency_graph,2,matched_linear_drift,0,9.588844903194651,83.62475772455755,0.11466514420021759,74.0359128213629
f15bbcc9708e6fcf059711f1,dependency-00004,dependency_graph,2,matched_linear_drift,1,5.267863876345592,72.16728518859449,0.07299517866827196,66.8994213122489
f15bbcc9708e6fcf059711f1,dependency-00004,dependency_graph,2,matched_linear_drift,2,5.853246382222915,73.93689954044848,0.07916542915112086,68.08365315822556
f15bbcc9708e6fcf059711f1,dependency-00004,dependency_graph,2,matched_linear_drift,3,5.446897870879804,74.83520026800892,0.07278523811485385,69.38830239712911
f15bbcc9708e6fcf059711f1,dependency-00004,dependency_graph,2,polynomial_trend,0,28.65926456361666,41.503699257436566,0.6905231359221923,12.844434693819903
f15bbcc9708e6fcf059711f1,dependency-00004,dependency_graph,2,polynomial_trend,1,36.53568300798278,56.31061312309998,0.6488241022720274,19.774930115117193
f15bbcc9708e6fcf059711f1,dependency-00004,dependency_graph,2,polynomial_trend,2,25.420040379920486,37.948376706193656,0.6698584389189858,12.52833632627317
f15bbcc9708e6fcf059711f1,dependency-00004,dependency_graph,2,polynomial_trend,3,36.50156553485775,52.501729597941235,0.6952450102956055,16.00016406308349
f15bbcc9708e6fcf059711f1,dependency-00004,dependency_graph,2,matched_ar1,0,36.35355266148936,74.85731457271451,0.48563794826190876,38.503761911225155
f15bbcc9708e6fcf059711f1,dependency-00004,dependency_graph,2,matched_ar1,1,32.253842180243595,63.25663478377129,0.5098886826733064,31.002792603527695
f15bbcc9708e6fcf059711f1,dependency-00004,dependency_graph,2,matched_ar1,2,25.8412152833155,53.69206773186108,0.48128553015255215,27.85085244854558
f15bbcc9708e6fcf059711f1,dependency-00004,dependency_graph,2,matched_ar1,3,37.82280241052031,63.031056269184546,0.6000661364295051,25.208253858664236
f15bbcc9708e6fcf059711f1,dependency-00004,dependency_graph,2,randomized_boundary,0,102.25858105804969,111.97812586554046,0.9132013977518996,9.719544807490777
f15bbcc9708e6fcf059711f1,dependency-00004,dependency_graph,2,randomized_boundary,1,102.2585810580497,111.97812586554048,0.9132013977518996,9.719544807490779
f15bbcc9708e6fcf059711f1,dependency-00004,dependency_graph,2,randomized_boundary,2,102.25858105804969,111.97812586554046,0.9132013977518996,9.71954480749078
f15bbcc9708e6fcf059711f1,dependency-00004,dependency_graph,2,randomized_boundary,3,102.25858105804969,111.97812586554046,0.9132013977518996,9.719544807490777
ab481a17ef5e73c19008092f,dependency-00004,dependency_graph,3,observed,0,156.2665323918527,168.89290200751094,0.9252403773895914,12.626369615658234
ab481a17ef5e73c19008092f,dependency-00004,dependency_graph,3,temporal_shuffle,0,2.54608795619157,168.89290200751103,0.015075162578936206,166.34681405131946
ab481a17ef5e73c19008092f,dependency-00004,dependency_graph,3,temporal_shuffle,1,11.49672973954319,168.89290200751103,0.06807112438053735,157.39617226796784
ab481a17ef5e73c19008092f,dependency-00004,dependency_graph,3,temporal_shuffle,2,2.6570969148043773,168.89290200751103,0.01573243684738279,166.23580509270664
ab481a17ef5e73c19008092f,dependency-00004,dependency_graph,3,temporal_shuffle,3,22.151489561488354,168.892902007511,0.13115701902323423,146.74141244602265
ab481a17ef5e73c19008092f,dependency-00004,dependency_graph,3,phase_randomized,0,156.26653239185262,168.89290200751086,0.9252403773895914,12.626369615658234
ab481a17ef5e73c19008092f,dependency-00004,dependency_graph,3,phase_randomized,1,156.26653239185265,168.89290200751088,0.9252403773895914,12.626369615658232
ab481a17ef5e73c19008092f,dependency-00004,dependency_graph,3,phase_randomized,2,156.2665323918526,168.89290200751083,0.9252403773895914,12.626369615658232
ab481a17ef5e73c19008092f,dependency-00004,dependency_graph,3,phase_randomized,3,156.26653239185265,168.89290200751088,0.9252403773895914,12.626369615658232
ab481a17ef5e73c19008092f,dependency-00004,dependency_graph,3,gaussian_random_walk,0,92.19394228378376,155.35021960554496,0.5934587187445022,63.15627732176122
ab481a17ef5e73c19008092f,dependency-00004,dependency_graph,3,gaussian_random_walk,1,65.03686022331313,109.70693908011611,0.5928235786053461,44.67007885680298
ab481a17ef5e73c19008092f,dependency-00004,dependency_graph,3,gaussian_random_walk,2,64.21416798366701,120.44847826572325,0.5331256061367844,56.234310282056235
ab481a17ef5e73c19008092f,dependency-00004,dependency_graph,3,gaussian_random_walk,3,88.86596456453253,153.6653225054368,0.5783085156469729,64.79935794090427
ab481a17ef5e73c19008092f,dependency-00004,dependency_graph,3,matched_linear_drift,0,8.43586742135283,105.04946527080936,0.0803037635613453,96.61359784945654
ab481a17ef5e73c19008092f,dependency-00004,dependency_graph,3,matched_linear_drift,1,9.446869308911158,126.69810375559535,0.07456204180557009,117.2512344466842
ab481a17ef5e73c19008092f,dependency-00004,dependency_graph,3,matched_linear_drift,2,7.684243198781338,108.34898416833511,0.07092122974445986,100.66474096955376
ab481a17ef5e73c19008092f,dependency-00004,dependency_graph,3,matched_linear_drift,3,5.468459748765007,108.14171254081549,0.050567534213045384,102.67325279205049
ab481a17ef5e73c19008092f,dependency-00004,dependency_graph,3,polynomial_trend,0,67.07916263651003,100.11451557862719,0.6700243441104992,33.03535294211716
ab481a17ef5e73c19008092f,dependency-00004,dependency_graph,3,polynomial_trend,1,65.85187783900143,92.25771249267501,0.7137818189913377,26.40583465367358
ab481a17ef5e73c19008092f,dependency-00004,dependency_graph,3,polynomial_trend,2,49.28226301473883,74.86520792462204,0.6582799190828219,25.582944909883214
ab481a17ef5e73c19008092f,dependency-00004,dependency_graph,3,polynomial_trend,3,40.82094726135142,58.39526468573971,0.6990455044776946,17.57431742438829
ab481a17ef5e73c19008092f,dependency-00004,dependency_graph,3,matched_ar1,0,30.895943174430172,61.160325407991905,0.505163158768821,30.264382233561737
ab481a17ef5e73c19008092f,dependency-00004,dependency_graph,3,matched_ar1,1,53.160484941131315,92.12635347245381,0.5770388486832547,38.9658685313225
ab481a17ef5e73c19008092f,dependency-00004,dependency_graph,3,matched_ar1,2,54.43807720803399,88.48770953111983,0.6152049532809855,34.04963232308585
ab481a17ef5e73c19008092f,dependency-00004,dependency_graph,3,matched_ar1,3,43.87702348597425,79.69205988076129,0.5505821226308487,35.81503639478704
ab481a17ef5e73c19008092f,dependency-00004,dependency_graph,3,randomized_boundary,0,156.26653239185265,168.89290200751088,0.9252403773895914,12.626369615658236
ab481a17ef5e73c19008092f,dependency-00004,dependency_graph,3,randomized_boundary,1,156.26653239185268,168.8929020075109,0.9252403773895914,12.62636961565824
ab481a17ef5e73c19008092f,dependency-00004,dependency_graph,3,randomized_boundary,2,156.26653239185265,168.89290200751088,0.9252403773895914,12.62636961565824
ab481a17ef5e73c19008092f,dependency-00004,dependency_graph,3,randomized_boundary,3,156.2665323918527,168.89290200751094,0.9252403773895914,12.626369615658238
9b0b7ff5c8ed9bd942a5d687,iterative-00005,iterative_state_machine,0,observed,0,26.916620436657247,32.955602207842304,0.8167540155055037,6.038981771185054
9b0b7ff5c8ed9bd942a5d687,iterative-00005,iterative_state_machine,0,temporal_shuffle,0,0.8789988177433318,32.95560220784231,0.026672212275160912,32.07660339009898
9b0b7ff5c8ed9bd942a5d687,iterative-00005,iterative_state_machine,0,temporal_shuffle,1,0.5075406154712054,32.95560220784231,0.015400738614038376,32.448061592371104
9b0b7ff5c8ed9bd942a5d687,iterative-00005,iterative_state_machine,0,temporal_shuffle,2,2.12625509856155,32.95560220784231,0.06451877544679106,30.82934710928076
9b0b7ff5c8ed9bd942a5d687,iterative-00005,iterative_state_machine,0,temporal_shuffle,3,0.9227638936809557,32.95560220784231,0.028000213373778657,32.03283831416135
9b0b7ff5c8ed9bd942a5d687,iterative-00005,iterative_state_machine,0,phase_randomized,0,26.916620436657247,32.955602207842304,0.8167540155055037,6.038981771185055
9b0b7ff5c8ed9bd942a5d687,iterative-00005,iterative_state_machine,0,phase_randomized,1,26.916620436657247,32.955602207842304,0.8167540155055037,6.038981771185055
9b0b7ff5c8ed9bd942a5d687,iterative-00005,iterative_state_machine,0,phase_randomized,2,26.91662043665724,32.9556022078423,0.8167540155055037,6.038981771185055
9b0b7ff5c8ed9bd942a5d687,iterative-00005,iterative_state_machine,0,phase_randomized,3,26.91662043665724,32.9556022078423,0.8167540155055037,6.038981771185054
9b0b7ff5c8ed9bd942a5d687,iterative-00005,iterative_state_machine,0,gaussian_random_walk,0,71.8384600110706,118.49864913861062,0.6062386409742062,46.66018912754002
9b0b7ff5c8ed9bd942a5d687,iterative-00005,iterative_state_machine,0,gaussian_random_walk,1,42.971474024551924,73.76022185465487,0.5825833076970345,30.788747830102942
9b0b7ff5c8ed9bd942a5d687,iterative-00005,iterative_state_machine,0,gaussian_random_walk,2,55.71561371409415,85.03498742007943,0.6552081137950276,29.319373705985285
9b0b7ff5c8ed9bd942a5d687,iterative-00005,iterative_state_machine,0,gaussian_random_walk,3,38.343549900998,65.71912189645553,0.5834458646816765,27.37557199545754
9b0b7ff5c8ed9bd942a5d687,iterative-00005,iterative_state_machine,0,matched_linear_drift,0,2.6197417297381214,22.717122079257035,0.11532014137170143,20.097380349518914
9b0b7ff5c8ed9bd942a5d687,iterative-00005,iterative_state_machine,0,matched_linear_drift,1,2.523172344048855,22.394419095666024,0.11266969387641597,19.871246751617168
9b0b7ff5c8ed9bd942a5d687,iterative-00005,iterative_state_machine,0,matched_linear_drift,2,2.402308055551186,23.134879211321422,0.103839230523217,20.732571155770238
9b0b7ff5c8ed9bd942a5d687,iterative-00005,iterative_state_machine,0,matched_linear_drift,3,2.3953387874657706,24.670731830659275,0.09709232802283514,22.275393043193503
9b0b7ff5c8ed9bd942a5d687,iterative-00005,iterative_state_machine,0,polynomial_trend,0,9.43120188257469,13.954221068287893,0.6758673118636387,4.523019185713203
9b0b7ff5c8ed9bd942a5d687,iterative-00005,iterative_state_machine,0,polynomial_trend,1,11.192831072549192,15.801073608607423,0.7083588969835598,4.608242536058231
9b0b7ff5c8ed9bd942a5d687,iterative-00005,iterative_state_machine,0,polynomial_trend,2,8.592635485267172,12.386678168912095,0.6936997448462691,3.794042683644922
9b0b7ff5c8ed9bd942a5d687,iterative-00005,iterative_state_machine,0,polynomial_trend,3,9.820838650452625,14.054613910341903,0.6987626065790459,4.233775259889278
9b0b7ff5c8ed9bd942a5d687,iterative-00005,iterative_state_machine,0,matched_ar1,0,8.035905181555048,23.871474035192385,0.3366321312922763,15.835568853637337
9b0b7ff5c8ed9bd942a5d687,iterative-00005,iterative_state_machine,0,matched_ar1,1,7.2752282434104565,20.807889741928555,0.34963796586977497,13.5326614985181
9b0b7ff5c8ed9bd942a5d687,iterative-00005,iterative_state_machine,0,matched_ar1,2,12.32469907528666,27.51004178270216,0.44800728303641535,15.1853427074155
9b0b7ff5c8ed9bd942a5d687,iterative-00005,iterative_state_machine,0,matched_ar1,3,9.44619397540491,24.29616603386969,0.3887936048114172,14.84997205846478
9b0b7ff5c8ed9bd942a5d687,iterative-00005,iterative_state_machine,0,randomized_boundary,0,26.91662043665724,32.9556022078423,0.8167540155055037,6.038981771185055
9b0b7ff5c8ed9bd942a5d687,iterative-00005,iterative_state_machine,0,randomized_boundary,1,26.91662043665724,32.95560220784229,0.8167540155055039,6.038981771185053
9b0b7ff5c8ed9bd942a5d687,iterative-00005,iterative_state_machine,0,randomized_boundary,2,26.916620436657247,32.955602207842304,0.8167540155055037,6.038981771185054
9b0b7ff5c8ed9bd942a5d687,iterative-00005,iterative_state_machine,0,randomized_boundary,3,26.916620436657247,32.955602207842304,0.8167540155055037,6.038981771185053
bc807ebc10a216d533b4b389,iterative-00005,iterative_state_machine,1,observed,0,60.548214617852345,69.04685642649646,0.8769148626238863,8.498641808644122
bc807ebc10a216d533b4b389,iterative-00005,iterative_state_machine,1,temporal_shuffle,0,4.771768810077743,69.0468564264965,0.069109139170695,64.27508761641876
bc807ebc10a216d533b4b389,iterative-00005,iterative_state_machine,1,temporal_shuffle,1,2.5165624837397838,69.0468564264965,0.03644716955968558,66.53029394275671
bc807ebc10a216d533b4b389,iterative-00005,iterative_state_machine,1,temporal_shuffle,2,6.467223013525873,69.0468564264965,0.09366426435952988,62.57963341297063
bc807ebc10a216d533b4b389,iterative-00005,iterative_state_machine,1,temporal_shuffle,3,1.511336679121499,69.0468564264965,0.02188856607440753,67.535519747375
bc807ebc10a216d533b4b389,iterative-00005,iterative_state_machine,1,phase_randomized,0,60.54821461785235,69.04685642649648,0.8769148626238862,8.498641808644123
bc807ebc10a216d533b4b389,iterative-00005,iterative_state_machine,1,phase_randomized,1,60.548214617852366,69.04685642649649,0.8769148626238863,8.498641808644123
bc807ebc10a216d533b4b389,iterative-00005,iterative_state_machine,1,phase_randomized,2,60.54821461785235,69.04685642649648,0.8769148626238862,8.498641808644122
bc807ebc10a216d533b4b389,iterative-00005,iterative_state_machine,1,phase_randomized,3,60.54821461785235,69.04685642649648,0.8769148626238862,8.498641808644123
bc807ebc10a216d533b4b389,iterative-00005,iterative_state_machine,1,gaussian_random_walk,0,63.1707273606457,100.44101691142114,0.6289335702002691,37.27028955077545
bc807ebc10a216d533b4b389,iterative-00005,iterative_state_machine,1,gaussian_random_walk,1,70.65813267288326,104.25168643950512,0.6777648888575492,33.593553766621866
bc807ebc10a216d533b4b389,iterative-00005,iterative_state_machine,1,gaussian_random_walk,2,58.47960519381517,92.33994524178291,0.6333077742323993,33.86034004796774
bc807ebc10a216d533b4b389,iterative-00005,iterative_state_machine,1,gaussian_random_walk,3,72.95218181739412,113.42668955102532,0.6431659259928976,40.4745077336312
bc807ebc10a216d533b4b389,iterative-00005,iterative_state_machine,1,matched_linear_drift,0,4.409082404077214,48.95256562294476,0.09006846419527835,44.54348321886755
bc807ebc10a216d533b4b389,iterative-00005,iterative_state_machine,1,matched_linear_drift,1,4.16239145068924,48.60203348932974,0.08564233123297332,44.4396420386405
bc807ebc10a216d533b4b389,iterative-00005,iterative_state_machine,1,matched_linear_drift,2,4.729646155829089,46.32112469164341,0.10210559841355371,41.591478535814325
bc807ebc10a216d533b4b389,iterative-00005,iterative_state_machine,1,matched_linear_drift,3,5.270513387746307,50.94451182657637,0.10345596019622322,45.67399843883006
bc807ebc10a216d533b4b389,iterative-00005,iterative_state_machine,1,polynomial_trend,0,20.875966474641785,31.76408262932333,0.6572192472314604,10.888116154681544
bc807ebc10a216d533b4b389,iterative-00005,iterative_state_machine,1,polynomial_trend,1,21.867291811432494,31.226128172253105,0.7002882871294726,9.358836360820613
bc807ebc10a216d533b4b389,iterative-00005,iterative_state_machine,1,polynomial_trend,2,21.38794337548638,32.09390440902936,0.6664176194613782,10.705961033542987
bc807ebc10a216d533b4b389,iterative-00005,iterative_state_machine,1,polynomial_trend,3,21.24538376230624,32.27692732919129,0.6582220031549252,11.031543566885048
bc807ebc10a216d533b4b389,iterative-00005,iterative_state_machine,1,matched_ar1,0,18.779973043898252,43.2153408850905,0.43456727771358233,24.435367841192246
bc807ebc10a216d533b4b389,iterative-00005,iterative_state_machine,1,matched_ar1,1,19.802369323346362,47.07954124875243,0.42061517164573287,27.277171925406066
bc807ebc10a216d533b4b389,iterative-00005,iterative_state_machine,1,matched_ar1,2,20.42433378619173,41.91355216077045,0.4872966554552291,21.489218374578716
bc807ebc10a216d533b4b389,iterative-00005,iterative_state_machine,1,matched_ar1,3,17.274403133803094,38.03975330292566,0.45411448902520907,20.76535016912257
bc807ebc10a216d533b4b389,iterative-00005,iterative_state_machine,1,randomized_boundary,0,60.54821461785235,69.04685642649648,0.8769148626238862,8.498641808644122
bc807ebc10a216d533b4b389,iterative-00005,iterative_state_machine,1,randomized_boundary,1,60.54821461785235,69.04685642649648,0.8769148626238862,8.498641808644123
bc807ebc10a216d533b4b389,iterative-00005,iterative_state_machine,1,randomized_boundary,2,60.54821461785235,69.04685642649648,0.8769148626238862,8.498641808644123
bc807ebc10a216d533b4b389,iterative-00005,iterative_state_machine,1,randomized_boundary,3,60.54821461785235,69.04685642649648,0.8769148626238862,8.498641808644122
18acc013988c2749b1840d72,iterative-00005,iterative_state_machine,2,observed,0,105.4516800900679,116.0921355248494,0.9083447350961692,10.640455434781494
18acc013988c2749b1840d72,iterative-00005,iterative_state_machine,2,temporal_shuffle,0,9.725087642410003,116.09213552484941,0.08377042595041553,106.36704788243941
18acc013988c2749b1840d72,iterative-00005,iterative_state_machine,2,temporal_shuffle,1,1.4620116365441556,116.09213552484943,0.012593545892962002,114.63012388830526
18acc013988c2749b1840d72,iterative-00005,iterative_state_machine,2,temporal_shuffle,2,5.606115240928327,116.09213552484943,0.048290224101600256,110.48602028392109
18acc013988c2749b1840d72,iterative-00005,iterative_state_machine,2,temporal_shuffle,3,1.7301782251761464,116.09213552484941,0.0149034921043881,114.36195729967326
18acc013988c2749b1840d72,iterative-00005,iterative_state_machine,2,phase_randomized,0,105.45168009006788,116.09213552484937,0.9083447350961693,10.640455434781494
18acc013988c2749b1840d72,iterative-00005,iterative_state_machine,2,phase_randomized,1,105.4516800900679,116.0921355248494,0.9083447350961692,10.640455434781494
18acc013988c2749b1840d72,iterative-00005,iterative_state_machine,2,phase_randomized,2,105.4516800900679,116.0921355248494,0.9083447350961692,10.640455434781495
18acc013988c2749b1840d72,iterative-00005,iterative_state_machine,2,phase_randomized,3,105.45168009006787,116.09213552484937,0.9083447350961692,10.640455434781495
18acc013988c2749b1840d72,iterative-00005,iterative_state_machine,2,gaussian_random_walk,0,87.80015728333984,134.09822491577557,0.6547451119392921,46.29806763243572
18acc013988c2749b1840d72,iterative-00005,iterative_state_machine,2,gaussian_random_walk,1,62.00085303368047,105.00374046316497,0.5904632802621941,43.00288742948451
18acc013988c2749b1840d72,iterative-00005,iterative_state_machine,2,gaussian_random_walk,2,83.14607880539188,135.42925344155842,0.6139447474785925,52.283174636166535
18acc013988c2749b1840d72,iterative-00005,iterative_state_machine,2,gaussian_random_walk,3,53.765695245705444,93.44137166605525,0.5753949699909755,39.6756764203498
18acc013988c2749b1840d72,iterative-00005,iterative_state_machine,2,matched_linear_drift,0,7.064051293527782,77.05683258099018,0.09167326318666354,69.99278128746239
18acc013988c2749b1840d72,iterative-00005,iterative_state_machine,2,matched_linear_drift,1,6.323646924509257,77.17903753327789,0.08193477305003499,70.85539060876863
18acc013988c2749b1840d72,iterative-00005,iterative_state_machine,2,matched_linear_drift,2,8.37800996268103,73.94572722350134,0.1132994464623825,65.5677172608203
18acc013988c2749b1840d72,iterative-00005,iterative_state_machine,2,matched_linear_drift,3,5.507318897789799,74.13492012783432,0.07428778352081948,68.62760123004452
18acc013988c2749b1840d72,iterative-00005,iterative_state_machine,2,polynomial_trend,0,41.69975903498764,62.39506033336734,0.6683182741100362,20.695301298379693
18acc013988c2749b1840d72,iterative-00005,iterative_state_machine,2,polynomial_trend,1,25.422681772566317,38.46484604497019,0.6609328877293319,13.042164272403868
18acc013988c2749b1840d72,iterative-00005,iterative_state_machine,2,polynomial_trend,2,22.873590962610223,32.883723021307866,0.6955900628340861,10.010132058697643
18acc013988c2749b1840d72,iterative-00005,iterative_state_machine,2,polynomial_trend,3,49.38647062562085,74.82873743816828,0.6599933704137315,25.442266812547416
18acc013988c2749b1840d72,iterative-00005,iterative_state_machine,2,matched_ar1,0,30.295722937527362,64.83699389977947,0.46725983293359324,34.54127096225211
18acc013988c2749b1840d72,iterative-00005,iterative_state_machine,2,matched_ar1,1,23.401902614382223,53.329397347250364,0.43881805867789003,29.92749473286814
18acc013988c2749b1840d72,iterative-00005,iterative_state_machine,2,matched_ar1,2,42.43261251371146,84.60950874400419,0.5015111557035062,42.176896230292726
18acc013988c2749b1840d72,iterative-00005,iterative_state_machine,2,matched_ar1,3,35.748943013808656,66.19669823050123,0.5400411798384339,30.447755216692574
18acc013988c2749b1840d72,iterative-00005,iterative_state_machine,2,randomized_boundary,0,105.45168009006787,116.09213552484937,0.9083447350961692,10.640455434781494
18acc013988c2749b1840d72,iterative-00005,iterative_state_machine,2,randomized_boundary,1,105.4516800900679,116.09213552484938,0.9083447350961693,10.640455434781492
18acc013988c2749b1840d72,iterative-00005,iterative_state_machine,2,randomized_boundary,2,105.4516800900679,116.0921355248494,0.9083447350961692,10.640455434781494
18acc013988c2749b1840d72,iterative-00005,iterative_state_machine,2,randomized_boundary,3,105.45168009006788,116.09213552484938,0.9083447350961692,10.640455434781497
c944837f99aa49b688a8dc56,iterative-00005,iterative_state_machine,3,observed,0,160.784996676994,174.22557292702976,0.9228553189739545,13.440576250035743
c944837f99aa49b688a8dc56,iterative-00005,iterative_state_machine,3,temporal_shuffle,0,4.599442457877165,174.22557292702982,0.026399353324574982,169.62613046915266
c944837f99aa49b688a8dc56,iterative-00005,iterative_state_machine,3,temporal_shuffle,1,2.9625362292951483,174.22557292702982,0.01700402632933763,171.26303669773466
c944837f99aa49b688a8dc56,iterative-00005,iterative_state_machine,3,temporal_shuffle,2,3.3514458741946433,174.2255729270298,0.019236245390900887,170.87412705283515
c944837f99aa49b688a8dc56,iterative-00005,iterative_state_machine,3,temporal_shuffle,3,8.60020491466157,174.22557292702982,0.049362471709383085,165.62536801236826
c944837f99aa49b688a8dc56,iterative-00005,iterative_state_machine,3,phase_randomized,0,160.784996676994,174.22557292702976,0.9228553189739545,13.440576250035745
c944837f99aa49b688a8dc56,iterative-00005,iterative_state_machine,3,phase_randomized,1,160.784996676994,174.22557292702976,0.9228553189739545,13.440576250035743
c944837f99aa49b688a8dc56,iterative-00005,iterative_state_machine,3,phase_randomized,2,160.78499667699404,174.2255729270298,0.9228553189739545,13.440576250035747
c944837f99aa49b688a8dc56,iterative-00005,iterative_state_machine,3,phase_randomized,3,160.78499667699404,174.2255729270298,0.9228553189739545,13.440576250035749
c944837f99aa49b688a8dc56,iterative-00005,iterative_state_machine,3,gaussian_random_walk,0,115.83186320967562,183.4806943803997,0.6313027297004242,67.6488311707241
c944837f99aa49b688a8dc56,iterative-00005,iterative_state_machine,3,gaussian_random_walk,1,70.96421739327,130.81618862009657,0.5424727485323492,59.85197122682655
c944837f99aa49b688a8dc56,iterative-00005,iterative_state_machine,3,gaussian_random_walk,2,84.7399839390126,130.40622700899365,0.6498154718728913,45.66624306998104
c944837f99aa49b688a8dc56,iterative-00005,iterative_state_machine,3,gaussian_random_walk,3,86.48424875925254,130.19922237933537,0.664245509141988,43.71497362008282
c944837f99aa49b688a8dc56,iterative-00005,iterative_state_machine,3,matched_linear_drift,0,6.103730481457271,119.45921556585084,0.05109468074560261,113.35548508439356
c944837f99aa49b688a8dc56,iterative-00005,iterative_state_machine,3,matched_linear_drift,1,11.054428495534067,122.5903868247379,0.09017369780664856,111.53595832920384
c944837f99aa49b688a8dc56,iterative-00005,iterative_state_machine,3,matched_linear_drift,2,8.908413002544503,117.98697888525598,0.07550335712221314,109.07856588271147
c944837f99aa49b688a8dc56,iterative-00005,iterative_state_machine,3,matched_linear_drift,3,10.026986575368628,123.71452479135294,0.08104938843906441,113.68753821598432
c944837f99aa49b688a8dc56,iterative-00005,iterative_state_machine,3,polynomial_trend,0,52.112326018250634,77.3631994649738,0.6736061380429915,25.25087344672317
c944837f99aa49b688a8dc56,iterative-00005,iterative_state_machine,3,polynomial_trend,1,54.935959536513614,82.41665790804387,0.6665637861439156,27.480698371530252
c944837f99aa49b688a8dc56,iterative-00005,iterative_state_machine,3,polynomial_trend,2,61.11165792182602,93.80244595139588,0.6514932238919577,32.69078802956986
c944837f99aa49b688a8dc56,iterative-00005,iterative_state_machine,3,polynomial_trend,3,44.112126609672416,64.38283340619918,0.6851535459982571,20.27070679652676
c944837f99aa49b688a8dc56,iterative-00005,iterative_state_machine,3,matched_ar1,0,42.56470626137792,82.29541293421772,0.5172184541488567,39.7307066728398
c944837f99aa49b688a8dc56,iterative-00005,iterative_state_machine,3,matched_ar1,1,38.451991820402235,77.74243200625219,0.4946075242064701,39.29044018584995
c944837f99aa49b688a8dc56,iterative-00005,iterative_state_machine,3,matched_ar1,2,45.227208503378094,84.35161183906608,0.5361747987657521,39.12440333568799
c944837f99aa49b688a8dc56,iterative-00005,iterative_state_machine,3,matched_ar1,3,55.316027494825505,90.18546553256547,0.6133585624709249,34.86943803773997
c944837f99aa49b688a8dc56,iterative-00005,iterative_state_machine,3,randomized_boundary,0,160.78499667699398,174.22557292702973,0.9228553189739545,13.44057625003575
c944837f99aa49b688a8dc56,iterative-00005,iterative_state_machine,3,randomized_boundary,1,160.784996676994,174.22557292702976,0.9228553189739545,13.440576250035747
c944837f99aa49b688a8dc56,iterative-00005,iterative_state_machine,3,randomized_boundary,2,160.78499667699398,174.22557292702973,0.9228553189739545,13.440576250035747
c944837f99aa49b688a8dc56,iterative-00005,iterative_state_machine,3,randomized_boundary,3,160.784996676994,174.22557292702976,0.9228553189739545,13.440576250035747
c6f49c270f94eb698dd1a354,ontology-00005,fictional_ontology,0,observed,0,27.08953683413841,33.574408458827506,0.8068507556092454,6.484871624689099
c6f49c270f94eb698dd1a354,ontology-00005,fictional_ontology,0,temporal_shuffle,0,1.2199240974724286,33.57440845882752,0.03633493942174523,32.35448436135509
c6f49c270f94eb698dd1a354,ontology-00005,fictional_ontology,0,temporal_shuffle,1,2.5625544314667374,33.57440845882753,0.07632463382368185,31.011854027360787
c6f49c270f94eb698dd1a354,ontology-00005,fictional_ontology,0,temporal_shuffle,2,1.6418749511007509,33.57440845882753,0.04890257271737761,31.932533507726774
c6f49c270f94eb698dd1a354,ontology-00005,fictional_ontology,0,temporal_shuffle,3,2.4523891730858844,33.57440845882753,0.07304340673919131,31.12201928574164
c6f49c270f94eb698dd1a354,ontology-00005,fictional_ontology,0,phase_randomized,0,27.089536834138407,33.574408458827506,0.8068507556092452,6.484871624689099
c6f49c270f94eb698dd1a354,ontology-00005,fictional_ontology,0,phase_randomized,1,27.089536834138414,33.57440845882751,0.8068507556092452,6.4848716246891
c6f49c270f94eb698dd1a354,ontology-00005,fictional_ontology,0,phase_randomized,2,27.089536834138414,33.57440845882751,0.8068507556092452,6.4848716246891
c6f49c270f94eb698dd1a354,ontology-00005,fictional_ontology,0,phase_randomized,3,27.089536834138414,33.57440845882751,0.8068507556092452,6.4848716246891
c6f49c270f94eb698dd1a354,ontology-00005,fictional_ontology,0,gaussian_random_walk,0,53.1126117356535,84.63001049535987,0.6275860232649455,31.517398759706367
c6f49c270f94eb698dd1a354,ontology-00005,fictional_ontology,0,gaussian_random_walk,1,46.73017867168434,77.71670065817443,0.6012887613078199,30.986521986490082
c6f49c270f94eb698dd1a354,ontology-00005,fictional_ontology,0,gaussian_random_walk,2,50.31396875622271,83.87921881304072,0.599838308799323,33.565250056818016
c6f49c270f94eb698dd1a354,ontology-00005,fictional_ontology,0,gaussian_random_walk,3,68.22101548452073,100.87558905772914,0.6762886454668351,32.65457357320841
c6f49c270f94eb698dd1a354,ontology-00005,fictional_ontology,0,matched_linear_drift,0,2.8114750237917576,24.19388204276563,0.11620603170760829,21.382407018973872
c6f49c270f94eb698dd1a354,ontology-00005,fictional_ontology,0,matched_linear_drift,1,2.09530396831157,22.725233563481762,0.09220164723317131,20.629929595170193
c6f49c270f94eb698dd1a354,ontology-00005,fictional_ontology,0,matched_linear_drift,2,2.8651683309172276,23.912467011161496,0.11981901865582786,21.047298680244268
c6f49c270f94eb698dd1a354,ontology-00005,fictional_ontology,0,matched_linear_drift,3,2.7768291515810866,25.35798295473553,0.10950512730203259,22.581153803154443
c6f49c270f94eb698dd1a354,ontology-00005,fictional_ontology,0,polynomial_trend,0,8.362573971989436,12.430256271982142,0.6727595786451096,4.067682299992707
c6f49c270f94eb698dd1a354,ontology-00005,fictional_ontology,0,polynomial_trend,1,10.045096573271454,14.838529850769406,0.6769603642877462,4.793433277497952
c6f49c270f94eb698dd1a354,ontology-00005,fictional_ontology,0,polynomial_trend,2,11.26502301699513,17.74494525094574,0.6348299675027032,6.47992223395061
c6f49c270f94eb698dd1a354,ontology-00005,fictional_ontology,0,polynomial_trend,3,12.18135503354214,18.467006356034446,0.6596280305909815,6.285651322492308
c6f49c270f94eb698dd1a354,ontology-00005,fictional_ontology,0,matched_ar1,0,12.732126969033896,30.141222611677303,0.4224157438159532,17.409095642643408
c6f49c270f94eb698dd1a354,ontology-00005,fictional_ontology,0,matched_ar1,1,8.775451220033835,25.80288799214258,0.34009569869489453,17.027436772108747
c6f49c270f94eb698dd1a354,ontology-00005,fictional_ontology,0,matched_ar1,2,8.730725059794814,25.4687786431984,0.3428010892122779,16.738053583403588
c6f49c270f94eb698dd1a354,ontology-00005,fictional_ontology,0,matched_ar1,3,10.084474547751192,26.69768410498821,0.37772843921945287,16.613209557237017
c6f49c270f94eb698dd1a354,ontology-00005,fictional_ontology,0,randomized_boundary,0,27.089536834138414,33.57440845882751,0.8068507556092452,6.484871624689099
c6f49c270f94eb698dd1a354,ontology-00005,fictional_ontology,0,randomized_boundary,1,27.089536834138407,33.574408458827506,0.8068507556092452,6.4848716246891
c6f49c270f94eb698dd1a354,ontology-00005,fictional_ontology,0,randomized_boundary,2,27.089536834138407,33.574408458827506,0.8068507556092452,6.484871624689099
c6f49c270f94eb698dd1a354,ontology-00005,fictional_ontology,0,randomized_boundary,3,27.08953683413841,33.574408458827506,0.8068507556092454,6.484871624689099
6b14c7c8e18416eee46ced35,ontology-00005,fictional_ontology,1,observed,0,61.29333313076913,70.36494909863073,0.871077630495463,9.071615967861609
6b14c7c8e18416eee46ced35,ontology-00005,fictional_ontology,1,temporal_shuffle,0,3.8229128436500908,70.36494909863079,0.05432978908705669,66.5420362549807
6b14c7c8e18416eee46ced35,ontology-00005,fictional_ontology,1,temporal_shuffle,1,2.524881043095226,70.36494909863079,0.035882652875312844,67.84006805553557
6b14c7c8e18416eee46ced35,ontology-00005,fictional_ontology,1,temporal_shuffle,2,3.0870281186824826,70.36494909863079,0.04387167415349629,67.2779209799483
6b14c7c8e18416eee46ced35,ontology-00005,fictional_ontology,1,temporal_shuffle,3,3.740992450565153,70.36494909863077,0.05316556749471092,66.62395664806562
6b14c7c8e18416eee46ced35,ontology-00005,fictional_ontology,1,phase_randomized,0,61.29333313076914,70.36494909863075,0.871077630495463,9.07161596786161
6b14c7c8e18416eee46ced35,ontology-00005,fictional_ontology,1,phase_randomized,1,61.29333313076914,70.36494909863076,0.8710776304954629,9.071615967861613
6b14c7c8e18416eee46ced35,ontology-00005,fictional_ontology,1,phase_randomized,2,61.29333313076914,70.36494909863075,0.871077630495463,9.07161596786161
6b14c7c8e18416eee46ced35,ontology-00005,fictional_ontology,1,phase_randomized,3,61.293333130769156,70.36494909863077,0.8710776304954629,9.07161596786161
6b14c7c8e18416eee46ced35,ontology-00005,fictional_ontology,1,gaussian_random_walk,0,56.85999242183196,92.71357618102618,0.6132865839498094,35.85358375919423
6b14c7c8e18416eee46ced35,ontology-00005,fictional_ontology,1,gaussian_random_walk,1,38.64917814544886,71.64966187203535,0.5394188491004381,33.000483726586495
6b14c7c8e18416eee46ced35,ontology-00005,fictional_ontology,1,gaussian_random_walk,2,68.73066024259796,108.28020284800795,0.6347481666530921,39.54954260540998
6b14c7c8e18416eee46ced35,ontology-00005,fictional_ontology,1,gaussian_random_walk,3,65.39588332022416,113.38833644784818,0.5767425942464756,47.99245312762402
6b14c7c8e18416eee46ced35,ontology-00005,fictional_ontology,1,matched_linear_drift,0,3.377372290476127,47.990785760028565,0.07037543222076463,44.61341346955244
6b14c7c8e18416eee46ced35,ontology-00005,fictional_ontology,1,matched_linear_drift,1,4.346530494872217,45.55051296996035,0.09542220737972078,41.20398247508813
6b14c7c8e18416eee46ced35,ontology-00005,fictional_ontology,1,matched_linear_drift,2,4.70317108469289,55.173609156195276,0.08524312903617227,50.470438071502386
6b14c7c8e18416eee46ced35,ontology-00005,fictional_ontology,1,matched_linear_drift,3,3.4336642665961774,51.08224913895955,0.06721834540322504,47.64858487236337
6b14c7c8e18416eee46ced35,ontology-00005,fictional_ontology,1,polynomial_trend,0,23.670854375102863,36.2766513183211,0.6525093556016338,12.605796943218238
6b14c7c8e18416eee46ced35,ontology-00005,fictional_ontology,1,polynomial_trend,1,23.332634320304685,35.98023817635648,0.648484710021657,12.647603856051795
6b14c7c8e18416eee46ced35,ontology-00005,fictional_ontology,1,polynomial_trend,2,26.883438662640284,40.5457195016583,0.6630401184899621,13.662280839018013
6b14c7c8e18416eee46ced35,ontology-00005,fictional_ontology,1,polynomial_trend,3,24.988593867805292,38.355874830443014,0.6514932582888677,13.367280962637725
6b14c7c8e18416eee46ced35,ontology-00005,fictional_ontology,1,matched_ar1,0,20.42320158615448,43.12388167995273,0.47359376731730396,22.700680093798255
6b14c7c8e18416eee46ced35,ontology-00005,fictional_ontology,1,matched_ar1,1,25.54208125709679,45.200080209146904,0.5650892905258158,19.65799895205011
6b14c7c8e18416eee46ced35,ontology-00005,fictional_ontology,1,matched_ar1,2,23.129769078238517,50.17768343423259,0.4609572920709758,27.047914355994074
6b14c7c8e18416eee46ced35,ontology-00005,fictional_ontology,1,matched_ar1,3,22.014236823513677,44.580392999044676,0.49380984200801964,22.566156175530995
6b14c7c8e18416eee46ced35,ontology-00005,fictional_ontology,1,randomized_boundary,0,61.29333313076914,70.36494909863075,0.871077630495463,9.07161596786161
6b14c7c8e18416eee46ced35,ontology-00005,fictional_ontology,1,randomized_boundary,1,61.29333313076914,70.36494909863075,0.871077630495463,9.07161596786161
6b14c7c8e18416eee46ced35,ontology-00005,fictional_ontology,1,randomized_boundary,2,61.29333313076914,70.36494909863075,0.871077630495463,9.07161596786161
6b14c7c8e18416eee46ced35,ontology-00005,fictional_ontology,1,randomized_boundary,3,61.29333313076913,70.36494909863075,0.8710776304954629,9.07161596786161
1efe7cb539c42c0738798447,ontology-00005,fictional_ontology,2,observed,0,108.5401207044255,120.251456782264,0.9026096116320329,11.711336077838503
1efe7cb539c42c0738798447,ontology-00005,fictional_ontology,2,temporal_shuffle,0,1.4520557474241886,120.25145678226406,0.01207516138497503,118.79940103483987
1efe7cb539c42c0738798447,ontology-00005,fictional_ontology,2,temporal_shuffle,1,8.820450639201063,120.25145678226406,0.07335005225900927,111.431006143063
1efe7cb539c42c0738798447,ontology-00005,fictional_ontology,2,temporal_shuffle,2,6.081892297647915,120.25145678226406,0.05057645421011595,114.16956448461615
1efe7cb539c42c0738798447,ontology-00005,fictional_ontology,2,temporal_shuffle,3,10.43395018522913,120.25145678226406,0.08676776535124718,109.81750659703494
1efe7cb539c42c0738798447,ontology-00005,fictional_ontology,2,phase_randomized,0,108.54012070442549,120.251456782264,0.9026096116320328,11.711336077838506
1efe7cb539c42c0738798447,ontology-00005,fictional_ontology,2,phase_randomized,1,108.54012070442552,120.25145678226403,0.9026096116320329,11.711336077838508
1efe7cb539c42c0738798447,ontology-00005,fictional_ontology,2,phase_randomized,2,108.5401207044255,120.25145678226401,0.9026096116320328,11.711336077838506
1efe7cb539c42c0738798447,ontology-00005,fictional_ontology,2,phase_randomized,3,108.5401207044255,120.25145678226401,0.9026096116320328,11.711336077838506
1efe7cb539c42c0738798447,ontology-00005,fictional_ontology,2,gaussian_random_walk,0,93.39162395253572,162.6152624181641,0.5743103234208101,69.22363846562837
1efe7cb539c42c0738798447,ontology-00005,fictional_ontology,2,gaussian_random_walk,1,108.1850350138427,173.5616976835288,0.623323212769597,65.3766626696861
1efe7cb539c42c0738798447,ontology-00005,fictional_ontology,2,gaussian_random_walk,2,82.65340804732392,135.92888220121654,0.6080636190693561,53.27547415389262
1efe7cb539c42c0738798447,ontology-00005,fictional_ontology,2,gaussian_random_walk,3,70.94523088874487,132.61879141973006,0.5349560958085323,61.67356053098519
1efe7cb539c42c0738798447,ontology-00005,fictional_ontology,2,matched_linear_drift,0,7.315497095102858,84.79830929235185,0.08626937442681606,77.48281219724899
1efe7cb539c42c0738798447,ontology-00005,fictional_ontology,2,matched_linear_drift,1,3.992018940447127,78.32334231058313,0.05096844468941568,74.331323370136
1efe7cb539c42c0738798447,ontology-00005,fictional_ontology,2,matched_linear_drift,2,7.631696631250225,75.26690775002683,0.10139511319631044,67.63521111877661
1efe7cb539c42c0738798447,ontology-00005,fictional_ontology,2,matched_linear_drift,3,5.455268796600729,79.01840449177509,0.06903795174918471,73.56313569517435
1efe7cb539c42c0738798447,ontology-00005,fictional_ontology,2,polynomial_trend,0,48.185283695219084,65.24613919404831,0.7385154783168304,17.060855498829227
1efe7cb539c42c0738798447,ontology-00005,fictional_ontology,2,polynomial_trend,1,31.652463302604083,45.24576799170718,0.6995673785094214,13.593304689103103
1efe7cb539c42c0738798447,ontology-00005,fictional_ontology,2,polynomial_trend,2,42.4977365537779,60.57524128319832,0.7015694143931615,18.07750472942042
1efe7cb539c42c0738798447,ontology-00005,fictional_ontology,2,polynomial_trend,3,32.556951634781484,45.60192436973669,0.7139381086379681,13.04497273495521
1efe7cb539c42c0738798447,ontology-00005,fictional_ontology,2,matched_ar1,0,34.620764857946966,73.31030362682952,0.47224964493635974,38.68953876888256
1efe7cb539c42c0738798447,ontology-00005,fictional_ontology,2,matched_ar1,1,43.67667303608124,73.19436327174662,0.5967218114040299,29.517690235665377
1efe7cb539c42c0738798447,ontology-00005,fictional_ontology,2,matched_ar1,2,34.26341175856977,63.93069234462173,0.5359462020819524,29.667280586051962
1efe7cb539c42c0738798447,ontology-00005,fictional_ontology,2,matched_ar1,3,30.80790649457314,62.03032957822499,0.49665875877254545,31.22242308365185
1efe7cb539c42c0738798447,ontology-00005,fictional_ontology,2,randomized_boundary,0,108.5401207044255,120.251456782264,0.9026096116320329,11.711336077838503
1efe7cb539c42c0738798447,ontology-00005,fictional_ontology,2,randomized_boundary,1,108.5401207044255,120.25145678226401,0.9026096116320328,11.711336077838506
1efe7cb539c42c0738798447,ontology-00005,fictional_ontology,2,randomized_boundary,2,108.54012070442548,120.25145678226399,0.9026096116320328,11.711336077838506
1efe7cb539c42c0738798447,ontology-00005,fictional_ontology,2,randomized_boundary,3,108.54012070442549,120.251456782264,0.9026096116320328,11.711336077838505
d9c4a129372d88b5b1f8109b,ontology-00005,fictional_ontology,3,observed,0,162.15432860159387,177.418154714393,0.9139669435894495,15.263826112799146
d9c4a129372d88b5b1f8109b,ontology-00005,fictional_ontology,3,temporal_shuffle,0,11.108832939459116,177.41815471439313,0.06261384556356175,166.309321774934
d9c4a129372d88b5b1f8109b,ontology-00005,fictional_ontology,3,temporal_shuffle,1,11.009360935201919,177.41815471439315,0.062053181383408776,166.40879377919123
d9c4a129372d88b5b1f8109b,ontology-00005,fictional_ontology,3,temporal_shuffle,2,8.74553552613039,177.41815471439313,0.049293351856854274,168.67261918826273
d9c4a129372d88b5b1f8109b,ontology-00005,fictional_ontology,3,temporal_shuffle,3,5.292408314736122,177.41815471439313,0.029830139555085636,172.125746399657
d9c4a129372d88b5b1f8109b,ontology-00005,fictional_ontology,3,phase_randomized,0,162.15432860159387,177.418154714393,0.9139669435894495,15.26382611279915
d9c4a129372d88b5b1f8109b,ontology-00005,fictional_ontology,3,phase_randomized,1,162.1543286015939,177.41815471439304,0.9139669435894496,15.263826112799151
d9c4a129372d88b5b1f8109b,ontology-00005,fictional_ontology,3,phase_randomized,2,162.1543286015939,177.41815471439304,0.9139669435894496,15.263826112799151
d9c4a129372d88b5b1f8109b,ontology-00005,fictional_ontology,3,phase_randomized,3,162.15432860159393,177.4181547143931,0.9139669435894494,15.263826112799151
d9c4a129372d88b5b1f8109b,ontology-00005,fictional_ontology,3,gaussian_random_walk,0,135.65666221835943,194.39271676204115,0.6978484815581782,58.73605454368172
d9c4a129372d88b5b1f8109b,ontology-00005,fictional_ontology,3,gaussian_random_walk,1,105.08241176581654,190.76646190424196,0.5508432180210178,85.6840501384254
d9c4a129372d88b5b1f8109b,ontology-00005,fictional_ontology,3,gaussian_random_walk,2,87.79513636582399,152.7162680133357,0.5748905307072946,64.92113164751171
d9c4a129372d88b5b1f8109b,ontology-00005,fictional_ontology,3,gaussian_random_walk,3,92.70770517223585,167.51565281963417,0.5534271192678047,74.80794764739834
d9c4a129372d88b5b1f8109b,ontology-00005,fictional_ontology,3,matched_linear_drift,0,11.25987642475539,129.32266349782213,0.08706808319753646,118.06278707306674
d9c4a129372d88b5b1f8109b,ontology-00005,fictional_ontology,3,matched_linear_drift,1,11.333288881023137,126.62997088998794,0.08949926152055372,115.29668200896481
d9c4a129372d88b5b1f8109b,ontology-00005,fictional_ontology,3,matched_linear_drift,2,8.614875730187004,125.56267001695406,0.06861016677188995,116.94779428676705
d9c4a129372d88b5b1f8109b,ontology-00005,fictional_ontology,3,matched_linear_drift,3,7.707954213445696,108.65795084151267,0.07093778369415815,100.94999662806698
d9c4a129372d88b5b1f8109b,ontology-00005,fictional_ontology,3,polynomial_trend,0,33.55776046192497,49.653970911398275,0.6758323623664436,16.096210449473308
d9c4a129372d88b5b1f8109b,ontology-00005,fictional_ontology,3,polynomial_trend,1,35.33935125037098,50.55466045943621,0.6990325111317164,15.215309209065229
d9c4a129372d88b5b1f8109b,ontology-00005,fictional_ontology,3,polynomial_trend,2,47.29366209412217,65.03617020484778,0.7271901458089995,17.742508110725613
d9c4a129372d88b5b1f8109b,ontology-00005,fictional_ontology,3,polynomial_trend,3,66.3695190168869,103.21558669916857,0.6430183767721733,36.84606768228167
d9c4a129372d88b5b1f8109b,ontology-00005,fictional_ontology,3,matched_ar1,0,59.2483948268214,105.63619204373579,0.5608721185471284,46.38779721691439
d9c4a129372d88b5b1f8109b,ontology-00005,fictional_ontology,3,matched_ar1,1,98.25036198043497,144.47703565806125,0.6800413749695658,46.22667367762628
d9c4a129372d88b5b1f8109b,ontology-00005,fictional_ontology,3,matched_ar1,2,55.51453757844807,92.1172022804026,0.6026511466280003,36.602664701954524
d9c4a129372d88b5b1f8109b,ontology-00005,fictional_ontology,3,matched_ar1,3,82.83395486711177,130.39759233551362,0.6352414441363274,47.56363746840186
d9c4a129372d88b5b1f8109b,ontology-00005,fictional_ontology,3,randomized_boundary,0,162.15432860159387,177.418154714393,0.9139669435894495,15.263826112799144
d9c4a129372d88b5b1f8109b,ontology-00005,fictional_ontology,3,randomized_boundary,1,162.15432860159387,177.418154714393,0.9139669435894495,15.263826112799148
d9c4a129372d88b5b1f8109b,ontology-00005,fictional_ontology,3,randomized_boundary,2,162.15432860159387,177.418154714393,0.9139669435894495,15.263826112799148
d9c4a129372d88b5b1f8109b,ontology-00005,fictional_ontology,3,randomized_boundary,3,162.15432860159387,177.418154714393,0.9139669435894495,15.263826112799148
e4ddff994071edc6ea7a6834,dependency-00005,dependency_graph,0,observed,0,18.17253255600145,21.91936110210674,0.8290630585147315,3.7468285461052897
e4ddff994071edc6ea7a6834,dependency-00005,dependency_graph,0,temporal_shuffle,0,3.089402741739408,21.919361102106745,0.14094401416848207,18.829958360367336
e4ddff994071edc6ea7a6834,dependency-00005,dependency_graph,0,temporal_shuffle,1,0.5465843317171424,21.91936110210674,0.024936143401762215,21.3727767703896
e4ddff994071edc6ea7a6834,dependency-00005,dependency_graph,0,temporal_shuffle,2,2.000994413600224,21.91936110210674,0.0912889022758926,19.918366688506516
e4ddff994071edc6ea7a6834,dependency-00005,dependency_graph,0,temporal_shuffle,3,1.0261166110704805,21.919361102106745,0.04681325364779254,20.893244491036263
e4ddff994071edc6ea7a6834,dependency-00005,dependency_graph,0,phase_randomized,0,18.172532556001443,21.919361102106734,0.8290630585147314,3.7468285461052897
e4ddff994071edc6ea7a6834,dependency-00005,dependency_graph,0,phase_randomized,1,18.172532556001443,21.91936110210673,0.8290630585147315,3.746828546105289
e4ddff994071edc6ea7a6834,dependency-00005,dependency_graph,0,phase_randomized,2,18.172532556001446,21.919361102106734,0.8290630585147316,3.746828546105289
e4ddff994071edc6ea7a6834,dependency-00005,dependency_graph,0,phase_randomized,3,18.172532556001443,21.919361102106734,0.8290630585147314,3.7468285461052897
e4ddff994071edc6ea7a6834,dependency-00005,dependency_graph,0,gaussian_random_walk,0,20.486123995270084,36.49481933359408,0.5613433459694448,16.008695338323996
e4ddff994071edc6ea7a6834,dependency-00005,dependency_graph,0,gaussian_random_walk,1,28.03260960671031,43.26026343462187,0.6479990499612948,15.22765382791156
e4ddff994071edc6ea7a6834,dependency-00005,dependency_graph,0,gaussian_random_walk,2,25.60041755128418,38.5055139809423,0.6648506903181375,12.90509642965812
e4ddff994071edc6ea7a6834,dependency-00005,dependency_graph,0,gaussian_random_walk,3,40.68497282404947,63.18242515416166,0.6439286356099874,22.497452330112196
e4ddff994071edc6ea7a6834,dependency-00005,dependency_graph,0,matched_linear_drift,0,2.193933919016234,16.750101650573036,0.13098033461433817,14.556167731556803
e4ddff994071edc6ea7a6834,dependency-00005,dependency_graph,0,matched_linear_drift,1,1.4433624780456826,15.341617552803353,0.0940815056220678,13.898255074757671
e4ddff994071edc6ea7a6834,dependency-00005,dependency_graph,0,matched_linear_drift,2,1.716895328652237,16.37681237758658,0.10483696638070983,14.659917048934343
e4ddff994071edc6ea7a6834,dependency-00005,dependency_graph,0,matched_linear_drift,3,2.218360428676468,16.426605515666395,0.13504679506431025,14.208245086989926
e4ddff994071edc6ea7a6834,dependency-00005,dependency_graph,0,polynomial_trend,0,6.239210341496479,9.336925363093012,0.6682296472197178,3.097715021596533
e4ddff994071edc6ea7a6834,dependency-00005,dependency_graph,0,polynomial_trend,1,6.978501289067687,10.48929128621394,0.6652976925371041,3.5107899971462526
e4ddff994071edc6ea7a6834,dependency-00005,dependency_graph,0,polynomial_trend,2,7.523671106872232,10.702207428026595,0.7030018019618537,3.178536321154363
e4ddff994071edc6ea7a6834,dependency-00005,dependency_graph,0,polynomial_trend,3,8.553415159300197,12.891748583676208,0.6634798300465388,4.33833342437601
e4ddff994071edc6ea7a6834,dependency-00005,dependency_graph,0,matched_ar1,0,8.507043015053984,17.088587938897383,0.4978201268280385,8.5815449238434
e4ddff994071edc6ea7a6834,dependency-00005,dependency_graph,0,matched_ar1,1,8.515186954996576,17.265694566465644,0.49318531161411994,8.750507611469068
e4ddff994071edc6ea7a6834,dependency-00005,dependency_graph,0,matched_ar1,2,7.386151854390851,15.546009072163768,0.4751156274323987,8.159857217772917
e4ddff994071edc6ea7a6834,dependency-00005,dependency_graph,0,matched_ar1,3,7.0481658814808075,14.935486885808846,0.47190733957108,7.887321004328039
e4ddff994071edc6ea7a6834,dependency-00005,dependency_graph,0,randomized_boundary,0,18.17253255600145,21.919361102106738,0.8290630585147316,3.7468285461052893
e4ddff994071edc6ea7a6834,dependency-00005,dependency_graph,0,randomized_boundary,1,18.172532556001446,21.919361102106734,0.8290630585147316,3.7468285461052897
e4ddff994071edc6ea7a6834,dependency-00005,dependency_graph,0,randomized_boundary,2,18.17253255600145,21.91936110210674,0.8290630585147315,3.7468285461052897
e4ddff994071edc6ea7a6834,dependency-00005,dependency_graph,0,randomized_boundary,3,18.17253255600145,21.91936110210674,0.8290630585147315,3.7468285461052897
633ffabbd2f176114ff9d48d,dependency-00005,dependency_graph,1,observed,0,38.71445628595296,43.75023110488993,0.8848971835859829,5.035774818936966
633ffabbd2f176114ff9d48d,dependency-00005,dependency_graph,1,temporal_shuffle,0,4.173874155006066,43.75023110488994,0.09540233387566162,39.57635694988387
633ffabbd2f176114ff9d48d,dependency-00005,dependency_graph,1,temporal_shuffle,1,2.1783866095870152,43.75023110488994,0.04979143091528808,41.571844495302926
633ffabbd2f176114ff9d48d,dependency-00005,dependency_graph,1,temporal_shuffle,2,3.6223395019889972,43.75023110488994,0.08279589411321145,40.127891602900945
633ffabbd2f176114ff9d48d,dependency-00005,dependency_graph,1,temporal_shuffle,3,3.674703431934875,43.75023110488994,0.08399277761813137,40.07552767295507
633ffabbd2f176114ff9d48d,dependency-00005,dependency_graph,1,phase_randomized,0,38.71445628595296,43.75023110488993,0.8848971835859829,5.035774818936964
633ffabbd2f176114ff9d48d,dependency-00005,dependency_graph,1,phase_randomized,1,38.714456285952956,43.75023110488992,0.8848971835859829,5.0357748189369635
633ffabbd2f176114ff9d48d,dependency-00005,dependency_graph,1,phase_randomized,2,38.71445628595296,43.75023110488993,0.8848971835859829,5.0357748189369635
633ffabbd2f176114ff9d48d,dependency-00005,dependency_graph,1,phase_randomized,3,38.71445628595296,43.75023110488993,0.8848971835859829,5.035774818936964
633ffabbd2f176114ff9d48d,dependency-00005,dependency_graph,1,gaussian_random_walk,0,31.169987100334918,51.31716774191867,0.6073988193793783,20.147180641583745
633ffabbd2f176114ff9d48d,dependency-00005,dependency_graph,1,gaussian_random_walk,1,37.42354751585982,64.29703384300302,0.5820415854211657,26.873486327143194
633ffabbd2f176114ff9d48d,dependency-00005,dependency_graph,1,gaussian_random_walk,2,41.93152308929112,64.44734978745565,0.6506322327850458,22.51582669816453
633ffabbd2f176114ff9d48d,dependency-00005,dependency_graph,1,gaussian_random_walk,3,30.974996613832246,51.85293999412476,0.5973623986863984,20.877943380292514
633ffabbd2f176114ff9d48d,dependency-00005,dependency_graph,1,matched_linear_drift,0,2.8791766829367154,29.376906882362043,0.09800816316252066,26.497730199425327
633ffabbd2f176114ff9d48d,dependency-00005,dependency_graph,1,matched_linear_drift,1,2.876005795407808,29.05117636147768,0.0989979118099134,26.175170566069873
633ffabbd2f176114ff9d48d,dependency-00005,dependency_graph,1,matched_linear_drift,2,3.807249504200456,33.83035286017665,0.11253945591215378,30.023103355976197
633ffabbd2f176114ff9d48d,dependency-00005,dependency_graph,1,matched_linear_drift,3,3.2247470845484987,32.81609323070012,0.09826724533838424,29.591346146151622
633ffabbd2f176114ff9d48d,dependency-00005,dependency_graph,1,polynomial_trend,0,10.470706514814024,14.597046256689485,0.7173168003092094,4.126339741875461
633ffabbd2f176114ff9d48d,dependency-00005,dependency_graph,1,polynomial_trend,1,9.753205438981697,14.28061506323222,0.6829681631915785,4.527409624250524
633ffabbd2f176114ff9d48d,dependency-00005,dependency_graph,1,polynomial_trend,2,11.72972655160505,17.363656179136147,0.6755332189599145,5.633929627531096
633ffabbd2f176114ff9d48d,dependency-00005,dependency_graph,1,polynomial_trend,3,12.949010425079123,19.10889481949331,0.6776430844064103,6.159884394414188
633ffabbd2f176114ff9d48d,dependency-00005,dependency_graph,1,matched_ar1,0,9.98627946952988,22.224895238354065,0.44932852832063314,12.238615768824186
633ffabbd2f176114ff9d48d,dependency-00005,dependency_graph,1,matched_ar1,1,19.413233534840817,31.04808645896059,0.6252634461225577,11.634852924119771
633ffabbd2f176114ff9d48d,dependency-00005,dependency_graph,1,matched_ar1,2,17.107503744251005,28.38262660939498,0.6027456154670414,11.275122865143974
633ffabbd2f176114ff9d48d,dependency-00005,dependency_graph,1,matched_ar1,3,13.285342886257453,26.939573946976076,0.49315341483894226,13.65423106071862
633ffabbd2f176114ff9d48d,dependency-00005,dependency_graph,1,randomized_boundary,0,38.71445628595296,43.75023110488993,0.8848971835859829,5.035774818936965
633ffabbd2f176114ff9d48d,dependency-00005,dependency_graph,1,randomized_boundary,1,38.71445628595296,43.75023110488993,0.8848971835859829,5.035774818936964
633ffabbd2f176114ff9d48d,dependency-00005,dependency_graph,1,randomized_boundary,2,38.71445628595296,43.75023110488993,0.8848971835859829,5.035774818936964
633ffabbd2f176114ff9d48d,dependency-00005,dependency_graph,1,randomized_boundary,3,38.71445628595296,43.75023110488993,0.8848971835859829,5.035774818936965
ef4355cb9724a74d49dd9ff6,dependency-00005,dependency_graph,2,observed,0,68.37428442164665,74.53661744659233,0.9173247561259247,6.162333024945687
ef4355cb9724a74d49dd9ff6,dependency-00005,dependency_graph,2,temporal_shuffle,0,2.8037758060511533,74.53661744659236,0.03761608591991902,71.73284164054121
ef4355cb9724a74d49dd9ff6,dependency-00005,dependency_graph,2,temporal_shuffle,1,0.954920853569858,74.53661744659236,0.012811432639186859,73.5816965930225
ef4355cb9724a74d49dd9ff6,dependency-00005,dependency_graph,2,temporal_shuffle,2,3.187971226372418,74.53661744659235,0.04277053796621093,71.34864622021993
ef4355cb9724a74d49dd9ff6,dependency-00005,dependency_graph,2,temporal_shuffle,3,11.900627797246937,74.53661744659235,0.1596614953150253,62.63598964934541
ef4355cb9724a74d49dd9ff6,dependency-00005,dependency_graph,2,phase_randomized,0,68.37428442164665,74.53661744659233,0.9173247561259247,6.162333024945685
ef4355cb9724a74d49dd9ff6,dependency-00005,dependency_graph,2,phase_randomized,1,68.37428442164665,74.53661744659233,0.9173247561259247,6.162333024945685
ef4355cb9724a74d49dd9ff6,dependency-00005,dependency_graph,2,phase_randomized,2,68.37428442164665,74.53661744659233,0.9173247561259247,6.162333024945686
ef4355cb9724a74d49dd9ff6,dependency-00005,dependency_graph,2,phase_randomized,3,68.37428442164664,74.53661744659232,0.9173247561259246,6.162333024945685
ef4355cb9724a74d49dd9ff6,dependency-00005,dependency_graph,2,gaussian_random_walk,0,36.01341978545837,61.70525898219001,0.5836361499730991,25.691839196731642
ef4355cb9724a74d49dd9ff6,dependency-00005,dependency_graph,2,gaussian_random_walk,1,21.139770690567843,43.97932076665042,0.4806752428654642,22.839550076082574
ef4355cb9724a74d49dd9ff6,dependency-00005,dependency_graph,2,gaussian_random_walk,2,33.4240457963093,58.04816515995631,0.5757984891375412,24.62411936364701
ef4355cb9724a74d49dd9ff6,dependency-00005,dependency_graph,2,gaussian_random_walk,3,44.72338821982079,77.86100599687947,0.5744003387473985,33.13761777705868
ef4355cb9724a74d49dd9ff6,dependency-00005,dependency_graph,2,matched_linear_drift,0,4.46165501390538,49.353720975043935,0.0904015933502045,44.892065961138556
ef4355cb9724a74d49dd9ff6,dependency-00005,dependency_graph,2,matched_linear_drift,1,3.1080910870511023,46.14162324869569,0.06735981242573559,43.03353216164459
ef4355cb9724a74d49dd9ff6,dependency-00005,dependency_graph,2,matched_linear_drift,2,4.979853522739594,47.00639578093075,0.10593991392039014,42.02654225819116
ef4355cb9724a74d49dd9ff6,dependency-00005,dependency_graph,2,matched_linear_drift,3,4.809145469403104,50.30618374956968,0.09559750135974568,45.49703828016658
ef4355cb9724a74d49dd9ff6,dependency-00005,dependency_graph,2,polynomial_trend,0,22.88114594638499,34.703899999605845,0.6593249158349599,11.822754053220853
ef4355cb9724a74d49dd9ff6,dependency-00005,dependency_graph,2,polynomial_trend,1,26.37367842688819,38.67509055466671,0.6819293257919942,12.301412127778523
ef4355cb9724a74d49dd9ff6,dependency-00005,dependency_graph,2,polynomial_trend,2,22.804740829056783,33.913448823127,0.6724394486680835,11.108707994070215
ef4355cb9724a74d49dd9ff6,dependency-00005,dependency_graph,2,polynomial_trend,3,31.38855940136161,49.07563136844765,0.639595630786777,17.68707196708604
ef4355cb9724a74d49dd9ff6,dependency-00005,dependency_graph,2,matched_ar1,0,23.85806759200871,40.467715006760486,0.5895580609881979,16.609647414751777
ef4355cb9724a74d49dd9ff6,dependency-00005,dependency_graph,2,matched_ar1,1,20.441101405917586,37.033184665591264,0.5519671502869716,16.592083259673682
ef4355cb9724a74d49dd9ff6,dependency-00005,dependency_graph,2,matched_ar1,2,29.793724039774304,47.003864881416284,0.6338568991069014,17.21014084164198
ef4355cb9724a74d49dd9ff6,dependency-00005,dependency_graph,2,matched_ar1,3,21.744329760594155,37.585530407168285,0.5785292777575674,15.84120064657413
ef4355cb9724a74d49dd9ff6,dependency-00005,dependency_graph,2,randomized_boundary,0,68.37428442164665,74.53661744659233,0.9173247561259247,6.162333024945685
ef4355cb9724a74d49dd9ff6,dependency-00005,dependency_graph,2,randomized_boundary,1,68.37428442164665,74.53661744659233,0.9173247561259247,6.162333024945685
ef4355cb9724a74d49dd9ff6,dependency-00005,dependency_graph,2,randomized_boundary,2,68.37428442164665,74.53661744659233,0.9173247561259247,6.162333024945686
ef4355cb9724a74d49dd9ff6,dependency-00005,dependency_graph,2,randomized_boundary,3,68.37428442164664,74.53661744659232,0.9173247561259246,6.162333024945685
0d7f90ed8b19fd02acb7cf40,dependency-00005,dependency_graph,3,observed,0,104.49465963439923,112.31459968378495,0.9303746790586238,7.819940049385725
0d7f90ed8b19fd02acb7cf40,dependency-00005,dependency_graph,3,temporal_shuffle,0,2.0052370518036384,112.31459968378499,0.017853752383476973,110.30936263198136
0d7f90ed8b19fd02acb7cf40,dependency-00005,dependency_graph,3,temporal_shuffle,1,9.407137613985599,112.31459968378499,0.08375703283874786,102.9074620697994
0d7f90ed8b19fd02acb7cf40,dependency-00005,dependency_graph,3,temporal_shuffle,2,9.058299300766706,112.31459968378499,0.08065112929458684,103.25630038301829
0d7f90ed8b19fd02acb7cf40,dependency-00005,dependency_graph,3,temporal_shuffle,3,16.760166844394412,112.31459968378499,0.14922518436233273,95.55443283939059
0d7f90ed8b19fd02acb7cf40,dependency-00005,dependency_graph,3,phase_randomized,0,104.4946596343992,112.31459968378492,0.9303746790586237,7.819940049385721
0d7f90ed8b19fd02acb7cf40,dependency-00005,dependency_graph,3,phase_randomized,1,104.49465963439923,112.31459968378495,0.9303746790586238,7.819940049385719
0d7f90ed8b19fd02acb7cf40,dependency-00005,dependency_graph,3,phase_randomized,2,104.49465963439923,112.31459968378495,0.9303746790586238,7.819940049385719
0d7f90ed8b19fd02acb7cf40,dependency-00005,dependency_graph,3,phase_randomized,3,104.49465963439923,112.31459968378495,0.9303746790586238,7.819940049385721
0d7f90ed8b19fd02acb7cf40,dependency-00005,dependency_graph,3,gaussian_random_walk,0,41.68213522578603,72.13315798948447,0.5778498597255706,30.45102276369845
0d7f90ed8b19fd02acb7cf40,dependency-00005,dependency_graph,3,gaussian_random_walk,1,95.0300280194412,132.68051598760763,0.7162319750724893,37.65048796816644
0d7f90ed8b19fd02acb7cf40,dependency-00005,dependency_graph,3,gaussian_random_walk,2,55.141142396977926,84.12455347830121,0.6554702535354419,28.983411081323275
0d7f90ed8b19fd02acb7cf40,dependency-00005,dependency_graph,3,gaussian_random_walk,3,45.557392122076436,78.1737475830218,0.58277098809538,32.61635546094536
0d7f90ed8b19fd02acb7cf40,dependency-00005,dependency_graph,3,matched_linear_drift,0,8.0204333802103,74.6399014032663,0.10745503717746498,66.619468023056
0d7f90ed8b19fd02acb7cf40,dependency-00005,dependency_graph,3,matched_linear_drift,1,10.66041086379975,73.16325689699927,0.1457071666288407,62.50284603319952
0d7f90ed8b19fd02acb7cf40,dependency-00005,dependency_graph,3,matched_linear_drift,2,5.814208960302588,75.56663472316978,0.07694148325649694,69.75242576286719
0d7f90ed8b19fd02acb7cf40,dependency-00005,dependency_graph,3,matched_linear_drift,3,10.625230956743827,72.92723703783514,0.14569633223909725,62.30200608109131
0d7f90ed8b19fd02acb7cf40,dependency-00005,dependency_graph,3,polynomial_trend,0,21.26200270392743,29.936197317923586,0.710243939072292,8.674194613996157
0d7f90ed8b19fd02acb7cf40,dependency-00005,dependency_graph,3,polynomial_trend,1,44.237691270808995,66.61730011728383,0.6640571021780504,22.37960884647483
0d7f90ed8b19fd02acb7cf40,dependency-00005,dependency_graph,3,polynomial_trend,2,40.46674885827612,63.22804171742286,0.6400126867621343,22.761292859146742
0d7f90ed8b19fd02acb7cf40,dependency-00005,dependency_graph,3,polynomial_trend,3,25.765760157015507,38.09039292114788,0.6764372373462783,12.324632764132371
0d7f90ed8b19fd02acb7cf40,dependency-00005,dependency_graph,3,matched_ar1,0,26.737646492272,50.62805192262894,0.5281192042137656,23.890405430356942
0d7f90ed8b19fd02acb7cf40,dependency-00005,dependency_graph,3,matched_ar1,1,29.867177576296385,54.08438439889634,0.5522329209853383,24.217206822599955
0d7f90ed8b19fd02acb7cf40,dependency-00005,dependency_graph,3,matched_ar1,2,20.751197967053635,45.010934295487864,0.461025710571261,24.25973632843423
0d7f90ed8b19fd02acb7cf40,dependency-00005,dependency_graph,3,matched_ar1,3,33.606904349789765,56.322454965232495,0.5966874911708856,22.715550615442726
0d7f90ed8b19fd02acb7cf40,dependency-00005,dependency_graph,3,randomized_boundary,0,104.49465963439926,112.31459968378498,0.9303746790586238,7.819940049385724
0d7f90ed8b19fd02acb7cf40,dependency-00005,dependency_graph,3,randomized_boundary,1,104.49465963439924,112.31459968378496,0.9303746790586238,7.819940049385719
0d7f90ed8b19fd02acb7cf40,dependency-00005,dependency_graph,3,randomized_boundary,2,104.49465963439926,112.31459968378498,0.9303746790586238,7.819940049385722
0d7f90ed8b19fd02acb7cf40,dependency-00005,dependency_graph,3,randomized_boundary,3,104.49465963439926,112.31459968378498,0.9303746790586238,7.819940049385722
